"age","workclass","education","maritial.status","occupation","relationship","race","sex","capital.gain","capital.loss","hours.per.week","native.country","income"
56,"State-gov","HS-grad","Widowed","Adm-clerical","Unmarried","Asian-Pac-Islander","Female",0,0,40,"United-States","small"
29,"Federal-gov","Some-college","Never-married","Adm-clerical","Other-relative","White","Male",0,0,40,"United-States","small"
34,"Private","Some-college","Divorced","Sales","Not-in-family","White","Female",0,0,40,"United-States","small"
33,"Private","7th-8th","Never-married","Other-service","Unmarried","Black","Female",0,0,14,"Trinadad&Tobago","small"
28,"Private","Some-college","Never-married","Adm-clerical","Own-child","White","Male",0,0,40,"United-States","small"
54,"Local-gov","HS-grad","Married-civ-spouse","Other-service","Wife","White","Female",0,0,35,"United-States","small"
20,"Private","11th","Never-married","Craft-repair","Not-in-family","Black","Male",0,0,25,"United-States","small"
27,"Private","HS-grad","Never-married","Exec-managerial","Own-child","White","Male",0,0,40,"United-States","small"
69,"Self-emp-not-inc","Prof-school","Married-civ-spouse","Prof-specialty","Husband","White","Male",99999,0,40,"United-States","large"
45,"Private","HS-grad","Married-civ-spouse","Other-service","Husband","White","Male",0,1902,40,"United-States","large"
28,"Private","Bachelors","Married-civ-spouse","Prof-specialty","Husband","White","Male",0,0,45,"United-States","small"
56,"Private","Some-college","Divorced","Transport-moving","Not-in-family","White","Male",0,0,40,"United-States","large"
44,"Private","HS-grad","Married-spouse-absent","Adm-clerical","Unmarried","Black","Female",0,0,40,"United-States","small"
21,"Private","Some-college","Never-married","Machine-op-inspct","Own-child","White","Male",0,0,40,"United-States","small"
64,"Local-gov","HS-grad","Divorced","Transport-moving","Unmarried","White","Male",0,0,20,"United-States","small"
32,"Private","HS-grad","Married-civ-spouse","Craft-repair","Husband","White","Male",0,0,50,"United-States","small"
33,"Private","HS-grad","Married-civ-spouse","Craft-repair","Husband","White","Male",0,0,40,"United-States","small"
44,"Private","Bachelors","Married-civ-spouse","Craft-repair","Husband","White","Male",7298,0,40,"United-States","large"
19,"Private","HS-grad","Never-married","Craft-repair","Own-child","White","Male",0,0,40,"United-States","small"
44,"Private","HS-grad","Never-married","Adm-clerical","Not-in-family","White","Female",0,0,43,"United-States","small"
25,"Private","HS-grad","Never-married","Adm-clerical","Not-in-family","White","Male",0,0,40,"United-States","small"
30,"Private","HS-grad","Married-civ-spouse","Craft-repair","Husband","Black","Male",0,0,40,"United-States","small"
44,"Federal-gov","Assoc-acdm","Divorced","Adm-clerical","Not-in-family","Black","Female",0,1741,40,"United-States","small"
34,"Private","HS-grad","Married-civ-spouse","Adm-clerical","Husband","White","Male",0,0,50,"United-States","large"
19,"Private","HS-grad","Never-married","Handlers-cleaners","Own-child","White","Male",0,0,40,"United-States","small"
23,"Private","HS-grad","Never-married","Handlers-cleaners","Not-in-family","White","Male",0,0,30,"United-States","small"
61,"Private","Bachelors","Married-civ-spouse","Sales","Husband","White","Male",0,0,40,"United-States","large"
48,"Self-emp-inc","Assoc-voc","Married-civ-spouse","Craft-repair","Husband","White","Male",0,0,70,"United-States","large"
35,"Self-emp-inc","Some-college","Married-civ-spouse","Sales","Wife","White","Female",0,0,40,"United-States","small"
33,"Private","9th","Separated","Adm-clerical","Not-in-family","White","Male",0,0,48,"United-States","small"
36,"Private","12th","Separated","Other-service","Unmarried","White","Female",0,0,40,"Mexico","small"
41,"Federal-gov","Bachelors","Married-civ-spouse","Tech-support","Husband","White","Male",0,0,24,"United-States","small"
37,"Self-emp-not-inc","Masters","Never-married","Exec-managerial","Not-in-family","White","Male",0,0,40,"United-States","small"
23,"Private","Assoc-voc","Never-married","Other-service","Own-child","White","Female",0,0,15,"United-States","small"
36,"Self-emp-not-inc","Prof-school","Never-married","Prof-specialty","Not-in-family","White","Male",0,0,55,"United-States","large"
23,"Private","HS-grad","Never-married","Adm-clerical","Not-in-family","White","Female",0,0,30,"United-States","small"
48,"Private","HS-grad","Married-civ-spouse","Handlers-cleaners","Wife","Black","Female",0,0,40,"United-States","small"
56,"Private","9th","Divorced","Craft-repair","Not-in-family","White","Female",0,0,40,"United-States","large"
33,"Private","Bachelors","Separated","Sales","Not-in-family","White","Female",0,0,50,"United-States","large"
31,"Private","Some-college","Married-civ-spouse","Sales","Husband","Asian-Pac-Islander","Male",0,0,50,"Taiwan","small"
41,"Self-emp-not-inc","Some-college","Married-civ-spouse","Exec-managerial","Husband","White","Male",0,0,40,"United-States","large"
20,"Private","Some-college","Never-married","Adm-clerical","Own-child","White","Female",0,0,40,"United-States","small"
38,"Private","HS-grad","Divorced","Exec-managerial","Not-in-family","White","Male",0,0,40,"United-States","small"
49,"Self-emp-not-inc","9th","Divorced","Other-service","Not-in-family","White","Female",0,0,20,"United-States","small"
28,"Private","Assoc-voc","Married-civ-spouse","Prof-specialty","Husband","White","Male",99999,0,50,"United-States","large"
50,"State-gov","Bachelors","Divorced","Exec-managerial","Not-in-family","White","Female",0,0,40,"United-States","small"
28,"Private","HS-grad","Never-married","Adm-clerical","Unmarried","Black","Female",0,0,40,"United-States","small"
46,"Private","11th","Divorced","Machine-op-inspct","Unmarried","Amer-Indian-Eskimo","Male",0,0,43,"Germany","small"
38,"Self-emp-inc","Prof-school","Married-civ-spouse","Prof-specialty","Husband","Asian-Pac-Islander","Male",0,0,40,"United-States","large"
55,"Private","HS-grad","Divorced","Craft-repair","Not-in-family","White","Male",0,0,40,"United-States","small"
29,"Private","HS-grad","Never-married","Adm-clerical","Own-child","White","Female",0,0,40,"United-States","small"
32,"State-gov","Bachelors","Married-civ-spouse","Protective-serv","Husband","White","Male",0,0,40,"United-States","large"
52,"Private","1st-4th","Married-civ-spouse","Farming-fishing","Husband","White","Male",0,0,56,"Mexico","large"
47,"Private","HS-grad","Divorced","Adm-clerical","Unmarried","White","Male",0,0,40,"Honduras","small"
51,"Private","HS-grad","Never-married","Handlers-cleaners","Own-child","White","Female",0,0,40,"United-States","small"
37,"Self-emp-not-inc","HS-grad","Never-married","Craft-repair","Not-in-family","White","Male",0,0,35,"United-States","small"
32,"Private","Some-college","Never-married","Adm-clerical","Not-in-family","White","Male",0,0,30,"United-States","small"
27,"Self-emp-not-inc","11th","Married-civ-spouse","Craft-repair","Husband","White","Male",0,0,40,"United-States","small"
17,"Private","HS-grad","Never-married","Other-service","Other-relative","White","Male",0,0,35,"Mexico","small"
58,"Self-emp-not-inc","HS-grad","Married-civ-spouse","Other-service","Husband","White","Male",7688,0,55,"United-States","large"
32,"Private","Assoc-voc","Married-civ-spouse","Transport-moving","Husband","White","Male",0,0,99,"United-States","large"
41,"Private","Assoc-acdm","Never-married","Adm-clerical","Not-in-family","Other","Female",0,0,50,"United-States","small"
40,"Private","Preschool","Married-civ-spouse","Other-service","Husband","White","Male",0,1672,40,"Mexico","small"
29,"Local-gov","Masters","Married-civ-spouse","Prof-specialty","Wife","White","Female",0,0,40,"United-States","large"
44,"Private","Some-college","Divorced","Adm-clerical","Not-in-family","White","Female",0,0,40,"United-States","small"
45,"Private","Some-college","Divorced","Exec-managerial","Not-in-family","White","Male",0,1876,50,"United-States","small"
24,"Private","Bachelors","Never-married","Adm-clerical","Not-in-family","White","Female",0,0,45,"United-States","small"
23,"Private","Bachelors","Never-married","Adm-clerical","Own-child","White","Female",2174,0,40,"United-States","small"
81,"Self-emp-inc","10th","Married-civ-spouse","Exec-managerial","Wife","White","Female",2936,0,28,"United-States","small"
39,"Private","Masters","Married-civ-spouse","Exec-managerial","Husband","White","Male",7688,0,65,"United-States","large"
31,"Private","HS-grad","Married-civ-spouse","Craft-repair","Husband","White","Male",0,0,55,"United-States","small"
35,"Private","Bachelors","Married-civ-spouse","Tech-support","Husband","White","Male",0,0,40,"United-States","large"
40,"Private","Some-college","Never-married","Exec-managerial","Own-child","White","Female",0,0,40,"United-States","small"
59,"Private","10th","Married-civ-spouse","Machine-op-inspct","Husband","White","Male",0,0,40,"United-States","small"
29,"Private","Bachelors","Married-civ-spouse","Sales","Husband","White","Male",0,0,50,"United-States","small"
28,"Private","Assoc-acdm","Married-civ-spouse","Prof-specialty","Husband","White","Male",0,0,40,"United-States","large"
49,"Private","Some-college","Separated","Exec-managerial","Unmarried","Black","Female",0,0,60,"United-States","small"
18,"Private","11th","Never-married","Craft-repair","Own-child","White","Male",0,0,25,"United-States","small"
35,"Private","12th","Married-civ-spouse","Machine-op-inspct","Husband","White","Male",0,0,40,"United-States","small"
34,"Local-gov","9th","Never-married","Other-service","Own-child","White","Male",0,0,40,"United-States","small"
37,"Private","11th","Separated","Other-service","Unmarried","Black","Female",0,0,40,"United-States","small"
49,"Private","Prof-school","Married-civ-spouse","Prof-specialty","Husband","White","Male",0,0,45,"United-States","small"
42,"Local-gov","Some-college","Married-civ-spouse","Craft-repair","Husband","White","Male",5178,0,40,"United-States","large"
38,"Self-emp-not-inc","HS-grad","Married-civ-spouse","Sales","Husband","White","Male",0,0,64,"United-States","small"
28,"Private","Bachelors","Never-married","Sales","Not-in-family","White","Male",8614,0,40,"United-States","large"
69,"Private","HS-grad","Married-civ-spouse","Craft-repair","Husband","White","Male",0,0,16,"United-States","small"
69,"Self-emp-inc","Masters","Married-civ-spouse","Exec-managerial","Husband","White","Male",6514,0,40,"United-States","large"
34,"Private","HS-grad","Separated","Handlers-cleaners","Not-in-family","White","Male",2463,0,40,"United-States","small"
18,"Private","11th","Never-married","Sales","Own-child","Black","Female",0,1602,20,"United-States","small"
39,"Local-gov","10th","Divorced","Handlers-cleaners","Own-child","Black","Male",0,0,40,"United-States","small"
18,"Private","Some-college","Never-married","Sales","Own-child","White","Male",0,0,15,"United-States","small"
46,"Private","HS-grad","Married-civ-spouse","Machine-op-inspct","Husband","White","Male",3411,0,35,"Guatemala","small"
28,"Private","10th","Married-civ-spouse","Craft-repair","Husband","White","Male",0,0,50,"United-States","small"
56,"Private","Assoc-voc","Married-civ-spouse","Tech-support","Husband","White","Male",0,0,40,"United-States","large"
51,"Federal-gov","Masters","Married-civ-spouse","Prof-specialty","Husband","White","Male",0,0,40,"United-States","large"
46,"Private","HS-grad","Married-civ-spouse","Craft-repair","Husband","White","Male",0,0,40,"United-States","large"
64,"Private","Assoc-acdm","Never-married","Prof-specialty","Other-relative","White","Female",0,0,30,"United-States","small"
27,"Local-gov","Bachelors","Never-married","Prof-specialty","Not-in-family","Amer-Indian-Eskimo","Female",3325,0,43,"United-States","small"
41,"Private","11th","Divorced","Other-service","Unmarried","Other","Female",0,0,40,"United-States","small"
22,"Private","11th","Never-married","Adm-clerical","Not-in-family","White","Male",0,0,40,"United-States","small"
17,"Private","10th","Never-married","Sales","Unmarried","White","Female",0,0,12,"United-States","small"
18,"Private","12th","Never-married","Sales","Own-child","Black","Female",0,0,15,"United-States","small"
25,"Private","Assoc-acdm","Never-married","Handlers-cleaners","Own-child","White","Male",0,0,26,"United-States","small"
35,"Private","Masters","Never-married","Prof-specialty","Not-in-family","White","Male",0,0,45,"United-States","large"
34,"Self-emp-not-inc","Bachelors","Married-civ-spouse","Craft-repair","Husband","Asian-Pac-Islander","Male",15024,0,70,"South","large"
26,"Local-gov","Some-college","Married-civ-spouse","Protective-serv","Husband","White","Male",0,0,55,"United-States","large"
18,"Private","Some-college","Never-married","Other-service","Own-child","White","Male",0,0,40,"United-States","small"
31,"Private","Some-college","Never-married","Sales","Not-in-family","White","Female",0,0,40,"United-States","small"
37,"Private","Masters","Divorced","Exec-managerial","Not-in-family","White","Male",0,0,65,"United-States","small"
37,"Private","HS-grad","Separated","Exec-managerial","Own-child","White","Male",0,0,40,"United-States","small"
27,"Self-emp-not-inc","HS-grad","Never-married","Protective-serv","Not-in-family","White","Male",0,0,30,"United-States","small"
36,"Private","Masters","Never-married","Exec-managerial","Not-in-family","White","Female",14084,0,40,"United-States","large"
51,"Private","HS-grad","Married-civ-spouse","Handlers-cleaners","Husband","White","Male",0,0,40,"United-States","large"
48,"Private","Assoc-acdm","Married-civ-spouse","Craft-repair","Husband","White","Male",0,0,45,"United-States","small"
67,"Private","Masters","Married-civ-spouse","Exec-managerial","Husband","White","Male",0,0,40,"United-States","large"
25,"Private","Bachelors","Never-married","Adm-clerical","Own-child","White","Male",0,0,40,"United-States","small"
26,"Private","Some-college","Never-married","Machine-op-inspct","Not-in-family","Asian-Pac-Islander","Male",0,0,45,"United-States","large"
43,"Private","HS-grad","Divorced","Craft-repair","Not-in-family","White","Male",0,0,35,"United-States","small"
26,"Private","Assoc-acdm","Never-married","Tech-support","Not-in-family","White","Male",0,0,45,"United-States","small"
29,"Private","Some-college","Married-civ-spouse","Prof-specialty","Husband","White","Male",0,0,40,"United-States","small"
44,"Private","Assoc-voc","Married-civ-spouse","Adm-clerical","Husband","White","Male",7298,0,51,"United-States","large"
49,"Private","Masters","Married-civ-spouse","Exec-managerial","Husband","White","Male",0,0,45,"United-States","large"
50,"Local-gov","Some-college","Married-civ-spouse","Adm-clerical","Husband","White","Male",0,1740,48,"United-States","small"
57,"Private","Masters","Married-civ-spouse","Tech-support","Husband","White","Male",0,0,40,"United-States","large"
38,"Local-gov","HS-grad","Never-married","Transport-moving","Not-in-family","White","Male",0,0,40,"United-States","small"
32,"Private","Bachelors","Never-married","Prof-specialty","Not-in-family","White","Female",0,0,40,"United-States","small"
51,"Local-gov","HS-grad","Divorced","Protective-serv","Unmarried","White","Male",0,0,52,"United-States","small"
25,"Local-gov","Bachelors","Married-civ-spouse","Prof-specialty","Husband","White","Male",0,1977,40,"United-States","large"
23,"Private","HS-grad","Never-married","Adm-clerical","Own-child","White","Female",0,0,40,"United-States","small"
50,"Local-gov","Masters","Divorced","Exec-managerial","Not-in-family","White","Female",4650,0,70,"United-States","small"
38,"Private","HS-grad","Divorced","Craft-repair","Own-child","White","Male",0,0,28,"United-States","small"
25,"Private","Some-college","Never-married","Adm-clerical","Own-child","White","Female",0,0,40,"United-States","small"
32,"Private","Bachelors","Married-civ-spouse","Exec-managerial","Husband","White","Male",0,0,40,"United-States","large"
41,"Private","HS-grad","Married-civ-spouse","Craft-repair","Husband","White","Male",0,0,45,"United-States","small"
34,"Private","Bachelors","Married-civ-spouse","Exec-managerial","Wife","White","Female",0,0,40,"United-States","large"
53,"Private","Bachelors","Married-civ-spouse","Exec-managerial","Husband","White","Male",0,0,40,"United-States","large"
51,"Self-emp-not-inc","HS-grad","Married-civ-spouse","Craft-repair","Husband","White","Male",7298,0,48,"United-States","large"
44,"Private","HS-grad","Married-civ-spouse","Transport-moving","Husband","Amer-Indian-Eskimo","Male",0,0,40,"United-States","small"
59,"Private","HS-grad","Separated","Sales","Unmarried","Black","Female",0,0,40,"United-States","small"
47,"Private","Prof-school","Married-civ-spouse","Sales","Husband","White","Male",0,0,45,"United-States","large"
36,"Private","HS-grad","Never-married","Handlers-cleaners","Own-child","White","Male",0,0,40,"United-States","small"
45,"Federal-gov","Bachelors","Never-married","Protective-serv","Not-in-family","Black","Female",0,0,40,"United-States","small"
41,"Private","Doctorate","Divorced","Sales","Unmarried","White","Female",0,0,50,"United-States","large"
23,"Private","Assoc-voc","Never-married","Craft-repair","Unmarried","White","Male",0,0,50,"United-States","small"
51,"Private","Bachelors","Never-married","Prof-specialty","Not-in-family","Black","Male",0,0,35,"United-States","small"
55,"Local-gov","Masters","Divorced","Prof-specialty","Unmarried","White","Female",0,0,45,"United-States","small"
49,"Private","Some-college","Married-civ-spouse","Adm-clerical","Husband","White","Male",0,0,40,"United-States","small"
24,"State-gov","7th-8th","Never-married","Tech-support","Unmarried","White","Female",0,0,20,"United-States","small"
34,"Private","HS-grad","Married-civ-spouse","Adm-clerical","Husband","White","Male",0,0,45,"United-States","large"
61,"Private","HS-grad","Divorced","Adm-clerical","Other-relative","Black","Female",0,0,35,"United-States","small"
23,"Private","Bachelors","Never-married","Exec-managerial","Own-child","White","Female",0,0,60,"United-States","small"
30,"Local-gov","HS-grad","Married-civ-spouse","Other-service","Husband","Black","Male",0,0,40,"United-States","small"
22,"Private","11th","Never-married","Sales","Unmarried","White","Female",0,0,25,"United-States","small"
40,"Self-emp-not-inc","Some-college","Married-civ-spouse","Craft-repair","Husband","White","Male",0,0,60,"United-States","small"
47,"Federal-gov","Assoc-acdm","Married-civ-spouse","Adm-clerical","Husband","White","Male",0,0,40,"United-States","large"
45,"Local-gov","11th","Married-civ-spouse","Other-service","Wife","White","Female",0,0,25,"United-States","small"
30,"Private","Bachelors","Married-civ-spouse","Sales","Husband","White","Male",0,0,40,"United-States","large"
42,"Private","Bachelors","Married-civ-spouse","Exec-managerial","Husband","White","Male",0,0,40,"United-States","small"
27,"Private","Bachelors","Never-married","Adm-clerical","Own-child","White","Male",0,0,38,"United-States","small"
47,"Private","HS-grad","Married-civ-spouse","Craft-repair","Husband","White","Male",0,0,56,"United-States","large"
39,"Private","HS-grad","Divorced","Adm-clerical","Own-child","White","Female",0,0,40,"United-States","small"
50,"Local-gov","Bachelors","Divorced","Exec-managerial","Not-in-family","White","Female",0,0,40,"United-States","large"
33,"Private","Some-college","Married-civ-spouse","Sales","Husband","White","Male",0,0,20,"United-States","small"
25,"Private","HS-grad","Never-married","Sales","Own-child","White","Female",0,0,40,"Columbia","small"
29,"Private","HS-grad","Married-civ-spouse","Adm-clerical","Husband","White","Male",0,0,30,"Mexico","small"
58,"Private","Assoc-voc","Married-civ-spouse","Exec-managerial","Husband","White","Male",3908,0,40,"United-States","small"
51,"Private","Some-college","Never-married","Exec-managerial","Not-in-family","White","Female",0,0,12,"United-States","small"
44,"Private","Assoc-voc","Married-civ-spouse","Tech-support","Husband","White","Male",0,0,40,"United-States","large"
35,"Private","11th","Separated","Other-service","Unmarried","White","Male",0,0,20,"United-States","small"
29,"Private","Some-college","Married-civ-spouse","Adm-clerical","Own-child","White","Female",0,0,6,"United-States","small"
61,"Self-emp-not-inc","9th","Married-civ-spouse","Sales","Husband","White","Male",0,0,58,"United-States","large"
59,"Local-gov","9th","Married-civ-spouse","Other-service","Husband","White","Male",0,0,40,"United-States","small"
32,"Private","Some-college","Never-married","Other-service","Own-child","White","Male",0,0,35,"United-States","small"
29,"Private","HS-grad","Never-married","Farming-fishing","Unmarried","White","Male",0,0,35,"United-States","small"
17,"Private","11th","Never-married","Handlers-cleaners","Own-child","White","Male",0,0,40,"United-States","small"
43,"State-gov","Some-college","Divorced","Adm-clerical","Not-in-family","Black","Male",0,0,50,"United-States","large"
50,"Self-emp-inc","Masters","Never-married","Prof-specialty","Not-in-family","Black","Male",0,0,50,"Trinadad&Tobago","small"
28,"Private","HS-grad","Never-married","Transport-moving","Not-in-family","White","Female",0,0,40,"United-States","small"
64,"Private","Doctorate","Married-civ-spouse","Prof-specialty","Husband","White","Male",0,0,60,"United-States","large"
52,"Private","HS-grad","Married-civ-spouse","Craft-repair","Husband","White","Male",0,0,45,"El-Salvador","large"
61,"Private","Some-college","Married-civ-spouse","Tech-support","Husband","White","Male",15024,0,18,"United-States","large"
46,"Private","Some-college","Married-civ-spouse","Sales","Husband","White","Male",0,0,40,"United-States","large"
20,"Private","Some-college","Never-married","Handlers-cleaners","Own-child","White","Male",0,0,40,"United-States","small"
19,"Private","Assoc-voc","Never-married","Other-service","Own-child","Asian-Pac-Islander","Male",0,0,16,"United-States","small"
55,"Private","Some-college","Never-married","Adm-clerical","Own-child","White","Female",0,0,36,"United-States","small"
43,"Private","Some-college","Married-civ-spouse","Transport-moving","Husband","White","Male",0,0,60,"United-States","small"
70,"Private","Some-college","Divorced","Farming-fishing","Not-in-family","Asian-Pac-Islander","Male",0,0,40,"Vietnam","small"
29,"Private","Assoc-voc","Married-civ-spouse","Machine-op-inspct","Husband","White","Male",0,1887,48,"United-States","large"
28,"Private","HS-grad","Married-civ-spouse","Machine-op-inspct","Husband","White","Male",2580,0,40,"United-States","small"
28,"Local-gov","Masters","Married-civ-spouse","Prof-specialty","Wife","White","Female",0,1902,55,"United-States","small"
38,"Private","Bachelors","Married-civ-spouse","Prof-specialty","Husband","White","Male",0,0,40,"United-States","large"
45,"Self-emp-not-inc","Prof-school","Married-civ-spouse","Prof-specialty","Husband","Asian-Pac-Islander","Male",0,0,50,"India","large"
25,"Private","HS-grad","Never-married","Handlers-cleaners","Other-relative","White","Male",0,0,45,"United-States","small"
34,"Self-emp-not-inc","HS-grad","Married-civ-spouse","Farming-fishing","Husband","White","Male",0,0,70,"United-States","small"
54,"Private","Some-college","Separated","Exec-managerial","Not-in-family","White","Female",0,0,40,"United-States","small"
54,"Private","HS-grad","Married-civ-spouse","Adm-clerical","Husband","Black","Male",0,0,20,"United-States","small"
42,"Self-emp-inc","Some-college","Married-civ-spouse","Exec-managerial","Husband","Asian-Pac-Islander","Male",0,0,60,"Taiwan","small"
30,"Private","Some-college","Married-civ-spouse","Handlers-cleaners","Husband","White","Male",0,0,40,"Poland","small"
33,"Private","7th-8th","Married-civ-spouse","Machine-op-inspct","Husband","White","Male",0,0,40,"Mexico","small"
33,"Private","Bachelors","Married-civ-spouse","Prof-specialty","Husband","White","Male",99999,0,40,"United-States","large"
27,"Private","HS-grad","Never-married","Machine-op-inspct","Not-in-family","White","Male",0,0,40,"United-States","small"
35,"Private","Assoc-acdm","Separated","Sales","Unmarried","White","Male",0,0,40,"United-States","small"
19,"Private","Some-college","Never-married","Sales","Own-child","White","Female",0,0,40,"United-States","small"
40,"Private","Bachelors","Married-civ-spouse","Sales","Husband","White","Male",0,0,45,"United-States","large"
38,"Self-emp-inc","HS-grad","Divorced","Sales","Unmarried","White","Male",0,0,55,"United-States","small"
67,"Private","HS-grad","Married-civ-spouse","Handlers-cleaners","Husband","White","Male",0,0,24,"United-States","small"
51,"State-gov","Doctorate","Married-civ-spouse","Prof-specialty","Husband","White","Male",0,0,40,"United-States","large"
49,"Local-gov","Bachelors","Never-married","Prof-specialty","Own-child","White","Female",0,0,50,"United-States","small"
37,"Private","HS-grad","Divorced","Transport-moving","Not-in-family","White","Male",0,0,40,"United-States","small"
27,"Private","HS-grad","Never-married","Other-service","Not-in-family","White","Male",0,0,40,"United-States","small"
63,"State-gov","HS-grad","Divorced","Adm-clerical","Not-in-family","White","Female",0,0,38,"United-States","small"
82,"Self-emp-inc","Some-college","Widowed","Sales","Not-in-family","White","Male",0,0,20,"United-States","small"
22,"State-gov","Some-college","Never-married","Adm-clerical","Not-in-family","White","Female",0,0,40,"United-States","small"
21,"Private","Some-college","Never-married","Transport-moving","Own-child","White","Male",0,0,30,"United-States","small"
22,"Local-gov","Bachelors","Never-married","Prof-specialty","Own-child","Black","Female",0,0,18,"United-States","small"
36,"Federal-gov","HS-grad","Never-married","Adm-clerical","Own-child","Black","Female",0,0,36,"United-States","small"
45,"Private","Some-college","Married-civ-spouse","Exec-managerial","Husband","White","Male",0,0,40,"United-States","large"
44,"Private","HS-grad","Divorced","Adm-clerical","Not-in-family","White","Female",0,1504,45,"United-States","small"
17,"Private","11th","Never-married","Sales","Own-child","White","Male",0,0,20,"United-States","small"
60,"Private","HS-grad","Married-civ-spouse","Sales","Husband","White","Male",0,0,40,"United-States","large"
57,"Self-emp-not-inc","Some-college","Married-civ-spouse","Exec-managerial","Husband","White","Male",0,0,55,"United-States","small"
26,"Private","Masters","Married-civ-spouse","Prof-specialty","Husband","White","Male",5013,0,40,"United-States","small"
51,"Private","Bachelors","Married-civ-spouse","Craft-repair","Husband","White","Male",0,0,40,"United-States","large"
55,"Private","10th","Widowed","Transport-moving","Not-in-family","Black","Female",0,0,35,"United-States","small"
35,"Private","Some-college","Divorced","Exec-managerial","Not-in-family","White","Female",0,0,40,"United-States","small"
40,"Private","HS-grad","Widowed","Machine-op-inspct","Own-child","White","Female",0,0,30,"United-States","small"
39,"Private","HS-grad","Married-civ-spouse","Farming-fishing","Husband","White","Male",0,0,30,"United-States","small"
30,"Private","Some-college","Married-civ-spouse","Sales","Wife","White","Female",0,0,40,"United-States","small"
60,"Private","Assoc-voc","Widowed","Craft-repair","Not-in-family","White","Female",0,0,30,"United-States","small"
23,"Private","Some-college","Never-married","Other-service","Unmarried","White","Female",0,0,25,"United-States","small"
27,"Private","HS-grad","Never-married","Other-service","Not-in-family","White","Male",0,0,48,"United-States","small"
54,"Private","Bachelors","Married-civ-spouse","Sales","Husband","White","Male",3103,0,40,"United-States","large"
27,"Private","HS-grad","Never-married","Adm-clerical","Not-in-family","White","Male",0,0,40,"United-States","small"
45,"Private","HS-grad","Married-civ-spouse","Machine-op-inspct","Husband","White","Male",0,0,40,"United-States","small"
48,"Private","10th","Married-civ-spouse","Craft-repair","Husband","White","Male",0,0,65,"United-States","large"
21,"Private","HS-grad","Married-civ-spouse","Adm-clerical","Husband","White","Male",0,0,40,"United-States","small"
39,"Local-gov","Assoc-voc","Married-civ-spouse","Adm-clerical","Wife","White","Female",0,0,37,"United-States","small"
46,"Private","Assoc-acdm","Never-married","Prof-specialty","Unmarried","White","Female",0,0,36,"United-States","small"
47,"Federal-gov","Bachelors","Married-civ-spouse","Craft-repair","Husband","White","Male",0,1740,40,"United-States","small"
46,"Self-emp-not-inc","HS-grad","Married-civ-spouse","Farming-fishing","Husband","White","Male",0,1672,50,"United-States","small"
39,"Private","HS-grad","Divorced","Adm-clerical","Unmarried","Black","Female",0,0,40,"United-States","small"
28,"Private","Some-college","Never-married","Exec-managerial","Not-in-family","White","Female",10520,0,40,"United-States","large"
38,"Private","Bachelors","Married-civ-spouse","Exec-managerial","Husband","White","Male",0,0,40,"United-States","large"
43,"Private","HS-grad","Separated","Other-service","Not-in-family","Black","Female",0,0,40,"United-States","small"
37,"Private","HS-grad","Divorced","Machine-op-inspct","Unmarried","Black","Female",0,0,40,"United-States","small"
27,"Private","HS-grad","Never-married","Sales","Own-child","Black","Male",0,0,60,"United-States","small"
34,"Private","Some-college","Married-civ-spouse","Handlers-cleaners","Husband","White","Male",0,0,50,"United-States","small"
64,"State-gov","Bachelors","Divorced","Tech-support","Not-in-family","White","Male",0,0,40,"United-States","small"
30,"State-gov","Assoc-voc","Married-civ-spouse","Protective-serv","Husband","White","Male",0,0,40,"United-States","small"
37,"Private","Assoc-voc","Divorced","Sales","Unmarried","White","Female",0,0,40,"United-States","small"
41,"Private","HS-grad","Never-married","Adm-clerical","Other-relative","White","Female",0,0,40,"United-States","small"
48,"Private","HS-grad","Divorced","Sales","Not-in-family","White","Female",0,0,52,"United-States","small"
30,"Self-emp-not-inc","12th","Married-civ-spouse","Transport-moving","Husband","White","Male",0,0,75,"United-States","small"
31,"Private","Bachelors","Never-married","Sales","Not-in-family","White","Male",4101,0,50,"United-States","small"
26,"Private","HS-grad","Never-married","Farming-fishing","Not-in-family","White","Male",0,0,40,"United-States","small"
40,"Private","Bachelors","Never-married","Sales","Own-child","White","Male",0,0,40,"United-States","small"
21,"Private","HS-grad","Never-married","Handlers-cleaners","Own-child","White","Male",0,0,36,"United-States","small"
44,"Local-gov","HS-grad","Divorced","Transport-moving","Own-child","White","Male",0,0,25,"United-States","small"
51,"Private","HS-grad","Divorced","Priv-house-serv","Own-child","White","Female",0,0,40,"United-States","small"
33,"Private","Assoc-voc","Divorced","Adm-clerical","Not-in-family","White","Male",0,0,40,"United-States","small"
47,"Private","Bachelors","Married-civ-spouse","Adm-clerical","Husband","White","Male",7298,0,40,"United-States","large"
48,"Private","Some-college","Married-civ-spouse","Tech-support","Husband","White","Male",0,0,40,"United-States","large"
18,"Private","11th","Never-married","Handlers-cleaners","Own-child","White","Male",0,0,18,"United-States","small"
28,"Private","Assoc-voc","Never-married","Adm-clerical","Own-child","White","Female",0,0,40,"United-States","small"
39,"Private","Bachelors","Married-civ-spouse","Craft-repair","Wife","White","Female",0,0,30,"United-States","large"
52,"Self-emp-not-inc","Prof-school","Married-civ-spouse","Prof-specialty","Husband","White","Male",99999,0,45,"United-States","large"
55,"Federal-gov","Some-college","Divorced","Adm-clerical","Unmarried","Black","Female",0,0,40,"United-States","small"
41,"Self-emp-not-inc","Bachelors","Married-civ-spouse","Exec-managerial","Husband","White","Male",0,0,60,"United-States","large"
33,"Private","HS-grad","Never-married","Tech-support","Not-in-family","White","Male",0,0,45,"United-States","small"
29,"Private","Masters","Never-married","Prof-specialty","Not-in-family","White","Male",0,0,40,"United-States","small"
59,"Private","HS-grad","Married-civ-spouse","Machine-op-inspct","Husband","White","Male",0,0,30,"Italy","small"
28,"Private","Some-college","Separated","Other-service","Not-in-family","White","Female",0,0,60,"United-States","small"
52,"Self-emp-not-inc","HS-grad","Married-civ-spouse","Farming-fishing","Husband","White","Male",0,0,98,"United-States","large"
29,"Private","HS-grad","Married-civ-spouse","Prof-specialty","Wife","Asian-Pac-Islander","Female",0,0,10,"China","large"
28,"Private","Some-college","Never-married","Exec-managerial","Not-in-family","White","Female",0,0,50,"United-States","small"
45,"Self-emp-not-inc","Some-college","Never-married","Farming-fishing","Own-child","White","Male",0,0,75,"United-States","small"
42,"Private","HS-grad","Divorced","Handlers-cleaners","Unmarried","Black","Female",0,0,40,"United-States","small"
18,"Private","HS-grad","Never-married","Other-service","Own-child","White","Female",0,0,20,"United-States","small"
29,"Private","Prof-school","Never-married","Prof-specialty","Not-in-family","White","Female",0,0,55,"United-States","small"
24,"Private","Assoc-voc","Never-married","Adm-clerical","Not-in-family","White","Female",0,0,40,"United-States","small"
20,"Self-emp-not-inc","Some-college","Never-married","Adm-clerical","Own-child","White","Female",0,0,12,"Germany","small"
29,"Private","Bachelors","Never-married","Prof-specialty","Not-in-family","White","Female",0,0,40,"United-States","small"
40,"Private","HS-grad","Widowed","Sales","Not-in-family","White","Female",0,0,40,"United-States","small"
65,"Private","9th","Widowed","Priv-house-serv","Unmarried","Black","Female",0,0,24,"United-States","small"
28,"Private","Bachelors","Married-civ-spouse","Exec-managerial","Wife","White","Female",0,0,50,"United-States","large"
53,"Private","HS-grad","Married-civ-spouse","Exec-managerial","Husband","White","Male",0,0,60,"United-States","large"
32,"Self-emp-not-inc","Assoc-voc","Divorced","Sales","Unmarried","White","Male",0,0,50,"United-States","small"
38,"Local-gov","Bachelors","Married-civ-spouse","Prof-specialty","Wife","Black","Female",0,1887,40,"United-States","large"
50,"Private","Masters","Married-civ-spouse","Prof-specialty","Wife","White","Female",0,0,40,"United-States","small"
30,"Private","Some-college","Married-civ-spouse","Craft-repair","Not-in-family","White","Male",0,0,40,"Mexico","small"
34,"State-gov","Masters","Never-married","Prof-specialty","Unmarried","White","Female",0,0,40,"United-States","small"
37,"Private","5th-6th","Never-married","Adm-clerical","Other-relative","White","Female",0,0,40,"Mexico","small"
33,"Private","HS-grad","Married-civ-spouse","Sales","Husband","White","Male",0,0,20,"United-States","small"
33,"Private","Assoc-acdm","Divorced","Machine-op-inspct","Not-in-family","White","Female",0,0,42,"United-States","small"
27,"Private","Bachelors","Never-married","Tech-support","Not-in-family","Black","Female",0,0,40,"France","small"
32,"Self-emp-not-inc","Assoc-voc","Never-married","Craft-repair","Not-in-family","White","Male",0,0,40,"United-States","small"
60,"Private","HS-grad","Widowed","Handlers-cleaners","Not-in-family","White","Female",0,0,40,"United-States","small"
31,"Private","HS-grad","Married-civ-spouse","Other-service","Husband","White","Male",0,0,40,"United-States","small"
22,"Private","HS-grad","Never-married","Adm-clerical","Not-in-family","White","Female",0,0,40,"United-States","small"
52,"Private","Some-college","Married-civ-spouse","Adm-clerical","Husband","White","Male",0,0,40,"United-States","small"
31,"Private","HS-grad","Married-civ-spouse","Machine-op-inspct","Husband","Black","Male",0,0,40,"United-States","small"
32,"Private","HS-grad","Never-married","Adm-clerical","Not-in-family","White","Male",0,0,40,"United-States","small"
20,"Private","Some-college","Never-married","Other-service","Own-child","White","Male",0,0,20,"United-States","small"
55,"Private","Some-college","Divorced","Adm-clerical","Unmarried","White","Female",4650,0,20,"United-States","small"
33,"Self-emp-not-inc","Assoc-voc","Divorced","Other-service","Unmarried","White","Female",0,0,99,"United-States","small"
24,"Private","5th-6th","Never-married","Machine-op-inspct","Other-relative","White","Male",0,0,40,"Mexico","small"
35,"Private","Some-college","Married-civ-spouse","Craft-repair","Husband","White","Male",4064,0,35,"United-States","small"
23,"Private","Some-college","Married-spouse-absent","Handlers-cleaners","Unmarried","White","Male",0,0,40,"United-States","small"
43,"State-gov","Prof-school","Married-civ-spouse","Prof-specialty","Husband","White","Male",0,0,50,"United-States","large"
19,"Self-emp-not-inc","HS-grad","Never-married","Adm-clerical","Own-child","Asian-Pac-Islander","Female",0,0,30,"United-States","small"
24,"Private","HS-grad","Never-married","Machine-op-inspct","Own-child","White","Male",0,0,40,"United-States","small"
35,"Private","Some-college","Widowed","Adm-clerical","Unmarried","White","Female",0,0,30,"United-States","small"
19,"Private","Some-college","Never-married","Adm-clerical","Own-child","White","Female",0,0,8,"United-States","small"
28,"Self-emp-not-inc","Bachelors","Never-married","Tech-support","Not-in-family","White","Male",0,0,45,"United-States","small"
27,"Private","Some-college","Never-married","Adm-clerical","Not-in-family","White","Female",0,0,40,"United-States","small"
57,"Self-emp-not-inc","HS-grad","Married-civ-spouse","Craft-repair","Husband","White","Male",0,0,50,"United-States","large"
34,"Private","9th","Never-married","Craft-repair","Not-in-family","White","Male",0,0,40,"United-States","small"
37,"Private","11th","Divorced","Transport-moving","Not-in-family","White","Male",0,0,65,"United-States","small"
59,"Private","HS-grad","Divorced","Other-service","Unmarried","White","Female",0,0,40,"United-States","small"
50,"Private","Bachelors","Married-civ-spouse","Tech-support","Husband","White","Male",0,0,20,"United-States","large"
51,"Private","Some-college","Married-civ-spouse","Craft-repair","Husband","White","Male",0,0,40,"United-States","large"
23,"Private","Some-college","Never-married","Exec-managerial","Not-in-family","White","Male",0,0,40,"United-States","small"
21,"Private","Some-college","Never-married","Adm-clerical","Own-child","Black","Female",0,0,40,"United-States","small"
39,"Private","Assoc-voc","Married-civ-spouse","Handlers-cleaners","Husband","White","Male",0,0,49,"United-States","small"
28,"Private","HS-grad","Married-civ-spouse","Sales","Husband","White","Male",0,0,40,"United-States","large"
51,"Private","HS-grad","Married-civ-spouse","Adm-clerical","Wife","White","Female",0,0,40,"United-States","small"
36,"Private","Masters","Married-civ-spouse","Exec-managerial","Husband","White","Male",15024,0,50,"United-States","large"
34,"Private","Some-college","Married-civ-spouse","Prof-specialty","Husband","White","Male",0,0,50,"United-States","large"
51,"Private","HS-grad","Married-civ-spouse","Craft-repair","Husband","White","Male",0,0,40,"United-States","small"
46,"Private","HS-grad","Married-civ-spouse","Transport-moving","Husband","White","Male",15024,0,44,"United-States","large"
64,"Private","7th-8th","Married-civ-spouse","Farming-fishing","Husband","White","Male",0,0,40,"United-States","large"
49,"Private","5th-6th","Married-civ-spouse","Other-service","Husband","White","Male",0,2603,40,"Greece","small"
20,"Private","HS-grad","Never-married","Adm-clerical","Own-child","White","Female",0,0,20,"United-States","small"
17,"Private","10th","Never-married","Other-service","Own-child","White","Male",0,0,25,"United-States","small"
35,"Private","HS-grad","Married-civ-spouse","Other-service","Wife","White","Female",0,0,16,"United-States","large"
30,"Private","Bachelors","Never-married","Exec-managerial","Not-in-family","White","Male",0,0,55,"United-States","large"
41,"Self-emp-inc","Bachelors","Divorced","Exec-managerial","Not-in-family","White","Male",0,0,50,"United-States","small"
43,"Private","Some-college","Married-civ-spouse","Craft-repair","Husband","White","Male",0,0,60,"United-States","small"
21,"Private","9th","Never-married","Other-service","Own-child","White","Female",0,0,50,"Mexico","small"
59,"Self-emp-inc","Some-college","Married-civ-spouse","Exec-managerial","Husband","White","Male",0,1977,48,"United-States","large"
58,"Private","11th","Married-civ-spouse","Craft-repair","Husband","White","Male",0,0,40,"United-States","small"
64,"Private","Some-college","Widowed","Exec-managerial","Not-in-family","White","Female",0,0,10,"United-States","small"
31,"Private","Bachelors","Never-married","Craft-repair","Not-in-family","Asian-Pac-Islander","Male",0,0,40,"Vietnam","small"
33,"Private","Some-college","Never-married","Craft-repair","Not-in-family","Black","Male",0,0,40,"United-States","small"
19,"Private","HS-grad","Never-married","Sales","Own-child","White","Male",0,0,35,"United-States","small"
42,"Private","7th-8th","Married-civ-spouse","Craft-repair","Husband","White","Male",0,0,40,"United-States","small"
46,"Private","10th","Married-civ-spouse","Handlers-cleaners","Husband","White","Male",0,0,40,"United-States","small"
36,"State-gov","5th-6th","Married-civ-spouse","Other-service","Husband","White","Male",0,0,40,"Mexico","small"
47,"Private","HS-grad","Married-civ-spouse","Sales","Husband","White","Male",0,0,40,"United-States","large"
37,"Private","Assoc-voc","Married-civ-spouse","Tech-support","Husband","White","Male",0,0,43,"United-States","small"
55,"Local-gov","Masters","Widowed","Prof-specialty","Unmarried","White","Female",0,0,45,"United-States","small"
61,"Private","Assoc-voc","Married-civ-spouse","Adm-clerical","Husband","White","Male",0,0,40,"United-States","small"
29,"Private","HS-grad","Never-married","Other-service","Other-relative","Black","Female",0,0,52,"United-States","small"
34,"Private","Some-college","Never-married","Handlers-cleaners","Other-relative","White","Male",0,0,20,"United-States","small"
54,"Private","1st-4th","Married-civ-spouse","Craft-repair","Husband","Black","Male",0,0,40,"Haiti","large"
26,"Private","HS-grad","Never-married","Handlers-cleaners","Not-in-family","White","Male",0,0,20,"Mexico","small"
58,"Self-emp-inc","Bachelors","Married-civ-spouse","Exec-managerial","Husband","White","Male",7688,0,30,"United-States","large"
55,"Local-gov","HS-grad","Married-civ-spouse","Handlers-cleaners","Husband","White","Male",0,0,40,"United-States","small"
34,"State-gov","Some-college","Married-civ-spouse","Exec-managerial","Husband","White","Male",0,0,38,"United-States","small"
33,"Private","Bachelors","Married-civ-spouse","Prof-specialty","Husband","White","Male",0,0,40,"United-States","large"
37,"Private","1st-4th","Married-civ-spouse","Farming-fishing","Husband","White","Male",0,0,85,"Mexico","small"
44,"Private","Prof-school","Married-civ-spouse","Prof-specialty","Husband","White","Male",99999,0,65,"United-States","large"
20,"Private","HS-grad","Never-married","Adm-clerical","Not-in-family","White","Female",0,0,40,"United-States","small"
43,"Private","Some-college","Married-civ-spouse","Sales","Husband","White","Male",0,0,43,"United-States","large"
50,"Private","HS-grad","Married-civ-spouse","Machine-op-inspct","Husband","White","Male",0,1485,40,"United-States","small"
26,"Private","Some-college","Never-married","Adm-clerical","Not-in-family","White","Female",0,0,40,"United-States","small"
20,"Private","HS-grad","Married-civ-spouse","Sales","Husband","White","Male",0,0,40,"United-States","small"
35,"Private","Bachelors","Married-civ-spouse","Exec-managerial","Husband","White","Male",0,0,50,"United-States","large"
32,"Self-emp-not-inc","HS-grad","Divorced","Craft-repair","Unmarried","White","Male",0,0,40,"United-States","small"
29,"Local-gov","Assoc-voc","Divorced","Protective-serv","Unmarried","White","Male",0,0,56,"United-States","small"
19,"Private","Some-college","Never-married","Sales","Own-child","White","Female",0,0,25,"United-States","small"
74,"Private","10th","Married-civ-spouse","Adm-clerical","Husband","White","Male",0,0,20,"United-States","small"
33,"Self-emp-not-inc","Bachelors","Divorced","Sales","Not-in-family","White","Male",0,0,50,"United-States","large"
37,"Private","Some-college","Married-civ-spouse","Craft-repair","Husband","White","Male",0,0,40,"United-States","small"
31,"State-gov","Some-college","Never-married","Craft-repair","Not-in-family","White","Male",0,0,40,"United-States","small"
40,"Private","Masters","Married-civ-spouse","Exec-managerial","Husband","White","Male",0,2415,45,"United-States","large"
39,"Private","Some-college","Divorced","Adm-clerical","Not-in-family","White","Female",0,0,60,"United-States","small"
62,"Self-emp-not-inc","Some-college","Married-civ-spouse","Exec-managerial","Husband","White","Male",0,0,70,"United-States","small"
42,"Self-emp-not-inc","Doctorate","Never-married","Prof-specialty","Not-in-family","White","Female",0,0,45,"United-States","small"
54,"Private","10th","Separated","Sales","Unmarried","White","Female",0,0,43,"Italy","small"
24,"Private","Bachelors","Never-married","Sales","Own-child","White","Male",0,0,40,"United-States","small"
34,"Self-emp-not-inc","Bachelors","Married-civ-spouse","Sales","Husband","White","Male",0,0,30,"United-States","small"
43,"Private","Some-college","Divorced","Tech-support","Not-in-family","White","Female",0,0,50,"United-States","small"
30,"Private","HS-grad","Never-married","Machine-op-inspct","Not-in-family","White","Male",0,1741,42,"United-States","small"
38,"Private","Some-college","Never-married","Other-service","Not-in-family","White","Male",0,1408,40,"United-States","small"
39,"Private","Assoc-acdm","Married-civ-spouse","Tech-support","Husband","White","Male",0,0,40,"France","large"
50,"Self-emp-not-inc","Masters","Married-civ-spouse","Sales","Husband","White","Male",7688,0,55,"United-States","large"
41,"Private","Assoc-acdm","Married-civ-spouse","Machine-op-inspct","Husband","White","Male",0,0,40,"United-States","small"
46,"Private","Some-college","Married-civ-spouse","Sales","Husband","White","Male",0,0,50,"United-States","small"
34,"Private","HS-grad","Divorced","Priv-house-serv","Unmarried","Black","Female",0,0,30,"United-States","small"
17,"Private","12th","Never-married","Prof-specialty","Own-child","White","Male",0,0,20,"United-States","small"
28,"Private","7th-8th","Married-civ-spouse","Farming-fishing","Husband","White","Male",0,0,40,"Mexico","small"
35,"Private","Some-college","Married-civ-spouse","Craft-repair","Husband","White","Male",0,0,40,"United-States","large"
34,"Private","Some-college","Married-civ-spouse","Adm-clerical","Husband","White","Male",0,0,40,"United-States","large"
27,"Private","HS-grad","Married-civ-spouse","Craft-repair","Husband","White","Male",0,0,60,"United-States","small"
21,"Private","Some-college","Never-married","Other-service","Own-child","White","Female",0,0,40,"United-States","small"
41,"Private","Bachelors","Divorced","Sales","Not-in-family","White","Male",0,1980,56,"United-States","small"
51,"Private","HS-grad","Married-civ-spouse","Protective-serv","Husband","White","Male",0,0,40,"United-States","small"
48,"Self-emp-not-inc","HS-grad","Separated","Other-service","Other-relative","White","Female",0,0,25,"United-States","small"
23,"Private","Some-college","Never-married","Adm-clerical","Own-child","White","Male",0,0,40,"United-States","small"
54,"Local-gov","Some-college","Divorced","Adm-clerical","Unmarried","White","Female",0,0,40,"United-States","small"
40,"Private","12th","Divorced","Craft-repair","Not-in-family","White","Male",0,0,40,"United-States","small"
51,"Private","Assoc-voc","Married-civ-spouse","Handlers-cleaners","Husband","White","Male",0,0,40,"Greece","small"
37,"Private","HS-grad","Divorced","Sales","Not-in-family","White","Female",0,0,60,"United-States","small"
36,"Private","Some-college","Divorced","Prof-specialty","Not-in-family","White","Male",0,0,40,"United-States","small"
41,"Private","HS-grad","Divorced","Adm-clerical","Unmarried","White","Female",0,0,43,"United-States","small"
20,"Private","Some-college","Never-married","Adm-clerical","Own-child","White","Female",0,0,10,"United-States","small"
57,"Self-emp-inc","HS-grad","Married-civ-spouse","Prof-specialty","Husband","Black","Male",0,0,60,"United-States","large"
61,"Self-emp-not-inc","11th","Married-civ-spouse","Exec-managerial","Husband","White","Male",0,0,20,"United-States","small"
34,"Private","Some-college","Married-civ-spouse","Adm-clerical","Husband","Black","Male",0,0,40,"United-States","large"
34,"Local-gov","Some-college","Married-civ-spouse","Other-service","Wife","White","Female",0,0,40,"United-States","small"
53,"Private","Some-college","Married-civ-spouse","Tech-support","Husband","White","Male",0,0,40,"United-States","small"
61,"Local-gov","HS-grad","Widowed","Adm-clerical","Unmarried","White","Female",1471,0,35,"United-States","small"
43,"Private","Some-college","Never-married","Adm-clerical","Not-in-family","White","Male",0,0,25,"United-States","small"
42,"Private","Assoc-voc","Never-married","Adm-clerical","Not-in-family","White","Female",0,0,60,"United-States","small"
40,"Self-emp-not-inc","HS-grad","Married-civ-spouse","Other-service","Husband","White","Male",0,0,45,"United-States","small"
22,"Private","Some-college","Never-married","Sales","Own-child","White","Female",0,0,30,"United-States","small"
22,"Private","HS-grad","Never-married","Prof-specialty","Not-in-family","White","Male",0,0,40,"United-States","small"
51,"Local-gov","Masters","Married-civ-spouse","Prof-specialty","Husband","White","Male",0,1977,35,"United-States","large"
40,"Private","HS-grad","Never-married","Handlers-cleaners","Own-child","White","Male",0,0,40,"Ireland","small"
48,"Private","11th","Divorced","Other-service","Not-in-family","White","Female",0,0,31,"United-States","small"
19,"State-gov","11th","Never-married","Other-service","Own-child","White","Male",0,0,30,"United-States","small"
27,"Private","11th","Married-civ-spouse","Sales","Husband","White","Male",0,0,40,"United-States","small"
23,"Private","Some-college","Never-married","Other-service","Not-in-family","White","Female",0,0,28,"United-States","small"
34,"Private","Some-college","Divorced","Adm-clerical","Unmarried","White","Female",0,0,40,"United-States","small"
44,"Local-gov","Assoc-acdm","Married-civ-spouse","Farming-fishing","Husband","White","Male",0,0,30,"United-States","small"
24,"Private","7th-8th","Never-married","Priv-house-serv","Own-child","White","Female",0,0,32,"El-Salvador","small"
63,"Private","HS-grad","Married-spouse-absent","Craft-repair","Not-in-family","White","Male",0,0,40,"United-States","small"
33,"Private","Assoc-voc","Divorced","Other-service","Unmarried","White","Female",0,0,40,"United-States","small"
44,"Private","Bachelors","Never-married","Tech-support","Not-in-family","White","Male",0,0,35,"United-States","small"
23,"Private","HS-grad","Divorced","Other-service","Unmarried","White","Female",0,0,30,"United-States","small"
41,"Private","HS-grad","Never-married","Exec-managerial","Not-in-family","White","Male",2174,0,40,"United-States","small"
73,"Private","9th","Widowed","Other-service","Unmarried","White","Female",0,0,9,"United-States","small"
25,"Private","HS-grad","Never-married","Other-service","Own-child","White","Female",0,0,8,"United-States","small"
44,"Self-emp-not-inc","HS-grad","Married-civ-spouse","Transport-moving","Husband","White","Male",0,0,55,"United-States","small"
42,"Private","Prof-school","Married-civ-spouse","Sales","Wife","Amer-Indian-Eskimo","Female",15024,0,40,"South","large"
44,"Private","11th","Divorced","Machine-op-inspct","Unmarried","Other","Female",0,0,46,"Puerto-Rico","small"
31,"Private","HS-grad","Separated","Other-service","Unmarried","Black","Female",0,0,40,"United-States","small"
27,"Private","Some-college","Married-civ-spouse","Prof-specialty","Husband","White","Male",0,0,88,"United-States","small"
43,"Local-gov","Some-college","Married-civ-spouse","Adm-clerical","Wife","White","Female",0,1902,40,"United-States","large"
49,"Private","Masters","Married-civ-spouse","Prof-specialty","Husband","White","Male",0,0,50,"United-States","large"
21,"Private","Assoc-acdm","Never-married","Handlers-cleaners","Own-child","White","Male",0,0,15,"United-States","small"
46,"Local-gov","11th","Married-civ-spouse","Transport-moving","Husband","White","Male",0,0,30,"United-States","small"
39,"Private","10th","Married-civ-spouse","Machine-op-inspct","Husband","White","Male",2635,0,40,"United-States","small"
22,"Private","Bachelors","Never-married","Prof-specialty","Own-child","White","Male",0,0,40,"United-States","small"
54,"Private","HS-grad","Widowed","Sales","Not-in-family","White","Female",0,0,37,"United-States","small"
22,"Private","Assoc-acdm","Never-married","Adm-clerical","Not-in-family","Black","Female",0,0,40,"United-States","small"
43,"Self-emp-not-inc","HS-grad","Married-civ-spouse","Craft-repair","Husband","White","Male",0,0,60,"United-States","small"
18,"Private","HS-grad","Never-married","Sales","Own-child","White","Female",0,0,40,"United-States","small"
19,"Private","Some-college","Never-married","Sales","Own-child","Asian-Pac-Islander","Male",0,0,35,"Laos","small"
37,"Private","Some-college","Married-civ-spouse","Craft-repair","Husband","White","Male",0,0,40,"United-States","large"
19,"Private","10th","Never-married","Machine-op-inspct","Own-child","White","Female",0,0,40,"United-States","small"
57,"Private","10th","Married-civ-spouse","Machine-op-inspct","Husband","White","Male",0,0,40,"United-States","small"
27,"Self-emp-not-inc","Assoc-voc","Never-married","Prof-specialty","Other-relative","White","Male",0,0,30,"United-States","small"
70,"Private","HS-grad","Married-civ-spouse","Sales","Husband","White","Male",3432,0,40,"United-States","small"
47,"Private","HS-grad","Married-civ-spouse","Craft-repair","Husband","White","Male",0,0,40,"United-States","small"
32,"Federal-gov","HS-grad","Never-married","Exec-managerial","Unmarried","White","Female",0,1380,40,"United-States","small"
43,"Local-gov","Some-college","Divorced","Adm-clerical","Not-in-family","White","Female",0,0,40,"United-States","small"
36,"Private","HS-grad","Divorced","Craft-repair","Own-child","White","Male",0,0,40,"United-States","small"
36,"Private","HS-grad","Married-civ-spouse","Sales","Husband","White","Male",0,0,40,"United-States","large"
46,"Private","HS-grad","Married-civ-spouse","Craft-repair","Husband","White","Male",0,0,40,"United-States","small"
36,"Self-emp-not-inc","HS-grad","Never-married","Farming-fishing","Not-in-family","White","Male",0,0,70,"United-States","large"
28,"Local-gov","HS-grad","Married-civ-spouse","Protective-serv","Husband","White","Male",0,0,40,"United-States","small"
53,"Private","HS-grad","Married-civ-spouse","Transport-moving","Husband","White","Male",0,0,60,"United-States","large"
25,"Private","Bachelors","Never-married","Other-service","Other-relative","White","Male",0,0,40,"United-States","small"
43,"Self-emp-not-inc","Masters","Never-married","Exec-managerial","Not-in-family","White","Female",0,0,40,"United-States","small"
22,"Private","Bachelors","Never-married","Sales","Own-child","White","Female",0,0,15,"United-States","small"
66,"Private","HS-grad","Widowed","Sales","Not-in-family","White","Female",0,0,40,"United-States","large"
38,"Private","HS-grad","Never-married","Prof-specialty","Not-in-family","White","Female",0,0,40,"United-States","small"
18,"Private","11th","Never-married","Other-service","Own-child","White","Female",0,0,19,"United-States","small"
32,"Private","Bachelors","Married-civ-spouse","Prof-specialty","Other-relative","White","Male",0,0,40,"United-States","small"
40,"Private","Assoc-voc","Married-civ-spouse","Craft-repair","Husband","White","Male",0,0,40,"United-States","small"
18,"Private","11th","Never-married","Other-service","Own-child","White","Male",0,0,15,"Peru","small"
59,"Private","10th","Married-civ-spouse","Transport-moving","Husband","White","Male",0,0,45,"United-States","large"
22,"Private","Some-college","Never-married","Sales","Own-child","White","Female",0,0,30,"United-States","small"
28,"Private","HS-grad","Married-civ-spouse","Craft-repair","Husband","White","Male",0,0,45,"United-States","small"
32,"Local-gov","Some-college","Married-civ-spouse","Protective-serv","Husband","White","Male",0,0,40,"United-States","large"
57,"Private","7th-8th","Widowed","Other-service","Not-in-family","White","Female",0,0,10,"United-States","small"
41,"Private","HS-grad","Divorced","Transport-moving","Not-in-family","White","Male",0,0,40,"United-States","small"
28,"Private","Bachelors","Married-civ-spouse","Other-service","Husband","White","Male",0,0,50,"United-States","small"
24,"Private","Bachelors","Never-married","Sales","Not-in-family","White","Female",0,0,50,"United-States","small"
37,"Private","Prof-school","Married-civ-spouse","Exec-managerial","Husband","White","Male",0,0,40,"United-States","small"
34,"Private","HS-grad","Married-civ-spouse","Other-service","Wife","White","Female",0,0,40,"United-States","large"
23,"Private","HS-grad","Never-married","Adm-clerical","Own-child","White","Female",0,0,40,"United-States","small"
18,"Private","Some-college","Never-married","Sales","Own-child","Black","Female",0,0,21,"United-States","small"
25,"Private","Bachelors","Never-married","Prof-specialty","Own-child","White","Female",0,0,40,"United-States","small"
53,"Private","Bachelors","Married-civ-spouse","Exec-managerial","Husband","White","Male",0,0,45,"United-States","large"
31,"Private","Some-college","Married-civ-spouse","Exec-managerial","Husband","White","Male",0,0,40,"United-States","small"
34,"Private","Bachelors","Divorced","Craft-repair","Unmarried","White","Female",0,0,25,"United-States","small"
35,"Private","HS-grad","Never-married","Craft-repair","Not-in-family","White","Male",0,0,70,"United-States","small"
55,"Private","Masters","Divorced","Exec-managerial","Unmarried","White","Male",0,0,40,"United-States","large"
25,"Private","HS-grad","Never-married","Craft-repair","Own-child","White","Male",0,0,40,"United-States","small"
47,"Self-emp-not-inc","Some-college","Never-married","Farming-fishing","Not-in-family","White","Male",0,0,60,"United-States","small"
44,"Private","HS-grad","Married-civ-spouse","Handlers-cleaners","Wife","White","Female",3137,0,30,"United-States","small"
35,"Self-emp-not-inc","HS-grad","Married-civ-spouse","Craft-repair","Husband","White","Male",0,0,40,"United-States","small"
37,"Private","Bachelors","Married-civ-spouse","Handlers-cleaners","Husband","White","Male",0,0,40,"United-States","small"
47,"Private","Bachelors","Married-civ-spouse","Exec-managerial","Husband","White","Male",0,0,45,"Canada","large"
25,"Private","HS-grad","Never-married","Other-service","Not-in-family","White","Male",0,0,40,"United-States","small"
51,"Private","HS-grad","Never-married","Adm-clerical","Not-in-family","White","Female",0,0,40,"United-States","small"
60,"Private","7th-8th","Married-civ-spouse","Machine-op-inspct","Wife","White","Female",0,0,40,"United-States","small"
21,"Private","Some-college","Never-married","Other-service","Not-in-family","White","Female",0,0,25,"Germany","small"
18,"Private","11th","Never-married","Handlers-cleaners","Own-child","White","Male",0,0,30,"United-States","small"
25,"Private","Some-college","Never-married","Exec-managerial","Own-child","White","Male",0,0,40,"United-States","small"
19,"Private","10th","Never-married","Handlers-cleaners","Own-child","White","Male",0,0,25,"United-States","small"
51,"Private","1st-4th","Widowed","Other-service","Unmarried","White","Female",0,0,35,"Portugal","small"
28,"Private","11th","Married-civ-spouse","Farming-fishing","Husband","White","Male",0,0,40,"United-States","small"
48,"Private","Some-college","Married-civ-spouse","Craft-repair","Other-relative","Asian-Pac-Islander","Male",0,0,40,"Cambodia","large"
53,"Local-gov","HS-grad","Widowed","Other-service","Not-in-family","White","Female",0,0,30,"United-States","small"
23,"Private","Some-college","Never-married","Sales","Own-child","Asian-Pac-Islander","Male",0,0,25,"United-States","small"
27,"Private","5th-6th","Never-married","Farming-fishing","Unmarried","White","Male",0,0,50,"United-States","small"
70,"Private","Assoc-voc","Married-civ-spouse","Machine-op-inspct","Husband","White","Male",9386,0,50,"United-States","large"
38,"Private","HS-grad","Married-civ-spouse","Exec-managerial","Wife","White","Female",0,0,60,"United-States","large"
34,"Private","HS-grad","Married-civ-spouse","Craft-repair","Husband","White","Male",0,0,40,"United-States","small"
25,"Self-emp-inc","Some-college","Divorced","Adm-clerical","Own-child","White","Female",0,0,50,"United-States","small"
33,"Private","Some-college","Married-civ-spouse","Other-service","Wife","White","Female",0,0,26,"United-States","small"
31,"Private","Bachelors","Married-civ-spouse","Prof-specialty","Husband","White","Male",0,0,40,"United-States","large"
56,"Private","7th-8th","Divorced","Transport-moving","Unmarried","White","Male",0,0,40,"United-States","small"
49,"Private","7th-8th","Married-civ-spouse","Craft-repair","Husband","White","Male",0,0,40,"United-States","small"
20,"Private","HS-grad","Never-married","Other-service","Own-child","Black","Male",0,0,52,"United-States","small"
21,"Private","Some-college","Never-married","Sales","Own-child","White","Female",0,0,16,"United-States","small"
45,"Private","Assoc-acdm","Divorced","Craft-repair","Not-in-family","White","Female",0,0,55,"United-States","small"
43,"Self-emp-not-inc","Some-college","Married-civ-spouse","Farming-fishing","Husband","White","Male",0,0,50,"United-States","small"
40,"Private","Assoc-voc","Married-civ-spouse","Adm-clerical","Husband","White","Male",0,0,40,"United-States","large"
36,"Private","Masters","Married-civ-spouse","Exec-managerial","Husband","White","Male",0,0,50,"United-States","large"
37,"Local-gov","Bachelors","Divorced","Prof-specialty","Unmarried","White","Female",1151,0,35,"United-States","small"
53,"Private","HS-grad","Separated","Sales","Not-in-family","White","Female",0,0,33,"United-States","small"
30,"Private","HS-grad","Never-married","Handlers-cleaners","Other-relative","White","Male",0,0,40,"United-States","small"
20,"Private","HS-grad","Never-married","Machine-op-inspct","Own-child","White","Male",0,0,40,"United-States","small"
38,"Private","Masters","Never-married","Exec-managerial","Unmarried","Black","Female",0,0,35,"United-States","small"
53,"Private","Some-college","Married-civ-spouse","Sales","Husband","White","Male",0,0,40,"United-States","large"
31,"Private","7th-8th","Never-married","Handlers-cleaners","Other-relative","White","Male",0,0,25,"United-States","small"
33,"Private","10th","Divorced","Handlers-cleaners","Not-in-family","White","Female",0,0,36,"United-States","small"
48,"Private","Some-college","Married-civ-spouse","Sales","Husband","Black","Male",0,0,8,"United-States","small"
45,"Private","Some-college","Married-civ-spouse","Machine-op-inspct","Husband","White","Male",0,0,40,"United-States","large"
40,"Private","11th","Divorced","Other-service","Other-relative","White","Female",0,0,20,"United-States","small"
53,"Private","HS-grad","Divorced","Other-service","Not-in-family","White","Female",0,0,40,"United-States","small"
52,"Self-emp-inc","Prof-school","Married-civ-spouse","Prof-specialty","Husband","White","Male",99999,0,35,"United-States","large"
36,"Self-emp-not-inc","HS-grad","Never-married","Craft-repair","Not-in-family","White","Male",0,0,40,"United-States","small"
19,"Private","HS-grad","Never-married","Handlers-cleaners","Own-child","White","Male",0,0,16,"United-States","small"
26,"Private","Bachelors","Never-married","Prof-specialty","Not-in-family","White","Male",0,0,50,"United-States","small"
43,"Private","Bachelors","Married-civ-spouse","Exec-managerial","Husband","White","Male",3103,0,40,"United-States","large"
35,"Self-emp-inc","Some-college","Divorced","Exec-managerial","Not-in-family","White","Male",0,0,60,"United-States","small"
33,"Private","HS-grad","Married-civ-spouse","Machine-op-inspct","Husband","White","Male",99999,0,56,"United-States","large"
23,"Private","Bachelors","Never-married","Sales","Own-child","Black","Male",0,0,10,"United-States","small"
37,"Private","11th","Married-civ-spouse","Handlers-cleaners","Husband","Black","Male",7688,0,40,"United-States","large"
58,"Private","HS-grad","Married-civ-spouse","Exec-managerial","Husband","White","Male",0,0,45,"United-States","large"
35,"Private","HS-grad","Married-civ-spouse","Machine-op-inspct","Husband","White","Male",0,0,40,"United-States","small"
23,"State-gov","HS-grad","Never-married","Protective-serv","Own-child","White","Male",0,0,40,"United-States","small"
56,"Private","Bachelors","Divorced","Prof-specialty","Unmarried","Black","Female",0,0,50,"Haiti","small"
26,"Private","HS-grad","Never-married","Transport-moving","Not-in-family","White","Male",0,0,40,"United-States","small"
21,"Self-emp-not-inc","7th-8th","Never-married","Craft-repair","Not-in-family","White","Male",0,0,40,"United-States","small"
19,"Private","12th","Never-married","Handlers-cleaners","Own-child","Amer-Indian-Eskimo","Male",0,0,20,"United-States","small"
39,"Self-emp-not-inc","Prof-school","Married-civ-spouse","Prof-specialty","Husband","White","Male",0,1977,50,"United-States","large"
23,"Private","Bachelors","Never-married","Exec-managerial","Own-child","White","Male",0,0,40,"United-States","small"
65,"Self-emp-not-inc","Assoc-voc","Married-civ-spouse","Farming-fishing","Husband","White","Male",0,0,25,"United-States","small"
23,"Private","HS-grad","Never-married","Craft-repair","Own-child","Black","Male",0,0,40,"United-States","small"
22,"Private","Some-college","Never-married","Protective-serv","Not-in-family","White","Male",0,0,40,"United-States","small"
44,"Self-emp-inc","Some-college","Divorced","Machine-op-inspct","Not-in-family","White","Male",0,0,60,"United-States","small"
39,"Private","Some-college","Divorced","Transport-moving","Not-in-family","White","Male",0,0,65,"United-States","small"
27,"Private","Some-college","Never-married","Adm-clerical","Not-in-family","Black","Female",0,0,40,"Jamaica","small"
42,"Private","Assoc-acdm","Married-civ-spouse","Sales","Husband","White","Male",0,0,45,"United-States","large"
47,"Self-emp-not-inc","Masters","Divorced","Prof-specialty","Not-in-family","White","Male",0,0,40,"United-States","small"
36,"Private","HS-grad","Married-civ-spouse","Adm-clerical","Wife","White","Female",0,0,40,"United-States","large"
33,"Private","Assoc-acdm","Married-spouse-absent","Machine-op-inspct","Unmarried","White","Male",0,0,40,"United-States","small"
71,"Self-emp-not-inc","Prof-school","Married-civ-spouse","Farming-fishing","Husband","White","Male",0,0,2,"United-States","small"
29,"Private","HS-grad","Never-married","Transport-moving","Not-in-family","White","Male",0,0,40,"United-States","small"
56,"Private","Masters","Married-civ-spouse","Exec-managerial","Wife","White","Female",0,0,50,"United-States","small"
74,"Self-emp-not-inc","Bachelors","Widowed","Craft-repair","Not-in-family","White","Male",15831,0,8,"Germany","large"
56,"Private","HS-grad","Married-civ-spouse","Sales","Husband","White","Male",0,0,55,"United-States","large"
39,"Private","HS-grad","Married-civ-spouse","Exec-managerial","Husband","White","Male",0,0,40,"United-States","small"
48,"Self-emp-not-inc","Some-college","Married-civ-spouse","Transport-moving","Husband","White","Male",0,0,50,"United-States","large"
21,"Private","HS-grad","Never-married","Adm-clerical","Own-child","White","Male",0,0,40,"United-States","small"
29,"Local-gov","Bachelors","Married-civ-spouse","Exec-managerial","Husband","Black","Male",0,0,40,"United-States","large"
19,"Private","12th","Never-married","Handlers-cleaners","Own-child","White","Male",0,0,20,"United-States","small"
48,"Private","HS-grad","Divorced","Other-service","Not-in-family","White","Female",0,0,35,"United-States","small"
51,"Private","HS-grad","Married-civ-spouse","Sales","Husband","White","Male",0,0,55,"United-States","large"
45,"Self-emp-not-inc","Bachelors","Divorced","Prof-specialty","Not-in-family","White","Male",0,0,45,"United-States","small"
40,"Private","Some-college","Separated","Other-service","Not-in-family","White","Female",0,0,40,"United-States","small"
33,"Private","Masters","Married-civ-spouse","Exec-managerial","Husband","White","Male",0,0,40,"United-States","large"
35,"Private","Bachelors","Married-civ-spouse","Sales","Husband","White","Male",0,0,40,"United-States","large"
25,"State-gov","HS-grad","Never-married","Exec-managerial","Not-in-family","White","Male",0,0,40,"United-States","small"
41,"Private","HS-grad","Married-civ-spouse","Craft-repair","Husband","White","Male",0,0,40,"United-States","small"
25,"Private","HS-grad","Never-married","Machine-op-inspct","Not-in-family","Black","Male",0,0,28,"United-States","small"
54,"Self-emp-inc","HS-grad","Married-civ-spouse","Craft-repair","Husband","White","Male",0,0,40,"United-States","large"
43,"Private","Bachelors","Married-civ-spouse","Craft-repair","Husband","White","Male",0,0,40,"United-States","small"
38,"Private","Some-college","Married-civ-spouse","Exec-managerial","Husband","White","Male",0,1902,50,"United-States","large"
23,"Local-gov","HS-grad","Never-married","Other-service","Own-child","White","Female",0,0,45,"United-States","small"
26,"Private","Bachelors","Never-married","Adm-clerical","Not-in-family","White","Male",0,0,40,"United-States","small"
36,"Private","10th","Married-civ-spouse","Machine-op-inspct","Husband","White","Male",0,0,40,"United-States","small"
40,"State-gov","Assoc-acdm","Married-civ-spouse","Adm-clerical","Husband","White","Male",0,0,40,"United-States","large"
50,"Private","HS-grad","Divorced","Sales","Not-in-family","White","Male",0,0,60,"United-States","small"
44,"Private","HS-grad","Married-civ-spouse","Machine-op-inspct","Husband","Amer-Indian-Eskimo","Male",0,0,40,"United-States","small"
24,"Private","Bachelors","Never-married","Exec-managerial","Not-in-family","Black","Male",0,0,40,"United-States","small"
62,"Private","HS-grad","Widowed","Craft-repair","Unmarried","Black","Female",0,0,40,"United-States","small"
35,"State-gov","HS-grad","Divorced","Machine-op-inspct","Own-child","White","Male",0,0,40,"United-States","small"
25,"Private","Bachelors","Never-married","Exec-managerial","Own-child","White","Male",0,0,35,"United-States","small"
52,"Local-gov","Some-college","Divorced","Transport-moving","Not-in-family","White","Female",0,0,40,"United-States","small"
47,"Local-gov","Some-college","Married-civ-spouse","Protective-serv","Husband","White","Male",0,0,40,"United-States","large"
21,"Private","HS-grad","Never-married","Sales","Own-child","White","Female",0,0,40,"United-States","small"
29,"Private","HS-grad","Never-married","Machine-op-inspct","Not-in-family","White","Female",0,0,40,"United-States","small"
24,"Private","Some-college","Never-married","Handlers-cleaners","Own-child","White","Male",0,0,40,"United-States","small"
26,"Private","Bachelors","Never-married","Adm-clerical","Not-in-family","White","Male",0,0,40,"United-States","small"
35,"Private","Bachelors","Married-civ-spouse","Prof-specialty","Husband","White","Male",0,0,16,"United-States","large"
33,"Private","Bachelors","Married-civ-spouse","Prof-specialty","Husband","White","Male",0,0,40,"United-States","large"
33,"Private","HS-grad","Married-civ-spouse","Transport-moving","Husband","White","Male",0,0,60,"United-States","large"
20,"Private","Some-college","Never-married","Adm-clerical","Own-child","White","Female",0,0,40,"United-States","small"
33,"Private","1st-4th","Never-married","Sales","Own-child","White","Female",0,0,24,"United-States","small"
36,"Private","HS-grad","Married-civ-spouse","Craft-repair","Husband","White","Male",0,0,40,"United-States","small"
18,"Private","HS-grad","Married-civ-spouse","Adm-clerical","Wife","White","Female",0,0,40,"United-States","small"
39,"Private","Bachelors","Never-married","Exec-managerial","Not-in-family","White","Female",0,0,40,"United-States","small"
36,"State-gov","Masters","Never-married","Prof-specialty","Own-child","White","Female",0,0,30,"United-States","small"
34,"Private","11th","Married-civ-spouse","Handlers-cleaners","Husband","White","Male",0,0,40,"Mexico","small"
31,"Self-emp-not-inc","Bachelors","Never-married","Tech-support","Not-in-family","White","Female",0,0,40,"United-States","small"
21,"Private","Some-college","Never-married","Exec-managerial","Own-child","White","Male",0,0,40,"United-States","small"
51,"Private","Some-college","Separated","Exec-managerial","Not-in-family","Black","Female",0,0,40,"United-States","small"
53,"Federal-gov","HS-grad","Married-civ-spouse","Adm-clerical","Husband","Black","Male",0,0,40,"United-States","small"
23,"Private","HS-grad","Never-married","Handlers-cleaners","Own-child","White","Male",0,0,40,"United-States","small"
53,"Private","Some-college","Widowed","Exec-managerial","Unmarried","White","Female",0,0,40,"United-States","small"
21,"Private","HS-grad","Married-civ-spouse","Machine-op-inspct","Husband","White","Male",0,0,40,"United-States","small"
17,"Private","Some-college","Never-married","Adm-clerical","Own-child","White","Male",0,0,20,"United-States","small"
52,"Self-emp-inc","Some-college","Married-civ-spouse","Craft-repair","Husband","White","Male",0,0,40,"United-States","small"
44,"Self-emp-inc","Bachelors","Married-civ-spouse","Exec-managerial","Husband","White","Male",99999,0,70,"United-States","large"
65,"Local-gov","11th","Married-civ-spouse","Transport-moving","Husband","White","Male",0,0,35,"United-States","small"
28,"Private","Some-college","Married-civ-spouse","Exec-managerial","Husband","White","Male",0,0,40,"United-States","large"
30,"Private","Bachelors","Married-civ-spouse","Sales","Wife","White","Female",3103,0,55,"United-States","large"
30,"Self-emp-not-inc","Bachelors","Married-spouse-absent","Craft-repair","Not-in-family","White","Male",6849,0,60,"United-States","small"
29,"Private","Masters","Married-civ-spouse","Sales","Husband","White","Male",0,0,20,"United-States","small"
54,"Self-emp-not-inc","Some-college","Married-civ-spouse","Sales","Husband","White","Male",0,0,50,"United-States","small"
38,"Private","Some-college","Widowed","Other-service","Other-relative","Black","Female",0,0,45,"Haiti","small"
37,"State-gov","HS-grad","Separated","Craft-repair","Not-in-family","White","Male",0,0,44,"United-States","small"
55,"Private","10th","Married-civ-spouse","Other-service","Husband","White","Male",0,0,40,"United-States","small"
57,"State-gov","Bachelors","Divorced","Adm-clerical","Unmarried","White","Male",2174,0,37,"United-States","small"
22,"Private","Some-college","Never-married","Handlers-cleaners","Own-child","White","Male",0,0,35,"United-States","small"
61,"Private","Some-college","Never-married","Priv-house-serv","Not-in-family","White","Female",0,0,40,"United-States","small"
19,"Private","Some-college","Never-married","Sales","Own-child","Black","Male",0,0,30,"United-States","small"
39,"Self-emp-not-inc","Bachelors","Married-civ-spouse","Prof-specialty","Husband","White","Male",0,0,50,"United-States","small"
28,"Local-gov","Assoc-voc","Married-civ-spouse","Prof-specialty","Wife","White","Female",7688,0,36,"United-States","large"
26,"Private","7th-8th","Married-civ-spouse","Machine-op-inspct","Husband","Other","Male",0,0,40,"United-States","small"
20,"Self-emp-not-inc","Some-college","Never-married","Prof-specialty","Other-relative","Asian-Pac-Islander","Female",0,0,20,"South","small"
50,"Private","HS-grad","Divorced","Adm-clerical","Unmarried","White","Female",0,0,35,"United-States","small"
29,"Private","Assoc-voc","Married-civ-spouse","Exec-managerial","Husband","White","Male",0,0,60,"United-States","large"
43,"Federal-gov","HS-grad","Married-civ-spouse","Machine-op-inspct","Husband","White","Male",0,0,40,"United-States","small"
17,"Private","11th","Never-married","Transport-moving","Own-child","White","Female",0,0,16,"United-States","small"
30,"Private","Bachelors","Never-married","Prof-specialty","Not-in-family","White","Male",0,0,70,"United-States","small"
33,"Local-gov","HS-grad","Divorced","Craft-repair","Unmarried","White","Male",0,0,40,"United-States","small"
19,"Private","HS-grad","Never-married","Adm-clerical","Own-child","White","Female",0,0,40,"United-States","small"
38,"Private","HS-grad","Married-civ-spouse","Transport-moving","Husband","Other","Male",0,0,40,"Puerto-Rico","small"
35,"Self-emp-not-inc","9th","Married-civ-spouse","Craft-repair","Husband","White","Male",2635,0,30,"United-States","small"
44,"Private","Assoc-acdm","Never-married","Farming-fishing","Own-child","White","Male",0,0,40,"United-States","small"
68,"Private","Some-college","Divorced","Sales","Not-in-family","White","Female",0,0,40,"United-States","small"
34,"Private","HS-grad","Married-civ-spouse","Sales","Husband","White","Male",0,0,40,"United-States","large"
31,"Private","HS-grad","Married-civ-spouse","Machine-op-inspct","Husband","White","Male",5013,0,40,"United-States","small"
72,"Private","HS-grad","Married-civ-spouse","Sales","Husband","White","Male",0,0,12,"United-States","small"
23,"Local-gov","HS-grad","Never-married","Other-service","Own-child","Black","Male",0,0,32,"United-States","small"
39,"Private","HS-grad","Married-civ-spouse","Adm-clerical","Wife","Black","Female",0,0,50,"United-States","small"
22,"Private","HS-grad","Never-married","Handlers-cleaners","Other-relative","White","Male",0,0,20,"United-States","small"
40,"Private","Assoc-voc","Never-married","Prof-specialty","Not-in-family","White","Male",0,0,42,"United-States","small"
56,"Self-emp-not-inc","Bachelors","Never-married","Prof-specialty","Not-in-family","White","Male",0,0,20,"United-States","small"
36,"Local-gov","Bachelors","Never-married","Prof-specialty","Unmarried","White","Male",0,0,40,"United-States","small"
64,"Private","HS-grad","Married-civ-spouse","Craft-repair","Husband","White","Male",0,0,40,"United-States","small"
35,"Private","Bachelors","Never-married","Adm-clerical","Other-relative","White","Male",0,0,40,"United-States","small"
34,"Private","HS-grad","Divorced","Machine-op-inspct","Unmarried","Black","Female",0,0,40,"United-States","small"
23,"Private","HS-grad","Never-married","Craft-repair","Own-child","Asian-Pac-Islander","Male",0,0,40,"Philippines","small"
28,"Private","Bachelors","Never-married","Craft-repair","Own-child","Black","Male",0,0,40,"United-States","small"
51,"Local-gov","HS-grad","Married-spouse-absent","Handlers-cleaners","Unmarried","White","Male",0,0,40,"United-States","small"
24,"Private","Some-college","Never-married","Exec-managerial","Own-child","White","Male",0,0,25,"United-States","small"
27,"Private","9th","Married-civ-spouse","Protective-serv","Husband","White","Male",0,0,40,"Guatemala","small"
43,"State-gov","Prof-school","Married-civ-spouse","Prof-specialty","Husband","White","Male",0,1977,70,"United-States","large"
20,"Private","Some-college","Never-married","Craft-repair","Own-child","White","Male",0,0,40,"United-States","small"
53,"Private","5th-6th","Married-civ-spouse","Craft-repair","Husband","Other","Male",5178,0,40,"Puerto-Rico","large"
57,"Private","HS-grad","Married-civ-spouse","Craft-repair","Husband","White","Male",0,0,40,"United-States","small"
20,"Private","HS-grad","Never-married","Transport-moving","Own-child","White","Male",0,0,30,"United-States","small"
20,"Private","12th","Never-married","Adm-clerical","Own-child","White","Female",0,0,40,"Mexico","small"
23,"Private","Some-college","Never-married","Other-service","Not-in-family","White","Male",0,0,25,"United-States","small"
20,"Private","HS-grad","Never-married","Craft-repair","Own-child","White","Male",0,0,30,"United-States","small"
40,"Private","Bachelors","Divorced","Adm-clerical","Unmarried","White","Female",0,0,20,"United-States","small"
36,"Private","HS-grad","Married-civ-spouse","Craft-repair","Husband","White","Male",0,0,40,"United-States","small"
26,"Local-gov","HS-grad","Divorced","Adm-clerical","Unmarried","White","Female",0,0,25,"United-States","small"
39,"Local-gov","Assoc-acdm","Divorced","Other-service","Unmarried","White","Female",0,0,55,"United-States","small"
56,"Private","11th","Married-civ-spouse","Farming-fishing","Husband","White","Male",0,0,50,"United-States","small"
45,"Local-gov","HS-grad","Married-civ-spouse","Protective-serv","Husband","White","Male",0,0,40,"United-States","large"
31,"Private","HS-grad","Divorced","Transport-moving","Not-in-family","White","Male",0,0,45,"United-States","small"
28,"Private","HS-grad","Never-married","Transport-moving","Own-child","White","Male",0,0,20,"United-States","small"
27,"Private","Some-college","Never-married","Adm-clerical","Not-in-family","White","Female",0,0,60,"United-States","small"
23,"Private","Some-college","Never-married","Tech-support","Own-child","White","Female",0,0,20,"United-States","small"
59,"Private","11th","Married-civ-spouse","Transport-moving","Husband","Amer-Indian-Eskimo","Male",0,0,40,"United-States","small"
20,"Private","HS-grad","Married-civ-spouse","Sales","Own-child","Black","Male",0,0,32,"United-States","small"
34,"Private","Bachelors","Married-civ-spouse","Exec-managerial","Husband","White","Male",0,0,40,"United-States","large"
42,"Local-gov","Bachelors","Married-civ-spouse","Protective-serv","Husband","White","Male",0,0,42,"United-States","small"
50,"Self-emp-not-inc","HS-grad","Married-civ-spouse","Craft-repair","Husband","White","Male",99999,0,50,"United-States","large"
33,"Private","HS-grad","Married-civ-spouse","Craft-repair","Husband","White","Male",0,0,40,"United-States","small"
46,"Private","Bachelors","Married-civ-spouse","Prof-specialty","Husband","White","Male",0,1848,45,"United-States","large"
30,"Private","10th","Never-married","Sales","Other-relative","White","Male",0,0,18,"Guatemala","small"
66,"Private","5th-6th","Married-spouse-absent","Handlers-cleaners","Unmarried","White","Female",0,0,40,"Puerto-Rico","small"
23,"Private","HS-grad","Never-married","Sales","Own-child","White","Male",0,0,40,"United-States","small"
47,"Private","11th","Divorced","Other-service","Not-in-family","White","Female",0,0,38,"United-States","small"
23,"Private","Bachelors","Never-married","Handlers-cleaners","Not-in-family","White","Male",0,0,40,"United-States","small"
39,"Private","Bachelors","Married-civ-spouse","Exec-managerial","Husband","White","Male",99999,0,70,"United-States","large"
53,"Private","Some-college","Never-married","Exec-managerial","Not-in-family","Black","Female",0,0,40,"United-States","small"
49,"Self-emp-inc","Doctorate","Married-civ-spouse","Prof-specialty","Husband","Black","Male",0,0,60,"United-States","large"
43,"Private","11th","Never-married","Transport-moving","Not-in-family","White","Male",0,0,42,"United-States","small"
49,"Self-emp-inc","HS-grad","Married-civ-spouse","Craft-repair","Husband","White","Male",0,0,40,"United-States","small"
48,"Private","Bachelors","Never-married","Prof-specialty","Not-in-family","White","Female",0,0,45,"Mexico","small"
20,"Private","Some-college","Never-married","Sales","Own-child","White","Female",0,0,20,"United-States","small"
29,"Local-gov","Prof-school","Never-married","Prof-specialty","Not-in-family","White","Female",0,0,70,"United-States","small"
36,"Private","Some-college","Married-civ-spouse","Craft-repair","Husband","White","Male",0,0,40,"United-States","large"
30,"Private","Bachelors","Married-civ-spouse","Sales","Husband","Asian-Pac-Islander","Male",0,0,40,"India","small"
59,"Private","HS-grad","Divorced","Other-service","Not-in-family","Black","Female",0,0,40,"United-States","small"
51,"Self-emp-not-inc","HS-grad","Separated","Other-service","Unmarried","White","Female",0,0,20,"United-States","small"
30,"Private","HS-grad","Never-married","Handlers-cleaners","Not-in-family","White","Male",0,0,50,"Germany","small"
47,"Federal-gov","Doctorate","Married-civ-spouse","Prof-specialty","Husband","White","Male",0,0,40,"United-States","large"
50,"Private","Assoc-voc","Divorced","Prof-specialty","Unmarried","White","Female",0,0,40,"United-States","large"
20,"Private","12th","Never-married","Machine-op-inspct","Own-child","White","Male",0,0,40,"United-States","small"
40,"Private","Some-college","Married-civ-spouse","Adm-clerical","Wife","White","Female",0,0,35,"United-States","large"
36,"Private","HS-grad","Separated","Adm-clerical","Not-in-family","White","Male",0,0,40,"Columbia","small"
50,"Self-emp-not-inc","Bachelors","Married-civ-spouse","Exec-managerial","Husband","White","Male",0,0,35,"United-States","small"
24,"Private","Assoc-acdm","Married-civ-spouse","Craft-repair","Husband","White","Male",0,0,40,"United-States","small"
22,"Private","HS-grad","Never-married","Other-service","Own-child","White","Female",0,0,40,"United-States","small"
27,"Private","Some-college","Married-civ-spouse","Transport-moving","Husband","White","Male",0,0,48,"United-States","small"
19,"Private","Some-college","Never-married","Adm-clerical","Own-child","White","Male",0,0,40,"United-States","small"
36,"Private","Assoc-acdm","Divorced","Sales","Unmarried","White","Female",0,0,40,"United-States","small"
34,"Private","HS-grad","Married-civ-spouse","Craft-repair","Husband","White","Male",0,0,35,"United-States","large"
36,"Private","Some-college","Married-civ-spouse","Craft-repair","Husband","White","Male",0,0,40,"United-States","small"
33,"Private","Bachelors","Married-civ-spouse","Exec-managerial","Husband","White","Male",0,0,50,"United-States","small"
29,"Private","HS-grad","Married-civ-spouse","Machine-op-inspct","Husband","White","Male",0,1887,30,"United-States","large"
47,"Self-emp-not-inc","Some-college","Never-married","Other-service","Unmarried","Black","Female",0,0,40,"United-States","small"
41,"Private","HS-grad","Married-civ-spouse","Exec-managerial","Husband","White","Male",0,0,40,"United-States","small"
34,"Private","Bachelors","Married-civ-spouse","Prof-specialty","Husband","White","Male",7688,0,50,"United-States","large"
54,"Private","Masters","Married-civ-spouse","Prof-specialty","Husband","White","Male",0,0,40,"United-States","large"
51,"Private","10th","Never-married","Farming-fishing","Own-child","White","Male",0,0,40,"United-States","small"
56,"Private","Bachelors","Married-civ-spouse","Sales","Husband","White","Male",0,0,40,"United-States","large"
40,"Private","10th","Divorced","Machine-op-inspct","Unmarried","White","Female",0,0,40,"United-States","small"
50,"Self-emp-inc","Bachelors","Married-civ-spouse","Exec-managerial","Husband","Asian-Pac-Islander","Male",7688,0,50,"Japan","large"
35,"Private","HS-grad","Never-married","Machine-op-inspct","Own-child","White","Male",0,1974,40,"United-States","small"
34,"Private","Bachelors","Married-civ-spouse","Sales","Husband","White","Male",0,0,45,"United-States","large"
40,"Private","HS-grad","Married-civ-spouse","Other-service","Husband","White","Male",0,0,40,"United-States","small"
31,"Private","HS-grad","Divorced","Sales","Unmarried","White","Female",0,0,25,"United-States","small"
18,"Private","11th","Never-married","Sales","Own-child","White","Female",0,0,20,"United-States","small"
40,"Private","Some-college","Married-civ-spouse","Craft-repair","Husband","White","Male",0,0,40,"United-States","small"
40,"Self-emp-not-inc","HS-grad","Married-civ-spouse","Farming-fishing","Husband","White","Male",0,0,70,"United-States","large"
40,"Federal-gov","HS-grad","Divorced","Adm-clerical","Unmarried","White","Female",0,0,22,"United-States","small"
25,"Private","Bachelors","Never-married","Tech-support","Own-child","White","Male",0,0,40,"United-States","small"
30,"Local-gov","HS-grad","Never-married","Protective-serv","Not-in-family","White","Male",0,0,40,"United-States","small"
48,"Private","Bachelors","Married-civ-spouse","Prof-specialty","Husband","White","Male",0,0,35,"United-States","small"
27,"Self-emp-not-inc","Assoc-voc","Never-married","Craft-repair","Own-child","White","Male",0,0,40,"United-States","small"
41,"Private","Bachelors","Divorced","Adm-clerical","Unmarried","White","Female",0,0,40,"United-States","small"
59,"Private","HS-grad","Married-civ-spouse","Adm-clerical","Wife","White","Female",0,0,40,"United-States","small"
25,"Local-gov","Bachelors","Never-married","Prof-specialty","Not-in-family","White","Female",0,0,35,"United-States","small"
44,"Private","Some-college","Married-civ-spouse","Transport-moving","Husband","White","Male",0,0,40,"United-States","small"
50,"Private","Some-college","Married-civ-spouse","Tech-support","Husband","White","Male",0,0,40,"United-States","large"
47,"Federal-gov","Assoc-acdm","Married-civ-spouse","Adm-clerical","Husband","Black","Male",0,0,40,"United-States","large"
45,"Self-emp-not-inc","Some-college","Married-civ-spouse","Transport-moving","Husband","White","Male",0,0,40,"United-States","small"
22,"Private","Bachelors","Never-married","Adm-clerical","Own-child","White","Female",0,0,40,"United-States","small"
24,"Private","Bachelors","Never-married","Sales","Own-child","White","Female",0,0,40,"United-States","small"
41,"Self-emp-inc","Bachelors","Married-civ-spouse","Tech-support","Husband","White","Male",0,0,40,"United-States","small"
45,"Private","9th","Married-civ-spouse","Transport-moving","Husband","White","Male",0,0,40,"United-States","small"
25,"Private","HS-grad","Divorced","Sales","Unmarried","White","Female",0,0,37,"United-States","small"
27,"Private","Some-college","Married-civ-spouse","Adm-clerical","Husband","White","Male",2829,0,40,"United-States","small"
32,"State-gov","Masters","Married-civ-spouse","Prof-specialty","Husband","White","Male",0,0,50,"United-States","small"
27,"Private","Some-college","Married-civ-spouse","Sales","Husband","White","Male",0,0,50,"United-States","small"
18,"Private","Some-college","Never-married","Machine-op-inspct","Not-in-family","White","Female",0,0,15,"United-States","small"
37,"Local-gov","Some-college","Divorced","Adm-clerical","Unmarried","White","Female",0,0,40,"United-States","small"
55,"Private","Masters","Married-civ-spouse","Exec-managerial","Husband","White","Male",99999,0,55,"United-States","large"
36,"Private","Assoc-acdm","Married-civ-spouse","Prof-specialty","Husband","White","Male",0,0,40,"United-States","large"
44,"Private","Doctorate","Married-civ-spouse","Exec-managerial","Husband","Asian-Pac-Islander","Male",15024,0,40,"Japan","large"
41,"Self-emp-inc","Some-college","Married-civ-spouse","Sales","Husband","White","Male",0,0,91,"United-States","small"
50,"Local-gov","Some-college","Divorced","Adm-clerical","Not-in-family","Black","Female",0,0,40,"United-States","small"
52,"Private","Some-college","Married-civ-spouse","Exec-managerial","Husband","White","Male",0,0,45,"United-States","large"
53,"State-gov","Doctorate","Married-civ-spouse","Prof-specialty","Husband","White","Male",0,0,40,"United-States","small"
39,"Private","HS-grad","Never-married","Other-service","Own-child","White","Female",0,0,38,"United-States","small"
45,"Private","Assoc-acdm","Divorced","Transport-moving","Not-in-family","White","Male",0,0,55,"United-States","small"
46,"Private","Some-college","Married-civ-spouse","Transport-moving","Husband","White","Male",0,0,48,"United-States","small"
33,"Private","Bachelors","Married-civ-spouse","Exec-managerial","Husband","White","Male",15024,0,50,"United-States","large"
43,"Federal-gov","Prof-school","Married-civ-spouse","Prof-specialty","Husband","Asian-Pac-Islander","Male",0,0,50,"India","large"
36,"State-gov","Some-college","Never-married","Exec-managerial","Unmarried","White","Female",0,0,40,"United-States","small"
31,"Private","Bachelors","Never-married","Sales","Own-child","White","Male",0,0,45,"United-States","small"
42,"Self-emp-not-inc","Some-college","Married-civ-spouse","Farming-fishing","Husband","White","Male",0,0,60,"United-States","small"
47,"Private","Some-college","Married-civ-spouse","Prof-specialty","Husband","White","Male",0,0,50,"United-States","large"
36,"Private","Some-college","Married-civ-spouse","Transport-moving","Husband","White","Male",0,0,40,"United-States","small"
42,"State-gov","Masters","Married-civ-spouse","Adm-clerical","Husband","Amer-Indian-Eskimo","Male",0,0,40,"United-States","large"
23,"Private","HS-grad","Never-married","Exec-managerial","Not-in-family","White","Male",0,0,40,"United-States","small"
40,"Self-emp-inc","HS-grad","Never-married","Sales","Not-in-family","White","Male",0,0,51,"United-States","small"
22,"Private","Some-college","Never-married","Craft-repair","Unmarried","White","Male",0,0,40,"United-States","small"
23,"State-gov","Some-college","Never-married","Adm-clerical","Own-child","White","Female",0,0,20,"United-States","small"
26,"Private","HS-grad","Married-civ-spouse","Tech-support","Husband","White","Male",0,0,40,"United-States","small"
49,"Private","Assoc-acdm","Separated","Adm-clerical","Not-in-family","White","Female",2597,0,40,"United-States","small"
40,"Private","HS-grad","Married-civ-spouse","Farming-fishing","Husband","Black","Male",0,0,40,"United-States","small"
48,"Private","Bachelors","Never-married","Other-service","Unmarried","Asian-Pac-Islander","Female",0,0,40,"Vietnam","small"
42,"Federal-gov","HS-grad","Divorced","Adm-clerical","Not-in-family","White","Female",0,0,40,"United-States","small"
46,"Private","HS-grad","Married-civ-spouse","Transport-moving","Husband","White","Male",0,0,70,"United-States","small"
19,"Private","Some-college","Never-married","Exec-managerial","Own-child","White","Male",0,0,15,"United-States","small"
30,"Private","HS-grad","Married-civ-spouse","Craft-repair","Husband","White","Male",0,0,50,"United-States","small"
34,"Private","HS-grad","Never-married","Craft-repair","Not-in-family","White","Male",0,0,40,"United-States","small"
27,"Private","10th","Never-married","Other-service","Not-in-family","White","Male",0,0,40,"United-States","small"
52,"Private","Some-college","Married-civ-spouse","Prof-specialty","Husband","White","Male",0,0,40,"United-States","small"
43,"Self-emp-not-inc","Bachelors","Separated","Craft-repair","Unmarried","White","Male",0,0,35,"United-States","small"
35,"Private","Some-college","Never-married","Machine-op-inspct","Not-in-family","White","Male",0,1974,40,"United-States","small"
57,"Local-gov","Bachelors","Widowed","Prof-specialty","Not-in-family","White","Female",0,0,35,"United-States","small"
23,"Private","HS-grad","Never-married","Adm-clerical","Own-child","White","Female",0,0,40,"United-States","small"
20,"Private","Some-college","Never-married","Sales","Own-child","White","Female",0,0,20,"United-States","small"
38,"Private","Some-college","Divorced","Exec-managerial","Not-in-family","White","Female",0,0,42,"United-States","small"
35,"Private","Bachelors","Married-civ-spouse","Exec-managerial","Husband","White","Male",0,0,40,"United-States","large"
42,"State-gov","Bachelors","Never-married","Adm-clerical","Other-relative","White","Female",0,0,40,"United-States","small"
59,"Federal-gov","HS-grad","Widowed","Sales","Unmarried","White","Female",0,0,40,"Germany","small"
40,"Self-emp-not-inc","HS-grad","Married-civ-spouse","Craft-repair","Husband","White","Male",0,0,30,"United-States","small"
47,"Private","HS-grad","Married-civ-spouse","Craft-repair","Husband","White","Male",0,0,40,"United-States","large"
45,"Private","HS-grad","Married-civ-spouse","Exec-managerial","Husband","White","Male",0,0,50,"United-States","small"
63,"Self-emp-not-inc","Bachelors","Married-civ-spouse","Sales","Husband","White","Male",0,0,30,"United-States","large"
35,"Local-gov","HS-grad","Married-civ-spouse","Craft-repair","Husband","White","Male",0,0,40,"Cuba","large"
34,"Self-emp-not-inc","Bachelors","Married-civ-spouse","Sales","Husband","White","Male",0,0,60,"United-States","large"
45,"Local-gov","HS-grad","Married-spouse-absent","Adm-clerical","Unmarried","Black","Female",0,0,40,"United-States","small"
40,"Private","Bachelors","Married-civ-spouse","Exec-managerial","Husband","White","Male",15024,0,50,"United-States","large"
39,"State-gov","Masters","Married-civ-spouse","Prof-specialty","Other-relative","Other","Female",7688,0,38,"United-States","large"
32,"Local-gov","Bachelors","Divorced","Adm-clerical","Unmarried","Asian-Pac-Islander","Female",0,0,46,"United-States","small"
49,"State-gov","Bachelors","Married-civ-spouse","Prof-specialty","Husband","White","Male",0,0,42,"United-States","large"
37,"Private","HS-grad","Married-civ-spouse","Farming-fishing","Husband","White","Male",0,0,40,"United-States","small"
21,"Private","Some-college","Never-married","Other-service","Own-child","White","Male",0,0,32,"United-States","small"
65,"Local-gov","7th-8th","Married-civ-spouse","Exec-managerial","Husband","White","Male",0,1411,40,"United-States","small"
35,"Private","HS-grad","Divorced","Exec-managerial","Unmarried","White","Female",0,0,40,"United-States","small"
30,"Private","11th","Married-spouse-absent","Handlers-cleaners","Unmarried","White","Female",0,0,40,"United-States","small"
57,"Private","Bachelors","Married-civ-spouse","Machine-op-inspct","Husband","White","Male",0,0,40,"Poland","large"
52,"Private","Some-college","Married-civ-spouse","Exec-managerial","Husband","White","Male",3103,0,55,"United-States","large"
52,"Private","HS-grad","Separated","Craft-repair","Own-child","Black","Female",0,0,40,"United-States","small"
21,"Private","Some-college","Never-married","Handlers-cleaners","Own-child","White","Male",0,0,40,"United-States","small"
31,"Self-emp-not-inc","Bachelors","Divorced","Craft-repair","Not-in-family","White","Male",0,0,60,"United-States","small"
53,"Private","HS-grad","Married-civ-spouse","Exec-managerial","Husband","White","Male",99999,0,40,"United-States","large"
78,"Self-emp-inc","Bachelors","Married-civ-spouse","Exec-managerial","Husband","White","Male",9386,0,45,"United-States","large"
19,"Private","HS-grad","Never-married","Other-service","Own-child","Black","Female",0,0,40,"United-States","small"
55,"Self-emp-not-inc","HS-grad","Married-civ-spouse","Sales","Husband","White","Male",0,0,50,"United-States","large"
50,"Private","HS-grad","Married-civ-spouse","Machine-op-inspct","Wife","White","Female",0,0,40,"United-States","small"
40,"Local-gov","Bachelors","Married-civ-spouse","Prof-specialty","Wife","White","Female",0,0,40,"United-States","large"
28,"Private","9th","Married-civ-spouse","Machine-op-inspct","Husband","White","Male",0,0,42,"United-States","small"
25,"Self-emp-inc","HS-grad","Married-civ-spouse","Exec-managerial","Husband","White","Male",0,0,60,"United-States","large"
34,"Private","HS-grad","Married-civ-spouse","Farming-fishing","Husband","Black","Male",0,0,40,"United-States","small"
31,"Private","Some-college","Married-civ-spouse","Farming-fishing","Husband","White","Male",0,0,50,"United-States","large"
31,"State-gov","HS-grad","Married-civ-spouse","Farming-fishing","Husband","White","Male",0,0,40,"United-States","small"
44,"Private","Some-college","Married-civ-spouse","Machine-op-inspct","Husband","White","Male",0,0,40,"United-States","small"
42,"Private","HS-grad","Married-civ-spouse","Sales","Husband","White","Male",4064,0,40,"United-States","small"
41,"Self-emp-not-inc","HS-grad","Married-civ-spouse","Handlers-cleaners","Husband","White","Male",0,2179,40,"United-States","small"
46,"Self-emp-inc","Masters","Divorced","Sales","Not-in-family","White","Male",0,0,60,"United-States","large"
47,"Self-emp-not-inc","Bachelors","Married-civ-spouse","Sales","Husband","White","Male",0,1887,40,"United-States","large"
36,"State-gov","Masters","Never-married","Prof-specialty","Not-in-family","White","Female",0,0,40,"United-States","small"
50,"Local-gov","HS-grad","Married-civ-spouse","Adm-clerical","Wife","White","Female",7298,0,30,"United-States","large"
58,"Private","HS-grad","Divorced","Machine-op-inspct","Not-in-family","Black","Female",0,0,40,"United-States","small"
68,"Private","Some-college","Divorced","Adm-clerical","Unmarried","White","Female",0,0,40,"United-States","small"
55,"Private","Bachelors","Divorced","Prof-specialty","Unmarried","White","Female",0,0,40,"United-States","small"
29,"Private","Bachelors","Never-married","Craft-repair","Not-in-family","White","Male",0,0,40,"United-States","small"
53,"Private","Bachelors","Never-married","Exec-managerial","Own-child","White","Male",0,0,40,"Cuba","small"
21,"Private","Some-college","Never-married","Other-service","Own-child","White","Female",0,0,40,"United-States","small"
28,"Self-emp-inc","HS-grad","Married-civ-spouse","Sales","Husband","Black","Male",99999,0,40,"United-States","large"
66,"Private","9th","Separated","Other-service","Not-in-family","Black","Female",0,0,30,"United-States","small"
34,"Private","Some-college","Divorced","Other-service","Unmarried","Black","Female",0,0,40,"United-States","small"
70,"Self-emp-inc","Prof-school","Married-civ-spouse","Prof-specialty","Husband","White","Male",0,0,35,"United-States","large"
36,"Private","9th","Divorced","Adm-clerical","Unmarried","White","Female",0,0,40,"United-States","small"
42,"Federal-gov","Assoc-voc","Divorced","Prof-specialty","Unmarried","Amer-Indian-Eskimo","Female",0,0,40,"United-States","small"
24,"Private","10th","Married-civ-spouse","Machine-op-inspct","Wife","White","Female",0,0,40,"United-States","small"
34,"Private","HS-grad","Married-civ-spouse","Craft-repair","Husband","White","Male",0,0,48,"United-States","large"
40,"Private","Some-college","Divorced","Prof-specialty","Unmarried","Black","Female",0,0,38,"United-States","small"
34,"Private","Some-college","Married-civ-spouse","Craft-repair","Husband","White","Male",0,0,40,"United-States","large"
48,"Private","Masters","Never-married","Exec-managerial","Not-in-family","White","Male",0,0,40,"United-States","small"
44,"Self-emp-not-inc","Some-college","Divorced","Machine-op-inspct","Not-in-family","White","Male",0,2205,35,"United-States","small"
37,"Private","HS-grad","Divorced","Machine-op-inspct","Other-relative","White","Female",0,0,32,"United-States","small"
24,"Private","Bachelors","Married-civ-spouse","Adm-clerical","Wife","White","Female",0,0,50,"United-States","small"
44,"Private","Bachelors","Married-civ-spouse","Sales","Husband","White","Male",0,0,50,"United-States","large"
28,"State-gov","Some-college","Separated","Exec-managerial","Own-child","White","Male",0,2339,40,"United-States","small"
23,"Private","Some-college","Never-married","Craft-repair","Not-in-family","White","Male",0,0,40,"United-States","small"
51,"Local-gov","Bachelors","Married-civ-spouse","Protective-serv","Husband","White","Male",0,0,40,"United-States","large"
32,"Local-gov","HS-grad","Never-married","Transport-moving","Unmarried","Black","Female",0,0,37,"United-States","small"
24,"Private","HS-grad","Never-married","Machine-op-inspct","Other-relative","Black","Male",0,0,45,"United-States","small"
19,"Private","Some-college","Never-married","Other-service","Own-child","White","Male",0,0,25,"United-States","small"
50,"Private","HS-grad","Divorced","Craft-repair","Not-in-family","White","Male",0,0,40,"United-States","small"
24,"Local-gov","Some-college","Separated","Protective-serv","Not-in-family","White","Male",0,0,60,"United-States","small"
35,"Private","HS-grad","Divorced","Handlers-cleaners","Other-relative","White","Male",0,0,40,"United-States","small"
22,"Private","9th","Never-married","Craft-repair","Own-child","White","Male",0,0,40,"United-States","small"
50,"Private","HS-grad","Married-civ-spouse","Farming-fishing","Husband","White","Male",0,0,60,"United-States","large"
31,"Private","Bachelors","Never-married","Exec-managerial","Unmarried","White","Female",0,0,50,"United-States","small"
21,"Private","9th","Never-married","Machine-op-inspct","Not-in-family","White","Male",0,0,48,"Mexico","small"
49,"Private","Assoc-voc","Married-spouse-absent","Handlers-cleaners","Unmarried","White","Male",0,1380,42,"United-States","small"
42,"Self-emp-not-inc","HS-grad","Married-civ-spouse","Farming-fishing","Husband","White","Male",0,0,99,"United-States","large"
38,"Private","HS-grad","Married-civ-spouse","Machine-op-inspct","Husband","White","Male",0,0,40,"Cuba","large"
45,"Private","HS-grad","Divorced","Other-service","Unmarried","White","Female",0,0,40,"United-States","small"
66,"Federal-gov","Assoc-voc","Widowed","Other-service","Unmarried","Black","Female",3273,0,40,"United-States","small"
35,"Private","Bachelors","Divorced","Exec-managerial","Unmarried","White","Female",0,0,40,"United-States","small"
22,"Private","Assoc-acdm","Never-married","Handlers-cleaners","Own-child","White","Male",0,0,20,"United-States","small"
30,"Private","HS-grad","Divorced","Machine-op-inspct","Unmarried","White","Female",0,0,20,"United-States","small"
39,"Private","HS-grad","Married-civ-spouse","Craft-repair","Husband","White","Male",0,0,40,"United-States","small"
20,"Private","Some-college","Never-married","Adm-clerical","Own-child","Other","Female",0,0,20,"United-States","small"
33,"Private","Bachelors","Separated","Exec-managerial","Not-in-family","Black","Female",0,0,45,"United-States","small"
24,"State-gov","Some-college","Never-married","Other-service","Not-in-family","White","Male",0,0,40,"United-States","small"
51,"Private","Bachelors","Never-married","Sales","Not-in-family","White","Male",0,0,55,"United-States","large"
51,"Self-emp-not-inc","HS-grad","Married-civ-spouse","Exec-managerial","Husband","White","Male",0,0,30,"United-States","small"
41,"Local-gov","Prof-school","Married-civ-spouse","Prof-specialty","Husband","White","Male",0,2415,45,"United-States","large"
45,"Self-emp-inc","HS-grad","Married-civ-spouse","Exec-managerial","Husband","White","Male",15024,0,55,"United-States","large"
40,"Private","Some-college","Separated","Adm-clerical","Not-in-family","White","Female",0,0,40,"United-States","small"
45,"Private","HS-grad","Divorced","Adm-clerical","Not-in-family","White","Female",0,0,28,"United-States","small"
42,"Private","HS-grad","Divorced","Other-service","Not-in-family","White","Female",0,0,40,"United-States","small"
43,"Self-emp-not-inc","7th-8th","Married-civ-spouse","Farming-fishing","Husband","White","Male",4508,0,40,"Cuba","small"
32,"Private","12th","Married-civ-spouse","Craft-repair","Other-relative","White","Male",0,0,40,"Mexico","small"
60,"Self-emp-not-inc","HS-grad","Married-civ-spouse","Craft-repair","Husband","White","Male",0,0,42,"United-States","large"
32,"Private","10th","Married-civ-spouse","Handlers-cleaners","Husband","Amer-Indian-Eskimo","Male",0,0,40,"United-States","small"
61,"Private","10th","Married-civ-spouse","Transport-moving","Husband","White","Male",0,0,50,"United-States","large"
38,"Private","Some-college","Divorced","Tech-support","Unmarried","White","Female",0,0,50,"United-States","small"
51,"Private","Assoc-voc","Widowed","Prof-specialty","Unmarried","Asian-Pac-Islander","Female",0,0,40,"United-States","small"
39,"Private","Bachelors","Married-civ-spouse","Exec-managerial","Husband","White","Male",0,0,40,"United-States","large"
51,"Self-emp-not-inc","HS-grad","Divorced","Sales","Not-in-family","White","Male",0,0,40,"United-States","small"
51,"Private","7th-8th","Married-civ-spouse","Craft-repair","Husband","White","Male",2961,0,40,"United-States","small"
37,"Private","HS-grad","Married-civ-spouse","Craft-repair","Husband","White","Male",0,0,40,"United-States","large"
36,"Private","HS-grad","Divorced","Adm-clerical","Unmarried","Black","Female",0,0,40,"United-States","small"
62,"Private","HS-grad","Married-civ-spouse","Machine-op-inspct","Husband","White","Male",0,0,48,"United-States","small"
31,"Private","12th","Divorced","Other-service","Unmarried","White","Female",0,0,21,"United-States","small"
47,"Federal-gov","HS-grad","Married-civ-spouse","Prof-specialty","Wife","Black","Female",0,0,40,"United-States","small"
34,"State-gov","Masters","Married-civ-spouse","Prof-specialty","Wife","Black","Female",0,0,40,"United-States","large"
61,"Private","Some-college","Divorced","Sales","Not-in-family","White","Female",0,0,40,"United-States","small"
23,"Private","HS-grad","Married-civ-spouse","Machine-op-inspct","Wife","White","Female",0,0,40,"United-States","large"
30,"State-gov","HS-grad","Married-civ-spouse","Protective-serv","Husband","White","Male",0,0,40,"United-States","small"
41,"State-gov","Assoc-voc","Married-civ-spouse","Prof-specialty","Husband","White","Male",0,0,35,"United-States","large"
27,"Private","Some-college","Divorced","Adm-clerical","Other-relative","White","Female",0,0,40,"United-States","small"
20,"Private","Some-college","Separated","Sales","Unmarried","Black","Female",0,0,40,"United-States","small"
35,"Private","HS-grad","Never-married","Sales","Not-in-family","White","Male",4787,0,40,"United-States","large"
27,"Private","Bachelors","Never-married","Tech-support","Unmarried","Asian-Pac-Islander","Female",0,0,20,"Philippines","small"
21,"Private","Some-college","Married-civ-spouse","Other-service","Husband","White","Male",0,0,40,"United-States","small"
46,"Private","11th","Married-civ-spouse","Craft-repair","Husband","White","Male",0,1902,40,"United-States","large"
22,"Private","HS-grad","Married-spouse-absent","Sales","Not-in-family","White","Male",0,1719,40,"United-States","small"
19,"Private","Some-college","Never-married","Adm-clerical","Own-child","White","Female",0,0,15,"United-States","small"
41,"Private","Some-college","Married-civ-spouse","Sales","Husband","White","Male",0,0,50,"United-States","large"
18,"Private","11th","Never-married","Transport-moving","Own-child","White","Male",0,0,16,"United-States","small"
65,"Private","HS-grad","Married-civ-spouse","Sales","Husband","White","Male",9386,0,40,"United-States","large"
27,"Private","Some-college","Never-married","Sales","Not-in-family","White","Male",0,0,20,"United-States","small"
69,"Private","5th-6th","Married-civ-spouse","Adm-clerical","Husband","White","Male",1797,0,40,"United-States","small"
23,"Private","10th","Never-married","Craft-repair","Not-in-family","White","Female",0,0,40,"United-States","small"
55,"Self-emp-not-inc","7th-8th","Married-civ-spouse","Farming-fishing","Husband","White","Male",0,0,50,"United-States","small"
41,"Private","HS-grad","Divorced","Adm-clerical","Not-in-family","Other","Female",0,625,40,"United-States","small"
27,"Private","HS-grad","Divorced","Adm-clerical","Own-child","Black","Female",0,0,40,"United-States","small"
18,"Private","12th","Never-married","Handlers-cleaners","Own-child","White","Male",0,0,20,"United-States","small"
20,"Private","9th","Never-married","Sales","Own-child","White","Female",0,0,32,"United-States","small"
19,"Private","11th","Never-married","Farming-fishing","Own-child","White","Male",0,0,24,"United-States","small"
32,"Private","Bachelors","Never-married","Tech-support","Not-in-family","White","Male",0,0,40,"United-States","small"
45,"Private","HS-grad","Separated","Craft-repair","Unmarried","Black","Female",0,0,40,"United-States","small"
20,"Private","Some-college","Never-married","Other-service","Own-child","White","Male",0,0,40,"United-States","small"
64,"Local-gov","HS-grad","Divorced","Craft-repair","Not-in-family","White","Male",0,0,40,"United-States","large"
31,"Private","Some-college","Never-married","Craft-repair","Unmarried","White","Male",0,0,42,"Mexico","small"
20,"Private","HS-grad","Never-married","Handlers-cleaners","Own-child","White","Male",0,0,40,"United-States","small"
40,"Private","Assoc-voc","Married-civ-spouse","Sales","Husband","White","Male",0,0,50,"United-States","small"
21,"Private","Some-college","Never-married","Prof-specialty","Own-child","White","Female",0,0,8,"United-States","small"
25,"Private","Bachelors","Married-civ-spouse","Exec-managerial","Husband","White","Male",0,0,55,"United-States","large"
36,"Self-emp-not-inc","5th-6th","Married-civ-spouse","Transport-moving","Husband","White","Male",0,0,50,"Mexico","large"
23,"Private","Bachelors","Never-married","Prof-specialty","Not-in-family","White","Female",0,0,25,"United-States","small"
39,"Private","Assoc-acdm","Divorced","Exec-managerial","Unmarried","Black","Female",0,0,35,"Jamaica","small"
25,"State-gov","Some-college","Married-civ-spouse","Adm-clerical","Wife","Black","Female",0,0,40,"United-States","small"
40,"Private","Doctorate","Married-civ-spouse","Prof-specialty","Husband","White","Male",0,0,60,"United-States","large"
42,"Private","Some-college","Separated","Other-service","Unmarried","Black","Female",0,0,21,"Haiti","small"
44,"Private","HS-grad","Divorced","Adm-clerical","Not-in-family","White","Female",0,0,40,"United-States","small"
35,"State-gov","Some-college","Divorced","Adm-clerical","Unmarried","White","Female",0,0,15,"United-States","small"
62,"Self-emp-not-inc","Some-college","Widowed","Farming-fishing","Unmarried","White","Female",0,0,50,"United-States","small"
49,"Private","Some-college","Divorced","Prof-specialty","Not-in-family","White","Male",0,0,45,"United-States","large"
29,"Private","12th","Married-spouse-absent","Other-service","Not-in-family","Black","Female",0,0,40,"United-States","small"
56,"Self-emp-not-inc","Masters","Divorced","Sales","Not-in-family","White","Male",0,1876,60,"United-States","small"
18,"Private","11th","Never-married","Sales","Own-child","White","Female",0,0,10,"United-States","small"
38,"Local-gov","Masters","Married-civ-spouse","Prof-specialty","Husband","White","Male",0,0,40,"United-States","large"
44,"Private","Masters","Never-married","Prof-specialty","Not-in-family","White","Female",0,0,55,"United-States","small"
48,"Private","HS-grad","Married-civ-spouse","Craft-repair","Husband","White","Male",0,0,44,"United-States","large"
19,"Private","Some-college","Never-married","Sales","Own-child","White","Female",0,0,25,"United-States","small"
55,"Private","HS-grad","Divorced","Exec-managerial","Not-in-family","White","Female",0,0,40,"United-States","small"
47,"Private","HS-grad","Married-civ-spouse","Craft-repair","Husband","White","Male",0,0,40,"United-States","large"
57,"Private","Some-college","Married-civ-spouse","Craft-repair","Husband","White","Male",0,0,40,"United-States","small"
40,"Private","HS-grad","Divorced","Machine-op-inspct","Not-in-family","White","Male",0,1980,48,"United-States","small"
29,"Private","Masters","Never-married","Prof-specialty","Not-in-family","White","Female",0,0,45,"United-States","small"
90,"Private","10th","Married-civ-spouse","Exec-managerial","Husband","White","Male",0,0,40,"United-States","small"
24,"Private","HS-grad","Never-married","Adm-clerical","Not-in-family","White","Male",0,0,40,"United-States","small"
35,"Self-emp-not-inc","Bachelors","Married-civ-spouse","Prof-specialty","Husband","White","Male",0,0,40,"United-States","small"
29,"Private","HS-grad","Married-civ-spouse","Craft-repair","Husband","White","Male",0,0,40,"United-States","small"
43,"Private","Bachelors","Divorced","Machine-op-inspct","Other-relative","White","Male",0,0,40,"United-States","small"
27,"Private","Masters","Never-married","Adm-clerical","Own-child","White","Male",0,0,45,"United-States","small"
21,"Federal-gov","Some-college","Never-married","Tech-support","Own-child","Black","Male",0,0,20,"United-States","small"
17,"Private","10th","Never-married","Sales","Own-child","White","Male",0,0,20,"United-States","small"
54,"Private","Some-college","Divorced","Craft-repair","Not-in-family","White","Male",0,0,40,"United-States","small"
27,"Private","11th","Separated","Craft-repair","Not-in-family","White","Male",0,0,45,"Germany","small"
17,"Private","10th","Never-married","Sales","Other-relative","Black","Female",0,0,12,"United-States","small"
37,"Private","9th","Never-married","Priv-house-serv","Not-in-family","White","Female",0,0,30,"El-Salvador","small"
59,"Private","HS-grad","Married-civ-spouse","Machine-op-inspct","Wife","White","Female",0,0,40,"Italy","large"
43,"Private","HS-grad","Never-married","Machine-op-inspct","Own-child","White","Male",0,0,40,"United-States","small"
17,"Private","10th","Never-married","Sales","Own-child","White","Male",0,0,15,"United-States","small"
56,"Federal-gov","Bachelors","Married-civ-spouse","Exec-managerial","Husband","White","Male",0,0,40,"Puerto-Rico","large"
62,"Private","HS-grad","Never-married","Adm-clerical","Not-in-family","White","Female",0,0,32,"United-States","small"
43,"Private","HS-grad","Divorced","Transport-moving","Not-in-family","White","Male",0,0,45,"United-States","small"
35,"Private","HS-grad","Married-civ-spouse","Machine-op-inspct","Husband","White","Male",0,0,44,"United-States","small"
20,"Private","Some-college","Never-married","Prof-specialty","Own-child","White","Male",0,0,20,"United-States","small"
24,"Private","Bachelors","Married-civ-spouse","Prof-specialty","Husband","White","Male",0,0,30,"United-States","small"
61,"Private","7th-8th","Married-civ-spouse","Craft-repair","Husband","White","Male",0,0,40,"United-States","small"
17,"Private","12th","Never-married","Handlers-cleaners","Own-child","White","Male",0,0,20,"United-States","small"
48,"State-gov","Some-college","Married-civ-spouse","Protective-serv","Husband","White","Male",0,1902,40,"United-States","large"
40,"Self-emp-not-inc","Prof-school","Married-civ-spouse","Prof-specialty","Husband","White","Male",0,0,40,"United-States","small"
63,"Private","HS-grad","Married-civ-spouse","Prof-specialty","Husband","White","Male",0,0,45,"United-States","small"
42,"Private","HS-grad","Married-civ-spouse","Craft-repair","Husband","White","Male",0,0,40,"United-States","large"
50,"Local-gov","Some-college","Separated","Other-service","Unmarried","Black","Female",0,0,28,"United-States","small"
56,"Private","10th","Divorced","Other-service","Unmarried","Black","Female",0,0,45,"United-States","small"
41,"Local-gov","Bachelors","Never-married","Prof-specialty","Not-in-family","White","Female",0,0,70,"United-States","small"
19,"Private","HS-grad","Never-married","Other-service","Own-child","White","Male",0,0,20,"United-States","small"
57,"Private","HS-grad","Married-civ-spouse","Sales","Husband","White","Male",0,0,50,"United-States","small"
27,"Self-emp-not-inc","Assoc-acdm","Married-civ-spouse","Transport-moving","Husband","White","Male",7688,0,70,"United-States","large"
46,"Private","Assoc-voc","Divorced","Protective-serv","Not-in-family","Black","Male",0,0,40,"United-States","small"
20,"Private","Some-college","Never-married","Machine-op-inspct","Not-in-family","White","Male",0,0,70,"United-States","small"
60,"Private","HS-grad","Married-civ-spouse","Craft-repair","Husband","Asian-Pac-Islander","Male",0,0,40,"United-States","small"
36,"Local-gov","Bachelors","Married-civ-spouse","Prof-specialty","Husband","White","Male",0,1887,40,"United-States","large"
51,"Private","HS-grad","Married-civ-spouse","Adm-clerical","Wife","White","Female",0,0,20,"United-States","small"
39,"Federal-gov","HS-grad","Married-civ-spouse","Adm-clerical","Husband","White","Male",0,0,40,"United-States","small"
54,"Local-gov","Some-college","Married-civ-spouse","Transport-moving","Husband","Black","Male",0,0,30,"United-States","small"
19,"Private","Some-college","Never-married","Sales","Own-child","White","Female",0,0,25,"United-States","small"
28,"Private","Bachelors","Married-civ-spouse","Sales","Husband","White","Male",7298,0,42,"United-States","large"
18,"Private","11th","Never-married","Other-service","Own-child","White","Female",0,0,20,"United-States","small"
34,"Private","11th","Never-married","Other-service","Own-child","Asian-Pac-Islander","Male",0,0,40,"Philippines","small"
61,"Private","10th","Divorced","Other-service","Not-in-family","White","Male",0,0,24,"United-States","small"
43,"Private","Some-college","Married-civ-spouse","Transport-moving","Husband","White","Male",0,0,60,"United-States","small"
20,"State-gov","HS-grad","Never-married","Other-service","Not-in-family","White","Female",0,0,40,"United-States","small"
24,"Private","Some-college","Never-married","Handlers-cleaners","Not-in-family","White","Male",0,0,40,"United-States","small"
50,"Private","HS-grad","Married-civ-spouse","Craft-repair","Husband","White","Male",0,0,40,"United-States","large"
23,"Local-gov","HS-grad","Never-married","Farming-fishing","Not-in-family","White","Male",0,0,40,"Poland","small"
40,"Private","Some-college","Divorced","Adm-clerical","Unmarried","White","Female",0,0,40,"United-States","small"
69,"State-gov","Doctorate","Married-civ-spouse","Prof-specialty","Husband","White","Male",0,0,50,"United-States","large"
35,"Private","Some-college","Married-civ-spouse","Craft-repair","Husband","White","Male",0,0,40,"United-States","small"
29,"Private","Bachelors","Never-married","Prof-specialty","Not-in-family","White","Male",4650,0,40,"United-States","small"
30,"Local-gov","Some-college","Never-married","Adm-clerical","Not-in-family","White","Male",0,0,40,"United-States","small"
23,"Self-emp-inc","Some-college","Never-married","Prof-specialty","Not-in-family","White","Male",0,0,50,"United-States","small"
37,"Private","HS-grad","Married-civ-spouse","Sales","Husband","White","Male",15024,0,60,"United-States","large"
39,"Private","Some-college","Never-married","Craft-repair","Not-in-family","White","Male",0,0,40,"United-States","small"
34,"Private","Bachelors","Separated","Sales","Not-in-family","White","Male",0,2824,50,"United-States","large"
31,"Private","HS-grad","Married-civ-spouse","Other-service","Husband","White","Male",0,0,40,"United-States","small"
28,"Private","HS-grad","Separated","Protective-serv","Other-relative","White","Male",0,0,40,"United-States","small"
39,"Private","Bachelors","Divorced","Tech-support","Unmarried","White","Female",0,0,40,"United-States","small"
34,"Private","Some-college","Divorced","Prof-specialty","Not-in-family","Black","Male",0,0,40,"Germany","large"
52,"Private","9th","Widowed","Adm-clerical","Unmarried","White","Female",0,0,40,"United-States","small"
39,"Private","5th-6th","Married-spouse-absent","Other-service","Unmarried","Asian-Pac-Islander","Female",0,0,40,"Philippines","small"
20,"Local-gov","HS-grad","Married-civ-spouse","Protective-serv","Husband","Black","Male",0,0,30,"Puerto-Rico","small"
21,"Private","Some-college","Never-married","Adm-clerical","Own-child","White","Male",0,0,40,"United-States","small"
32,"Private","Some-college","Divorced","Farming-fishing","Not-in-family","White","Female",0,1590,54,"United-States","small"
40,"Self-emp-not-inc","Assoc-acdm","Divorced","Prof-specialty","Not-in-family","White","Female",0,0,50,"United-States","small"
48,"Private","Some-college","Never-married","Handlers-cleaners","Not-in-family","White","Male",0,0,40,"United-States","small"
17,"Private","11th","Never-married","Other-service","Own-child","White","Male",0,0,5,"United-States","small"
22,"Federal-gov","Some-college","Never-married","Adm-clerical","Own-child","Black","Male",0,0,20,"United-States","small"
58,"Local-gov","Masters","Never-married","Prof-specialty","Not-in-family","White","Male",0,0,35,"United-States","small"
37,"Private","HS-grad","Never-married","Transport-moving","Not-in-family","White","Male",0,0,40,"United-States","small"
23,"Local-gov","Some-college","Married-spouse-absent","Adm-clerical","Own-child","White","Female",0,0,40,"Guatemala","small"
50,"Self-emp-not-inc","HS-grad","Married-civ-spouse","Exec-managerial","Husband","White","Male",7688,0,50,"United-States","large"
41,"Private","Some-college","Married-civ-spouse","Adm-clerical","Husband","White","Male",2829,0,40,"United-States","small"
33,"Private","Some-college","Divorced","Adm-clerical","Not-in-family","Asian-Pac-Islander","Female",0,0,52,"United-States","small"
29,"Private","Some-college","Married-civ-spouse","Adm-clerical","Husband","Black","Male",0,0,50,"United-States","small"
33,"Private","HS-grad","Married-civ-spouse","Handlers-cleaners","Husband","White","Male",0,0,40,"United-States","small"
43,"Private","HS-grad","Married-civ-spouse","Exec-managerial","Husband","White","Male",0,0,45,"United-States","large"
58,"Self-emp-not-inc","Bachelors","Married-civ-spouse","Exec-managerial","Husband","White","Male",0,0,50,"United-States","small"
26,"Federal-gov","HS-grad","Never-married","Adm-clerical","Not-in-family","Asian-Pac-Islander","Male",0,0,40,"United-States","small"
54,"Self-emp-not-inc","Some-college","Married-civ-spouse","Transport-moving","Husband","White","Male",2829,0,30,"United-States","small"
33,"Private","9th","Never-married","Machine-op-inspct","Not-in-family","White","Male",0,0,50,"United-States","small"
17,"Private","10th","Never-married","Other-service","Own-child","White","Male",0,0,15,"United-States","small"
37,"Private","Bachelors","Married-civ-spouse","Exec-managerial","Husband","White","Male",0,0,50,"United-States","large"
36,"Private","Some-college","Married-civ-spouse","Machine-op-inspct","Husband","White","Male",0,0,40,"United-States","large"
53,"Private","HS-grad","Widowed","Other-service","Unmarried","Black","Female",0,0,20,"United-States","small"
32,"Private","Bachelors","Never-married","Prof-specialty","Not-in-family","White","Male",0,1876,50,"United-States","small"
21,"Private","HS-grad","Never-married","Handlers-cleaners","Other-relative","White","Male",0,0,38,"Jamaica","small"
55,"Private","HS-grad","Widowed","Adm-clerical","Own-child","White","Female",0,0,40,"United-States","small"
34,"Private","HS-grad","Never-married","Transport-moving","Not-in-family","White","Male",0,0,70,"United-States","small"
31,"Self-emp-not-inc","HS-grad","Married-civ-spouse","Prof-specialty","Husband","White","Male",0,0,40,"Columbia","small"
27,"Private","HS-grad","Separated","Handlers-cleaners","Unmarried","White","Male",0,0,40,"United-States","small"
21,"Private","Some-college","Married-civ-spouse","Machine-op-inspct","Husband","White","Male",0,0,20,"United-States","small"
44,"Private","Bachelors","Married-civ-spouse","Exec-managerial","Husband","Black","Male",0,1902,40,"United-States","large"
36,"Private","HS-grad","Married-civ-spouse","Sales","Husband","White","Male",7688,0,40,"United-States","large"
38,"Private","Bachelors","Married-civ-spouse","Sales","Husband","White","Male",7298,0,40,"United-States","large"
26,"Private","Some-college","Never-married","Other-service","Own-child","White","Male",0,0,40,"United-States","small"
37,"Private","Bachelors","Never-married","Adm-clerical","Other-relative","Black","Female",0,0,40,"United-States","small"
33,"Private","Bachelors","Married-civ-spouse","Exec-managerial","Husband","White","Male",0,0,40,"United-States","large"
31,"Private","Prof-school","Never-married","Prof-specialty","Not-in-family","White","Female",0,0,99,"United-States","small"
38,"Private","Assoc-voc","Separated","Tech-support","Unmarried","White","Female",0,0,20,"United-States","small"
50,"Self-emp-not-inc","HS-grad","Married-civ-spouse","Craft-repair","Husband","White","Male",0,0,30,"United-States","small"
44,"Private","Some-college","Married-civ-spouse","Sales","Husband","White","Male",0,0,45,"United-States","large"
28,"Private","Bachelors","Never-married","Exec-managerial","Own-child","White","Male",0,0,40,"United-States","small"
28,"Private","Assoc-voc","Never-married","Tech-support","Not-in-family","Black","Female",0,0,40,"United-States","small"
56,"Self-emp-inc","Assoc-voc","Married-civ-spouse","Sales","Husband","White","Male",0,0,54,"United-States","large"
22,"Private","HS-grad","Never-married","Handlers-cleaners","Own-child","White","Male",0,0,50,"Portugal","small"
37,"Private","Masters","Divorced","Exec-managerial","Not-in-family","White","Male",0,0,45,"United-States","large"
31,"Self-emp-not-inc","HS-grad","Divorced","Craft-repair","Not-in-family","White","Male",0,0,60,"United-States","small"
28,"Private","11th","Never-married","Machine-op-inspct","Not-in-family","Black","Male",0,0,40,"United-States","small"
55,"Self-emp-not-inc","Masters","Married-civ-spouse","Sales","Husband","White","Male",2228,0,50,"United-States","small"
39,"Private","HS-grad","Married-civ-spouse","Farming-fishing","Husband","White","Male",0,0,45,"United-States","small"
33,"Private","Some-college","Married-civ-spouse","Craft-repair","Husband","White","Male",0,0,50,"United-States","small"
48,"Private","Assoc-acdm","Married-civ-spouse","Transport-moving","Husband","White","Male",0,0,50,"United-States","small"
25,"Private","10th","Never-married","Machine-op-inspct","Own-child","White","Male",0,0,40,"United-States","small"
45,"Self-emp-inc","HS-grad","Married-civ-spouse","Sales","Wife","White","Female",0,0,50,"United-States","small"
22,"Private","HS-grad","Never-married","Other-service","Not-in-family","White","Male",0,0,40,"United-States","small"
55,"Private","HS-grad","Divorced","Adm-clerical","Not-in-family","White","Female",0,0,40,"United-States","small"
35,"Private","12th","Never-married","Farming-fishing","Not-in-family","White","Male",0,0,20,"United-States","small"
23,"Private","HS-grad","Never-married","Other-service","Not-in-family","White","Female",0,0,25,"United-States","small"
40,"Private","HS-grad","Married-spouse-absent","Craft-repair","Not-in-family","White","Male",0,0,40,"United-States","large"
44,"Federal-gov","Bachelors","Divorced","Tech-support","Not-in-family","White","Male",0,2258,40,"United-States","large"
29,"Private","Bachelors","Married-civ-spouse","Tech-support","Husband","White","Male",0,0,40,"United-States","large"
46,"Private","Some-college","Married-civ-spouse","Transport-moving","Husband","White","Male",3103,0,40,"United-States","large"
56,"Private","Assoc-acdm","Married-spouse-absent","Other-service","Not-in-family","White","Male",0,0,25,"Iran","small"
55,"Private","HS-grad","Divorced","Craft-repair","Not-in-family","White","Male",0,0,40,"United-States","small"
59,"Local-gov","Some-college","Married-civ-spouse","Craft-repair","Husband","White","Male",0,0,40,"United-States","small"
28,"Private","Masters","Divorced","Prof-specialty","Not-in-family","White","Female",0,0,50,"United-States","small"
37,"Private","Some-college","Married-civ-spouse","Transport-moving","Husband","White","Male",0,0,40,"United-States","small"
34,"Private","7th-8th","Married-civ-spouse","Transport-moving","Husband","Amer-Indian-Eskimo","Male",0,0,45,"Mexico","small"
49,"Private","Bachelors","Never-married","Priv-house-serv","Not-in-family","White","Male",0,0,25,"United-States","small"
49,"Local-gov","Masters","Married-civ-spouse","Prof-specialty","Husband","White","Male",7298,0,40,"United-States","large"
58,"Private","HS-grad","Married-civ-spouse","Adm-clerical","Wife","White","Female",0,0,40,"United-States","small"
33,"Private","Assoc-voc","Never-married","Craft-repair","Unmarried","White","Male",0,0,40,"United-States","small"
32,"Private","Bachelors","Married-civ-spouse","Tech-support","Wife","White","Female",0,0,40,"United-States","large"
35,"Private","Some-college","Married-civ-spouse","Adm-clerical","Husband","White","Male",0,0,50,"United-States","large"
61,"Private","HS-grad","Married-civ-spouse","Sales","Husband","White","Male",0,0,40,"United-States","small"
18,"Private","Some-college","Never-married","Other-service","Own-child","White","Female",0,0,20,"Mexico","small"
20,"Federal-gov","HS-grad","Never-married","Adm-clerical","Other-relative","White","Male",0,0,20,"United-States","small"
29,"Private","Some-college","Never-married","Sales","Not-in-family","White","Male",0,0,60,"United-States","small"
50,"Private","Some-college","Divorced","Adm-clerical","Unmarried","White","Female",0,0,40,"United-States","small"
26,"Private","Bachelors","Never-married","Other-service","Not-in-family","White","Female",0,0,25,"United-States","small"
64,"Private","Some-college","Married-civ-spouse","Craft-repair","Husband","White","Male",0,0,20,"United-States","small"
30,"Private","9th","Married-civ-spouse","Handlers-cleaners","Other-relative","White","Male",0,0,40,"Mexico","small"
38,"Self-emp-inc","Bachelors","Married-civ-spouse","Prof-specialty","Husband","White","Male",0,0,50,"United-States","large"
30,"Private","9th","Married-civ-spouse","Other-service","Husband","White","Male",0,0,37,"United-States","small"
17,"Private","11th","Never-married","Craft-repair","Own-child","White","Male",0,0,30,"United-States","small"
38,"Private","Masters","Married-civ-spouse","Exec-managerial","Husband","White","Male",0,0,60,"United-States","large"
19,"Private","7th-8th","Never-married","Transport-moving","Unmarried","White","Male",0,0,25,"Guatemala","small"
31,"Private","HS-grad","Married-civ-spouse","Other-service","Husband","White","Male",0,0,65,"United-States","small"
45,"Private","HS-grad","Divorced","Adm-clerical","Not-in-family","White","Female",0,0,40,"United-States","small"
47,"State-gov","Some-college","Divorced","Prof-specialty","Unmarried","White","Male",0,0,20,"United-States","small"
23,"Private","9th","Separated","Other-service","Not-in-family","White","Male",0,0,40,"United-States","small"
25,"Private","HS-grad","Married-civ-spouse","Craft-repair","Husband","White","Male",0,1579,40,"United-States","small"
64,"Local-gov","HS-grad","Married-civ-spouse","Handlers-cleaners","Husband","White","Male",3471,0,40,"United-States","small"
28,"Private","Some-college","Never-married","Sales","Not-in-family","White","Female",0,0,40,"United-States","small"
30,"Federal-gov","Assoc-acdm","Never-married","Prof-specialty","Not-in-family","White","Female",0,0,40,"United-States","small"
40,"Private","Bachelors","Never-married","Tech-support","Not-in-family","Asian-Pac-Islander","Female",0,2258,48,"Philippines","small"
39,"Private","HS-grad","Married-civ-spouse","Farming-fishing","Husband","White","Male",0,0,65,"United-States","small"
53,"Private","HS-grad","Divorced","Machine-op-inspct","Unmarried","Black","Male",0,0,32,"United-States","small"
28,"Private","Assoc-acdm","Divorced","Prof-specialty","Not-in-family","White","Female",0,0,40,"United-States","small"
32,"Private","Bachelors","Divorced","Machine-op-inspct","Not-in-family","White","Female",0,1590,42,"United-States","small"
28,"Private","Doctorate","Never-married","Prof-specialty","Not-in-family","White","Female",0,0,60,"Germany","large"
52,"Private","Bachelors","Married-civ-spouse","Prof-specialty","Husband","Black","Male",0,0,40,"United-States","large"
38,"Private","Some-college","Married-civ-spouse","Exec-managerial","Husband","White","Male",0,0,45,"United-States","small"
29,"Private","Some-college","Married-civ-spouse","Other-service","Husband","White","Male",0,0,35,"United-States","small"
57,"Federal-gov","Some-college","Divorced","Prof-specialty","Not-in-family","White","Male",0,0,48,"United-States","large"
18,"Private","HS-grad","Never-married","Other-service","Own-child","White","Female",0,0,30,"United-States","small"
67,"Private","11th","Widowed","Other-service","Not-in-family","White","Female",0,0,40,"United-States","small"
41,"State-gov","Bachelors","Married-civ-spouse","Farming-fishing","Husband","White","Male",0,0,40,"United-States","large"
27,"Private","HS-grad","Married-civ-spouse","Craft-repair","Husband","White","Male",5178,0,40,"United-States","large"
50,"Private","Bachelors","Married-civ-spouse","Transport-moving","Husband","White","Male",7298,0,40,"United-States","large"
28,"Private","HS-grad","Divorced","Adm-clerical","Not-in-family","White","Male",0,0,40,"United-States","small"
49,"Private","HS-grad","Divorced","Adm-clerical","Unmarried","White","Female",0,0,38,"United-States","small"
25,"Private","Bachelors","Never-married","Sales","Not-in-family","White","Male",3325,0,48,"United-States","small"
24,"State-gov","Some-college","Never-married","Adm-clerical","Own-child","White","Male",0,0,12,"United-States","small"
27,"Self-emp-inc","Assoc-voc","Married-civ-spouse","Other-service","Wife","White","Female",0,0,36,"United-States","large"
18,"Private","Some-college","Never-married","Other-service","Own-child","White","Female",0,0,30,"United-States","small"
36,"Private","Bachelors","Divorced","Sales","Other-relative","Asian-Pac-Islander","Female",0,0,40,"South","small"
59,"Local-gov","Some-college","Separated","Protective-serv","Not-in-family","White","Male",0,0,40,"United-States","large"
25,"Private","Bachelors","Never-married","Prof-specialty","Own-child","Black","Female",0,0,55,"United-States","small"
49,"Private","Some-college","Divorced","Tech-support","Not-in-family","White","Male",0,0,40,"United-States","small"
21,"Private","9th","Never-married","Other-service","Own-child","Amer-Indian-Eskimo","Male",0,0,40,"United-States","small"
41,"Private","Some-college","Divorced","Craft-repair","Not-in-family","White","Female",0,0,50,"United-States","small"
50,"Private","Masters","Divorced","Sales","Not-in-family","White","Female",0,1590,45,"United-States","small"
38,"Self-emp-inc","HS-grad","Married-civ-spouse","Exec-managerial","Husband","White","Male",0,0,40,"United-States","large"
35,"Private","Bachelors","Never-married","Adm-clerical","Not-in-family","White","Female",0,0,40,"United-States","small"
33,"Private","HS-grad","Married-civ-spouse","Machine-op-inspct","Husband","White","Male",0,0,55,"United-States","large"
54,"Private","Bachelors","Married-civ-spouse","Sales","Husband","White","Male",7688,0,50,"United-States","large"
51,"Local-gov","HS-grad","Married-civ-spouse","Transport-moving","Husband","White","Male",0,0,40,"United-States","large"
60,"Private","Assoc-voc","Married-civ-spouse","Tech-support","Husband","White","Male",7298,0,40,"United-States","large"
59,"Local-gov","Masters","Married-civ-spouse","Prof-specialty","Husband","White","Male",0,0,40,"United-States","large"
26,"Private","Bachelors","Never-married","Adm-clerical","Not-in-family","White","Male",0,0,45,"United-States","small"
77,"Local-gov","HS-grad","Married-civ-spouse","Exec-managerial","Husband","White","Male",0,0,6,"United-States","small"
33,"Local-gov","Masters","Married-civ-spouse","Prof-specialty","Wife","White","Female",0,0,40,"United-States","small"
53,"State-gov","Doctorate","Married-civ-spouse","Adm-clerical","Husband","White","Male",0,0,50,"United-States","large"
47,"Private","Some-college","Married-civ-spouse","Sales","Husband","White","Male",0,0,50,"United-States","large"
48,"Self-emp-not-inc","Bachelors","Separated","Craft-repair","Not-in-family","White","Male",0,0,50,"United-States","small"
17,"Private","10th","Never-married","Handlers-cleaners","Own-child","White","Male",0,0,20,"United-States","small"
36,"Local-gov","HS-grad","Married-civ-spouse","Exec-managerial","Husband","White","Male",0,0,40,"United-States","small"
46,"Private","Assoc-voc","Divorced","Adm-clerical","Not-in-family","White","Female",0,0,40,"United-States","small"
21,"Private","Some-college","Never-married","Other-service","Own-child","White","Male",0,0,35,"Italy","small"
22,"Private","HS-grad","Never-married","Handlers-cleaners","Own-child","Black","Male",0,0,40,"United-States","small"
31,"Private","Some-college","Married-civ-spouse","Craft-repair","Husband","White","Male",0,0,55,"United-States","large"
43,"State-gov","Doctorate","Separated","Prof-specialty","Unmarried","White","Female",0,0,40,"United-States","large"
22,"Private","Some-college","Never-married","Sales","Own-child","White","Female",0,0,40,"United-States","small"
23,"Private","HS-grad","Never-married","Handlers-cleaners","Own-child","Black","Male",0,0,40,"United-States","small"
54,"State-gov","HS-grad","Married-civ-spouse","Prof-specialty","Husband","White","Male",0,0,40,"United-States","small"
39,"Federal-gov","Assoc-acdm","Never-married","Exec-managerial","Not-in-family","White","Male",0,0,42,"United-States","small"
18,"Private","HS-grad","Never-married","Handlers-cleaners","Own-child","White","Male",0,0,25,"United-States","small"
18,"Private","HS-grad","Never-married","Other-service","Own-child","White","Male",0,0,25,"United-States","small"
35,"Self-emp-inc","HS-grad","Married-civ-spouse","Sales","Husband","White","Male",0,0,65,"United-States","large"
23,"Private","Bachelors","Never-married","Other-service","Own-child","White","Female",0,0,30,"United-States","small"
55,"Local-gov","Assoc-acdm","Married-civ-spouse","Prof-specialty","Husband","Asian-Pac-Islander","Male",0,0,40,"United-States","large"
19,"Private","Some-college","Never-married","Adm-clerical","Own-child","White","Male",0,0,40,"United-States","small"
31,"Private","HS-grad","Divorced","Craft-repair","Not-in-family","White","Male",0,0,45,"United-States","small"
45,"Self-emp-not-inc","Some-college","Married-civ-spouse","Other-service","Wife","White","Female",0,0,99,"United-States","small"
19,"Private","Some-college","Never-married","Adm-clerical","Own-child","White","Female",0,0,30,"United-States","small"
62,"Private","Some-college","Separated","Sales","Unmarried","White","Female",0,1617,33,"United-States","small"
55,"Private","HS-grad","Married-civ-spouse","Other-service","Other-relative","Asian-Pac-Islander","Male",0,0,40,"Philippines","small"
41,"Private","HS-grad","Married-civ-spouse","Machine-op-inspct","Husband","White","Male",0,0,40,"United-States","small"
52,"Private","HS-grad","Married-civ-spouse","Handlers-cleaners","Husband","White","Male",0,0,40,"United-States","large"
28,"Private","HS-grad","Separated","Farming-fishing","Not-in-family","White","Male",0,0,55,"United-States","small"
34,"Private","Bachelors","Never-married","Prof-specialty","Own-child","White","Female",0,0,15,"United-States","small"
55,"Private","HS-grad","Married-civ-spouse","Handlers-cleaners","Husband","White","Male",3103,0,40,"United-States","large"
23,"Private","Some-college","Never-married","Exec-managerial","Own-child","Other","Male",0,0,24,"Peru","small"
25,"Private","Assoc-voc","Married-civ-spouse","Craft-repair","Husband","White","Male",0,0,45,"United-States","small"
39,"Private","Assoc-acdm","Never-married","Sales","Not-in-family","White","Female",0,0,40,"United-States","small"
35,"Federal-gov","Some-college","Married-civ-spouse","Protective-serv","Husband","Black","Male",0,0,40,"United-States","large"
24,"Private","Some-college","Never-married","Exec-managerial","Own-child","White","Male",0,0,40,"United-States","small"
67,"Private","HS-grad","Married-civ-spouse","Adm-clerical","Husband","White","Male",0,0,35,"United-States","small"
36,"Self-emp-inc","Some-college","Divorced","Sales","Unmarried","Asian-Pac-Islander","Male",0,0,55,"United-States","small"
28,"Private","Bachelors","Married-civ-spouse","Prof-specialty","Husband","Asian-Pac-Islander","Male",0,0,40,"Taiwan","small"
34,"Private","Assoc-voc","Married-civ-spouse","Craft-repair","Husband","White","Male",0,0,53,"United-States","small"
23,"Private","Bachelors","Never-married","Prof-specialty","Not-in-family","White","Female",0,0,40,"United-States","small"
38,"Private","Some-college","Divorced","Sales","Not-in-family","White","Female",0,0,40,"United-States","small"
58,"Private","Some-college","Married-civ-spouse","Exec-managerial","Husband","White","Male",7688,0,45,"United-States","large"
32,"Private","HS-grad","Married-civ-spouse","Sales","Husband","White","Male",7298,0,40,"United-States","large"
34,"Private","HS-grad","Never-married","Craft-repair","Not-in-family","White","Male",0,0,55,"United-States","small"
40,"Private","Masters","Married-civ-spouse","Prof-specialty","Husband","White","Male",0,0,50,"United-States","large"
19,"Private","HS-grad","Never-married","Other-service","Own-child","White","Male",0,0,40,"United-States","small"
45,"Private","Masters","Married-civ-spouse","Exec-managerial","Husband","White","Male",0,1902,50,"United-States","large"
39,"Private","HS-grad","Separated","Machine-op-inspct","Not-in-family","Black","Male",0,0,40,"United-States","small"
18,"Private","10th","Never-married","Other-service","Own-child","White","Female",0,0,20,"United-States","small"
52,"Private","Bachelors","Widowed","Other-service","Not-in-family","White","Female",0,2824,20,"United-States","large"
32,"Private","Bachelors","Married-civ-spouse","Exec-managerial","Husband","White","Male",0,0,48,"United-States","large"
38,"Self-emp-not-inc","Bachelors","Married-civ-spouse","Prof-specialty","Husband","White","Male",0,0,70,"United-States","small"
22,"Private","Some-college","Never-married","Craft-repair","Own-child","White","Male",0,0,35,"United-States","small"
62,"Federal-gov","HS-grad","Married-civ-spouse","Adm-clerical","Husband","White","Male",0,0,38,"United-States","small"
27,"Private","Some-college","Never-married","Adm-clerical","Not-in-family","White","Female",0,0,39,"United-States","small"
17,"Private","11th","Never-married","Handlers-cleaners","Own-child","White","Male",0,0,12,"United-States","small"
18,"Self-emp-not-inc","HS-grad","Never-married","Farming-fishing","Other-relative","White","Male",0,0,40,"United-States","small"
57,"Private","HS-grad","Separated","Craft-repair","Unmarried","White","Male",0,0,40,"United-States","small"
90,"Private","Bachelors","Never-married","Prof-specialty","Not-in-family","Asian-Pac-Islander","Male",0,0,40,"United-States","small"
39,"Private","Assoc-voc","Married-civ-spouse","Adm-clerical","Wife","White","Female",0,0,20,"United-States","large"
33,"Private","Assoc-acdm","Married-civ-spouse","Prof-specialty","Husband","White","Male",0,0,40,"United-States","large"
25,"Private","HS-grad","Separated","Protective-serv","Own-child","Black","Male",0,0,40,"United-States","small"
25,"Self-emp-not-inc","Some-college","Never-married","Farming-fishing","Own-child","White","Female",0,0,50,"United-States","small"
22,"Private","Bachelors","Never-married","Exec-managerial","Own-child","Asian-Pac-Islander","Female",0,0,40,"United-States","small"
65,"Private","Some-college","Married-civ-spouse","Protective-serv","Husband","White","Male",0,0,16,"United-States","small"
64,"Private","HS-grad","Married-civ-spouse","Craft-repair","Husband","White","Male",2635,0,40,"United-States","small"
51,"Self-emp-inc","Bachelors","Married-civ-spouse","Exec-managerial","Husband","White","Male",0,0,25,"United-States","small"
27,"Private","Assoc-acdm","Married-civ-spouse","Tech-support","Wife","White","Female",0,0,38,"United-States","small"
24,"Private","HS-grad","Married-civ-spouse","Machine-op-inspct","Wife","White","Female",0,0,24,"United-States","small"
44,"Self-emp-not-inc","HS-grad","Married-civ-spouse","Craft-repair","Husband","White","Male",0,0,30,"United-States","small"
19,"Private","Some-college","Never-married","Machine-op-inspct","Own-child","White","Male",0,0,20,"United-States","small"
40,"Private","Some-college","Married-civ-spouse","Prof-specialty","Husband","White","Male",0,0,40,"United-States","large"
36,"Private","HS-grad","Divorced","Farming-fishing","Not-in-family","White","Male",0,0,40,"United-States","small"
19,"Private","Some-college","Never-married","Transport-moving","Own-child","White","Male",0,0,30,"United-States","small"
25,"Private","HS-grad","Never-married","Craft-repair","Own-child","Black","Male",0,0,40,"United-States","small"
50,"Private","HS-grad","Married-civ-spouse","Transport-moving","Husband","White","Male",0,0,40,"United-States","large"
55,"Private","HS-grad","Married-civ-spouse","Craft-repair","Husband","White","Male",0,0,40,"United-States","large"
35,"Self-emp-not-inc","Assoc-acdm","Married-civ-spouse","Craft-repair","Husband","White","Male",0,0,40,"United-States","small"
36,"Private","Some-college","Married-civ-spouse","Exec-managerial","Husband","White","Male",0,0,52,"United-States","large"
61,"Private","5th-6th","Married-civ-spouse","Farming-fishing","Other-relative","White","Female",0,0,45,"Mexico","small"
34,"State-gov","Doctorate","Married-civ-spouse","Prof-specialty","Husband","White","Male",0,0,45,"Germany","large"
43,"Private","Some-college","Married-civ-spouse","Adm-clerical","Husband","White","Male",5013,0,40,"United-States","small"
25,"Private","HS-grad","Never-married","Transport-moving","Own-child","White","Male",0,0,40,"United-States","small"
39,"Private","HS-grad","Married-civ-spouse","Machine-op-inspct","Husband","White","Male",0,0,50,"United-States","large"
21,"Private","Some-college","Never-married","Sales","Unmarried","White","Male",0,0,40,"United-States","small"
30,"Private","Masters","Married-civ-spouse","Exec-managerial","Husband","White","Male",15024,0,60,"United-States","large"
54,"Private","Bachelors","Divorced","Prof-specialty","Not-in-family","White","Male",0,1340,40,"United-States","small"
22,"Local-gov","HS-grad","Never-married","Protective-serv","Unmarried","White","Male",0,0,56,"United-States","small"
52,"Private","Masters","Married-civ-spouse","Prof-specialty","Husband","White","Male",0,0,40,"United-States","large"
37,"Private","HS-grad","Married-civ-spouse","Adm-clerical","Wife","White","Female",0,0,40,"United-States","large"
31,"Private","HS-grad","Married-civ-spouse","Craft-repair","Husband","White","Male",0,0,40,"United-States","small"
34,"Private","Bachelors","Never-married","Exec-managerial","Not-in-family","White","Female",0,0,40,"United-States","small"
40,"Self-emp-not-inc","HS-grad","Married-civ-spouse","Craft-repair","Husband","White","Male",3411,0,40,"United-States","small"
57,"Self-emp-not-inc","Some-college","Married-civ-spouse","Transport-moving","Husband","White","Male",0,0,45,"United-States","large"
28,"Private","HS-grad","Never-married","Exec-managerial","Not-in-family","White","Female",0,0,40,"United-States","small"
29,"Private","HS-grad","Never-married","Tech-support","Own-child","Black","Male",0,0,40,"United-States","small"
61,"Private","10th","Widowed","Farming-fishing","Unmarried","White","Male",0,0,20,"United-States","small"
40,"Private","HS-grad","Married-civ-spouse","Craft-repair","Husband","White","Male",0,0,40,"United-States","small"
39,"Self-emp-not-inc","HS-grad","Never-married","Craft-repair","Other-relative","Amer-Indian-Eskimo","Male",0,0,40,"United-States","small"
18,"Private","Some-college","Never-married","Other-service","Own-child","White","Male",0,0,12,"United-States","small"
18,"Private","11th","Never-married","Other-service","Own-child","White","Female",0,0,30,"United-States","small"
23,"Private","HS-grad","Never-married","Handlers-cleaners","Not-in-family","White","Male",0,0,40,"United-States","small"
43,"Federal-gov","HS-grad","Never-married","Adm-clerical","Own-child","White","Male",0,0,40,"United-States","small"
52,"Private","HS-grad","Separated","Priv-house-serv","Not-in-family","White","Female",0,0,50,"United-States","small"
21,"Private","HS-grad","Never-married","Handlers-cleaners","Not-in-family","White","Male",3325,0,60,"United-States","small"
59,"Self-emp-inc","HS-grad","Divorced","Exec-managerial","Not-in-family","White","Male",0,0,60,"United-States","small"
30,"Private","Bachelors","Married-civ-spouse","Other-service","Husband","White","Male",0,0,60,"United-States","large"
33,"Private","HS-grad","Divorced","Adm-clerical","Unmarried","White","Female",0,0,40,"United-States","small"
32,"State-gov","Some-college","Married-civ-spouse","Prof-specialty","Wife","Black","Female",0,0,40,"United-States","small"
52,"Federal-gov","12th","Never-married","Other-service","Unmarried","Black","Female",0,0,40,"United-States","small"
33,"Self-emp-not-inc","Assoc-acdm","Divorced","Sales","Unmarried","Black","Male",0,0,60,"United-States","small"
45,"Private","Bachelors","Divorced","Adm-clerical","Unmarried","White","Female",4687,0,35,"United-States","large"
34,"Private","Bachelors","Divorced","Exec-managerial","Not-in-family","White","Male",0,0,85,"England","large"
37,"Private","Some-college","Married-civ-spouse","Craft-repair","Husband","White","Male",0,0,45,"United-States","small"
68,"Private","Bachelors","Married-civ-spouse","Prof-specialty","Husband","White","Male",0,0,55,"United-States","large"
27,"Local-gov","HS-grad","Never-married","Protective-serv","Not-in-family","Black","Male",2174,0,40,"United-States","small"
26,"Private","Some-college","Never-married","Other-service","Own-child","White","Female",0,0,45,"United-States","small"
67,"Self-emp-not-inc","Doctorate","Married-civ-spouse","Prof-specialty","Husband","White","Male",10605,0,35,"United-States","large"
23,"Private","HS-grad","Never-married","Adm-clerical","Not-in-family","White","Female",0,0,40,"United-States","small"
36,"Self-emp-not-inc","Some-college","Married-civ-spouse","Other-service","Wife","White","Female",0,0,40,"United-States","small"
38,"Private","Bachelors","Married-civ-spouse","Prof-specialty","Wife","White","Female",0,0,32,"United-States","large"
31,"Private","HS-grad","Never-married","Adm-clerical","Not-in-family","White","Female",0,0,50,"United-States","small"
34,"Private","HS-grad","Divorced","Exec-managerial","Not-in-family","White","Female",0,0,48,"United-States","small"
33,"Federal-gov","Assoc-acdm","Never-married","Adm-clerical","Unmarried","Black","Female",0,0,40,"United-States","small"
32,"Private","Bachelors","Married-civ-spouse","Craft-repair","Husband","White","Male",0,0,70,"Mexico","small"
30,"Private","HS-grad","Married-civ-spouse","Machine-op-inspct","Husband","White","Male",0,0,44,"United-States","small"
47,"Self-emp-inc","Prof-school","Never-married","Other-service","Not-in-family","White","Male",0,0,60,"United-States","large"
37,"Private","HS-grad","Separated","Craft-repair","Unmarried","White","Male",0,0,70,"Philippines","small"
20,"Private","9th","Never-married","Sales","Own-child","White","Female",0,0,40,"United-States","small"
38,"Private","HS-grad","Married-civ-spouse","Other-service","Husband","White","Male",0,0,40,"United-States","small"
32,"Private","HS-grad","Married-civ-spouse","Craft-repair","Husband","White","Male",0,0,40,"Germany","small"
31,"Private","HS-grad","Never-married","Other-service","Not-in-family","White","Male",0,0,85,"United-States","small"
50,"State-gov","Masters","Divorced","Prof-specialty","Unmarried","White","Female",0,0,40,"United-States","small"
63,"Private","HS-grad","Married-civ-spouse","Handlers-cleaners","Husband","White","Male",0,0,40,"United-States","small"
40,"Private","Assoc-acdm","Divorced","Adm-clerical","Unmarried","Black","Female",0,0,32,"United-States","small"
38,"Private","10th","Never-married","Prof-specialty","Not-in-family","White","Male",0,2559,90,"United-States","large"
26,"Self-emp-not-inc","Some-college","Never-married","Prof-specialty","Not-in-family","White","Female",0,0,4,"Mexico","small"
47,"Federal-gov","HS-grad","Never-married","Machine-op-inspct","Own-child","Black","Male",0,0,40,"United-States","small"
23,"Private","Some-college","Never-married","Farming-fishing","Unmarried","White","Male",0,0,45,"United-States","small"
46,"Private","HS-grad","Never-married","Exec-managerial","Not-in-family","White","Male",0,0,40,"United-States","small"
30,"Self-emp-not-inc","HS-grad","Married-civ-spouse","Craft-repair","Husband","White","Male",0,0,60,"United-States","small"
23,"Private","Masters","Never-married","Prof-specialty","Not-in-family","White","Male",0,0,40,"United-States","small"
24,"Private","11th","Never-married","Handlers-cleaners","Not-in-family","White","Male",0,0,40,"United-States","small"
66,"Private","HS-grad","Widowed","Tech-support","Not-in-family","White","Female",0,0,18,"United-States","small"
34,"Private","HS-grad","Married-civ-spouse","Farming-fishing","Husband","White","Male",0,0,60,"United-States","large"
62,"Private","10th","Married-civ-spouse","Machine-op-inspct","Husband","White","Male",0,0,40,"United-States","small"
27,"Private","Bachelors","Married-civ-spouse","Sales","Husband","White","Male",0,0,45,"United-States","small"
41,"Private","HS-grad","Married-civ-spouse","Transport-moving","Wife","White","Female",0,0,20,"United-States","small"
37,"Private","HS-grad","Divorced","Tech-support","Own-child","White","Male",0,0,45,"United-States","small"
39,"Private","HS-grad","Never-married","Adm-clerical","Not-in-family","White","Male",0,0,40,"United-States","small"
31,"Private","HS-grad","Never-married","Craft-repair","Not-in-family","White","Male",0,0,50,"United-States","small"
37,"Local-gov","HS-grad","Married-civ-spouse","Protective-serv","Husband","White","Male",0,0,40,"United-States","large"
50,"Private","Prof-school","Married-civ-spouse","Prof-specialty","Husband","White","Male",0,0,50,"United-States","large"
66,"Self-emp-inc","HS-grad","Married-civ-spouse","Transport-moving","Husband","White","Male",0,0,50,"United-States","large"
34,"Private","Bachelors","Married-civ-spouse","Prof-specialty","Wife","White","Female",0,0,40,"United-States","small"
46,"Local-gov","HS-grad","Married-civ-spouse","Other-service","Husband","White","Male",0,0,40,"United-States","small"
48,"Local-gov","Bachelors","Married-civ-spouse","Exec-managerial","Husband","White","Male",0,0,60,"Mexico","large"
56,"Private","Bachelors","Never-married","Exec-managerial","Not-in-family","White","Female",8614,0,55,"United-States","large"
54,"Private","Assoc-acdm","Widowed","Adm-clerical","Unmarried","White","Female",0,0,30,"United-States","small"
46,"Self-emp-not-inc","Bachelors","Married-civ-spouse","Farming-fishing","Husband","White","Male",0,0,40,"United-States","large"
22,"Private","Some-college","Never-married","Other-service","Not-in-family","White","Male",0,0,50,"United-States","small"
45,"Private","HS-grad","Divorced","Other-service","Not-in-family","White","Female",0,0,40,"United-States","small"
40,"Local-gov","Bachelors","Divorced","Tech-support","Not-in-family","White","Female",8614,0,40,"England","large"
65,"Self-emp-inc","Bachelors","Married-civ-spouse","Sales","Husband","White","Male",99999,0,60,"United-States","large"
23,"Private","Assoc-acdm","Never-married","Other-service","Own-child","White","Male",0,0,60,"United-States","small"
45,"Federal-gov","HS-grad","Married-civ-spouse","Adm-clerical","Husband","White","Male",0,0,40,"United-States","large"
32,"Private","Assoc-acdm","Married-civ-spouse","Exec-managerial","Husband","White","Male",0,0,60,"United-States","large"
74,"Private","HS-grad","Married-civ-spouse","Other-service","Husband","White","Male",0,0,30,"United-States","small"
55,"State-gov","HS-grad","Divorced","Adm-clerical","Not-in-family","White","Female",0,1617,40,"United-States","small"
63,"Private","Bachelors","Never-married","Tech-support","Not-in-family","White","Male",0,0,40,"United-States","large"
36,"Self-emp-not-inc","HS-grad","Married-civ-spouse","Sales","Wife","White","Female",7688,0,40,"United-States","large"
52,"Private","HS-grad","Married-civ-spouse","Sales","Husband","White","Male",0,0,36,"United-States","small"
29,"Private","Prof-school","Never-married","Prof-specialty","Unmarried","White","Male",27828,0,45,"Germany","large"
47,"Private","HS-grad","Married-civ-spouse","Transport-moving","Husband","White","Male",0,0,40,"United-States","small"
52,"State-gov","Doctorate","Married-civ-spouse","Prof-specialty","Husband","White","Male",0,1887,70,"Germany","large"
30,"Private","HS-grad","Never-married","Handlers-cleaners","Own-child","White","Male",0,0,40,"United-States","small"
23,"Private","Bachelors","Never-married","Prof-specialty","Own-child","White","Male",0,0,40,"United-States","small"
34,"Private","HS-grad","Divorced","Machine-op-inspct","Not-in-family","White","Male",0,0,30,"United-States","small"
42,"Private","7th-8th","Divorced","Sales","Not-in-family","White","Female",0,0,40,"United-States","small"
31,"Private","HS-grad","Divorced","Other-service","Unmarried","White","Female",0,0,40,"United-States","small"
28,"Private","Bachelors","Separated","Exec-managerial","Not-in-family","White","Female",0,0,50,"United-States","large"
22,"Private","Assoc-voc","Never-married","Sales","Not-in-family","Black","Female",0,0,25,"United-States","small"
25,"Private","Some-college","Never-married","Transport-moving","Unmarried","White","Male",0,0,40,"United-States","small"
27,"Private","Bachelors","Never-married","Prof-specialty","Not-in-family","White","Female",0,0,40,"United-States","small"
37,"Self-emp-inc","10th","Never-married","Transport-moving","Not-in-family","White","Male",0,2559,50,"United-States","large"
31,"Private","Bachelors","Never-married","Prof-specialty","Not-in-family","White","Male",0,0,47,"United-States","small"
41,"Self-emp-not-inc","HS-grad","Divorced","Farming-fishing","Other-relative","White","Male",0,0,20,"United-States","small"
19,"Self-emp-not-inc","Some-college","Never-married","Sales","Own-child","White","Female",0,0,16,"United-States","small"
47,"Local-gov","Bachelors","Married-civ-spouse","Prof-specialty","Wife","White","Female",0,0,50,"United-States","large"
26,"Federal-gov","HS-grad","Never-married","Adm-clerical","Not-in-family","Black","Female",0,0,40,"United-States","small"
36,"Private","HS-grad","Married-civ-spouse","Machine-op-inspct","Husband","White","Male",0,0,44,"United-States","large"
43,"Private","HS-grad","Married-civ-spouse","Craft-repair","Husband","White","Male",0,0,48,"United-States","large"
31,"Private","HS-grad","Never-married","Other-service","Own-child","Black","Female",0,0,20,"United-States","small"
54,"Private","Some-college","Married-civ-spouse","Adm-clerical","Husband","White","Male",0,0,40,"United-States","small"
23,"Private","Some-college","Divorced","Exec-managerial","Not-in-family","White","Male",0,0,50,"United-States","small"
40,"Private","11th","Married-civ-spouse","Farming-fishing","Husband","White","Male",0,0,40,"United-States","small"
34,"Private","HS-grad","Married-civ-spouse","Transport-moving","Husband","White","Male",0,0,40,"United-States","small"
35,"Federal-gov","HS-grad","Married-civ-spouse","Adm-clerical","Husband","White","Male",0,0,40,"United-States","small"
22,"Private","Some-college","Never-married","Farming-fishing","Own-child","White","Male",0,0,10,"United-States","small"
24,"Federal-gov","HS-grad","Never-married","Adm-clerical","Not-in-family","White","Female",0,1974,40,"United-States","small"
24,"Private","HS-grad","Married-civ-spouse","Craft-repair","Husband","White","Male",0,0,40,"United-States","small"
34,"Self-emp-inc","Prof-school","Married-civ-spouse","Prof-specialty","Husband","White","Male",15024,0,40,"United-States","large"
42,"Private","HS-grad","Divorced","Machine-op-inspct","Unmarried","White","Male",0,0,48,"United-States","small"
24,"Private","11th","Never-married","Craft-repair","Not-in-family","White","Male",0,0,40,"United-States","small"
57,"Private","5th-6th","Married-civ-spouse","Transport-moving","Husband","Black","Male",0,0,50,"United-States","small"
19,"Private","7th-8th","Never-married","Adm-clerical","Own-child","White","Male",0,0,80,"United-States","small"
30,"Private","HS-grad","Separated","Exec-managerial","Unmarried","White","Female",0,0,29,"United-States","small"
53,"Private","HS-grad","Divorced","Sales","Own-child","White","Female",0,0,35,"United-States","small"
54,"Private","5th-6th","Married-spouse-absent","Machine-op-inspct","Unmarried","White","Male",0,0,40,"Mexico","small"
41,"Private","Some-college","Divorced","Adm-clerical","Unmarried","White","Female",0,0,38,"United-States","small"
61,"Private","HS-grad","Married-civ-spouse","Tech-support","Husband","White","Male",0,0,40,"United-States","large"
51,"Private","HS-grad","Married-civ-spouse","Tech-support","Husband","White","Male",0,0,40,"United-States","large"
56,"Local-gov","HS-grad","Married-civ-spouse","Craft-repair","Husband","White","Male",0,0,40,"United-States","small"
34,"Private","HS-grad","Married-civ-spouse","Exec-managerial","Husband","White","Male",0,0,50,"United-States","small"
78,"Self-emp-inc","11th","Married-civ-spouse","Exec-managerial","Husband","White","Male",0,0,10,"United-States","small"
37,"Self-emp-not-inc","Prof-school","Married-civ-spouse","Prof-specialty","Husband","White","Male",0,0,50,"United-States","large"
26,"Private","11th","Never-married","Transport-moving","Not-in-family","White","Male",0,0,40,"United-States","small"
32,"Private","HS-grad","Divorced","Machine-op-inspct","Not-in-family","White","Female",0,0,38,"United-States","small"
22,"Private","HS-grad","Married-civ-spouse","Transport-moving","Husband","Black","Male",0,0,40,"United-States","small"
34,"Private","11th","Married-civ-spouse","Transport-moving","Husband","White","Male",0,0,50,"United-States","small"
37,"Private","Assoc-voc","Married-civ-spouse","Craft-repair","Husband","White","Male",0,0,45,"United-States","large"
34,"Private","HS-grad","Married-civ-spouse","Craft-repair","Husband","White","Male",0,0,40,"United-States","small"
21,"Private","Assoc-acdm","Never-married","Sales","Own-child","White","Male",0,0,40,"United-States","small"
41,"Local-gov","Some-college","Divorced","Protective-serv","Unmarried","White","Female",0,0,40,"United-States","small"
38,"Private","HS-grad","Married-civ-spouse","Exec-managerial","Husband","White","Male",0,0,44,"United-States","large"
19,"Private","Some-college","Never-married","Protective-serv","Own-child","White","Male",0,0,8,"United-States","small"
37,"Private","Some-college","Married-civ-spouse","Sales","Husband","White","Male",0,0,45,"United-States","large"
36,"Private","Some-college","Married-civ-spouse","Sales","Husband","White","Male",0,0,40,"United-States","small"
31,"Federal-gov","HS-grad","Married-civ-spouse","Adm-clerical","Husband","White","Male",0,0,40,"United-States","large"
19,"Local-gov","Some-college","Never-married","Adm-clerical","Own-child","White","Female",0,1721,30,"United-States","small"
32,"Private","HS-grad","Married-civ-spouse","Sales","Husband","White","Male",0,0,55,"United-States","large"
42,"Private","Some-college","Married-civ-spouse","Sales","Husband","White","Male",0,0,50,"United-States","large"
53,"Self-emp-not-inc","Some-college","Married-civ-spouse","Farming-fishing","Husband","White","Male",0,0,45,"United-States","small"
55,"Self-emp-not-inc","Masters","Married-civ-spouse","Prof-specialty","Husband","White","Male",7298,0,40,"United-States","large"
35,"Local-gov","Some-college","Married-civ-spouse","Protective-serv","Husband","White","Male",0,0,40,"United-States","small"
29,"Private","HS-grad","Never-married","Transport-moving","Other-relative","White","Male",0,0,50,"United-States","small"
79,"Self-emp-not-inc","HS-grad","Married-civ-spouse","Farming-fishing","Husband","White","Male",0,0,40,"United-States","small"
24,"Private","HS-grad","Never-married","Craft-repair","Not-in-family","White","Male",0,0,50,"United-States","small"
25,"Private","HS-grad","Married-civ-spouse","Transport-moving","Husband","White","Male",0,0,40,"United-States","small"
50,"Private","Some-college","Married-civ-spouse","Prof-specialty","Husband","White","Male",0,0,40,"United-States","small"
29,"Self-emp-inc","HS-grad","Married-civ-spouse","Other-service","Husband","White","Male",0,0,40,"United-States","small"
30,"Private","Bachelors","Never-married","Prof-specialty","Not-in-family","White","Male",13550,0,45,"United-States","large"
23,"Private","Some-college","Never-married","Craft-repair","Other-relative","White","Male",0,0,40,"United-States","small"
64,"State-gov","Doctorate","Never-married","Prof-specialty","Not-in-family","White","Female",4787,0,40,"United-States","large"
26,"Private","Assoc-voc","Married-civ-spouse","Craft-repair","Husband","White","Male",0,2002,40,"United-States","small"
60,"Local-gov","Bachelors","Married-civ-spouse","Protective-serv","Husband","White","Male",7298,0,48,"United-States","large"
46,"Local-gov","Bachelors","Married-civ-spouse","Prof-specialty","Wife","White","Female",0,0,40,"United-States","large"
20,"Private","Some-college","Never-married","Transport-moving","Own-child","White","Male",0,0,40,"United-States","small"
44,"Private","Some-college","Separated","Tech-support","Not-in-family","White","Female",0,0,38,"United-States","small"
24,"Private","Assoc-voc","Never-married","Machine-op-inspct","Own-child","White","Male",0,0,35,"United-States","small"
30,"Private","HS-grad","Never-married","Exec-managerial","Own-child","Black","Female",0,0,35,"Jamaica","small"
43,"Private","Some-college","Married-civ-spouse","Handlers-cleaners","Husband","White","Male",0,0,40,"United-States","large"
19,"Private","HS-grad","Never-married","Other-service","Own-child","White","Female",0,0,13,"United-States","small"
58,"Private","HS-grad","Divorced","Exec-managerial","Unmarried","White","Female",0,0,40,"United-States","small"
29,"Private","HS-grad","Married-civ-spouse","Other-service","Husband","White","Male",0,0,35,"United-States","small"
26,"Private","HS-grad","Divorced","Machine-op-inspct","Not-in-family","White","Male",0,0,40,"United-States","small"
30,"Private","HS-grad","Never-married","Craft-repair","Unmarried","Asian-Pac-Islander","Male",0,0,40,"Vietnam","small"
41,"Private","Bachelors","Married-civ-spouse","Craft-repair","Husband","White","Male",7688,0,55,"United-States","large"
49,"Private","HS-grad","Married-civ-spouse","Exec-managerial","Wife","White","Female",0,0,43,"United-States","small"
27,"Private","Bachelors","Married-civ-spouse","Prof-specialty","Husband","White","Male",0,0,40,"United-States","small"
28,"Self-emp-inc","Some-college","Never-married","Exec-managerial","Not-in-family","White","Male",0,0,50,"United-States","small"
34,"Private","10th","Married-civ-spouse","Handlers-cleaners","Husband","White","Male",0,0,40,"Portugal","small"
44,"Private","Doctorate","Married-civ-spouse","Adm-clerical","Husband","White","Male",0,0,55,"United-States","large"
41,"Private","Some-college","Divorced","Tech-support","Not-in-family","White","Male",0,0,50,"United-States","small"
27,"Private","Assoc-voc","Divorced","Sales","Not-in-family","White","Female",0,0,40,"United-States","small"
23,"Private","Some-college","Never-married","Machine-op-inspct","Not-in-family","White","Male",0,0,40,"United-States","small"
52,"Private","HS-grad","Divorced","Sales","Unmarried","White","Female",0,0,25,"United-States","small"
21,"Private","10th","Married-civ-spouse","Farming-fishing","Husband","White","Male",0,0,70,"United-States","small"
45,"State-gov","HS-grad","Separated","Adm-clerical","Own-child","White","Female",0,0,40,"United-States","small"
49,"Private","HS-grad","Married-civ-spouse","Machine-op-inspct","Husband","White","Male",0,0,45,"United-States","small"
27,"Private","HS-grad","Married-civ-spouse","Machine-op-inspct","Husband","White","Male",0,0,40,"United-States","small"
19,"Private","1st-4th","Never-married","Handlers-cleaners","Other-relative","White","Male",0,0,52,"Mexico","small"
29,"Private","HS-grad","Married-civ-spouse","Craft-repair","Husband","Black","Male",0,0,40,"United-States","small"
39,"Private","HS-grad","Married-civ-spouse","Craft-repair","Husband","White","Male",0,0,40,"United-States","small"
43,"Private","Some-college","Married-civ-spouse","Sales","Husband","White","Male",7688,0,40,"United-States","large"
25,"Private","Some-college","Divorced","Adm-clerical","Unmarried","White","Female",0,0,40,"United-States","small"
42,"Private","10th","Never-married","Transport-moving","Unmarried","White","Male",0,0,40,"United-States","large"
35,"Private","Masters","Never-married","Prof-specialty","Unmarried","White","Female",0,0,32,"United-States","small"
59,"Private","HS-grad","Married-civ-spouse","Handlers-cleaners","Husband","White","Male",0,0,40,"United-States","large"
35,"Private","HS-grad","Divorced","Transport-moving","Not-in-family","White","Male",0,1741,60,"United-States","small"
27,"State-gov","HS-grad","Never-married","Protective-serv","Own-child","White","Male",2174,0,40,"United-States","small"
56,"Self-emp-not-inc","Bachelors","Married-civ-spouse","Prof-specialty","Husband","White","Male",7688,0,40,"United-States","large"
36,"Private","Assoc-voc","Married-civ-spouse","Adm-clerical","Husband","White","Male",0,0,40,"United-States","large"
48,"Private","Some-college","Married-civ-spouse","Adm-clerical","Wife","White","Female",0,0,37,"United-States","small"
21,"Private","HS-grad","Never-married","Handlers-cleaners","Own-child","White","Female",0,0,40,"United-States","small"
51,"Private","HS-grad","Married-civ-spouse","Craft-repair","Husband","White","Male",0,0,40,"United-States","small"
32,"Private","HS-grad","Married-civ-spouse","Sales","Husband","White","Male",0,1902,50,"United-States","large"
46,"Federal-gov","HS-grad","Divorced","Adm-clerical","Not-in-family","White","Male",0,0,40,"United-States","small"
71,"State-gov","Prof-school","Married-civ-spouse","Other-service","Husband","White","Male",0,0,28,"United-States","small"
28,"Private","HS-grad","Never-married","Other-service","Other-relative","White","Male",0,0,40,"Mexico","small"
30,"Private","HS-grad","Divorced","Adm-clerical","Not-in-family","White","Female",0,0,40,"United-States","small"
31,"Private","11th","Never-married","Other-service","Not-in-family","White","Male",0,0,40,"United-States","small"
29,"Private","Some-college","Separated","Handlers-cleaners","Not-in-family","Black","Male",0,0,42,"United-States","small"
42,"Private","HS-grad","Married-civ-spouse","Sales","Husband","White","Male",0,0,40,"United-States","small"
23,"Private","HS-grad","Never-married","Machine-op-inspct","Own-child","Black","Male",0,0,40,"United-States","small"
42,"Self-emp-not-inc","HS-grad","Never-married","Exec-managerial","Not-in-family","White","Male",0,0,48,"United-States","small"
35,"Private","Bachelors","Never-married","Sales","Not-in-family","White","Female",8614,0,45,"United-States","large"
36,"Self-emp-not-inc","7th-8th","Married-civ-spouse","Machine-op-inspct","Husband","White","Male",7298,0,45,"United-States","large"
40,"Local-gov","Some-college","Never-married","Protective-serv","Not-in-family","White","Male",0,2444,40,"United-States","large"
26,"Private","Some-college","Never-married","Other-service","Own-child","Black","Female",0,0,50,"United-States","small"
51,"Private","HS-grad","Married-civ-spouse","Tech-support","Husband","White","Male",7298,0,50,"United-States","large"
51,"Private","HS-grad","Married-civ-spouse","Machine-op-inspct","Husband","Black","Male",3137,0,40,"United-States","small"
24,"Private","Preschool","Never-married","Farming-fishing","Not-in-family","White","Male",0,0,36,"Mexico","small"
26,"Private","Some-college","Never-married","Handlers-cleaners","Own-child","White","Male",0,0,40,"United-States","small"
44,"Private","HS-grad","Divorced","Tech-support","Not-in-family","White","Male",0,0,50,"United-States","large"
56,"Local-gov","HS-grad","Married-civ-spouse","Transport-moving","Husband","White","Male",0,0,40,"United-States","small"
58,"State-gov","Doctorate","Never-married","Exec-managerial","Not-in-family","White","Female",0,0,43,"United-States","large"
47,"Private","Some-college","Divorced","Sales","Own-child","White","Male",0,0,55,"United-States","small"
48,"Self-emp-inc","Doctorate","Married-civ-spouse","Exec-managerial","Wife","White","Female",0,0,40,"United-States","large"
26,"Private","HS-grad","Married-civ-spouse","Prof-specialty","Husband","White","Male",0,0,40,"United-States","small"
17,"Private","10th","Never-married","Prof-specialty","Own-child","Other","Female",0,0,15,"United-States","small"
24,"Private","HS-grad","Separated","Other-service","Not-in-family","White","Female",0,0,55,"United-States","small"
27,"Private","HS-grad","Never-married","Machine-op-inspct","Unmarried","Black","Female",0,0,40,"United-States","small"
34,"Private","Assoc-voc","Married-civ-spouse","Exec-managerial","Wife","White","Female",0,0,40,"Puerto-Rico","large"
51,"Private","HS-grad","Divorced","Machine-op-inspct","Own-child","Black","Male",0,0,40,"United-States","small"
27,"Federal-gov","Bachelors","Never-married","Adm-clerical","Not-in-family","White","Female",0,0,40,"United-States","small"
46,"Private","10th","Never-married","Other-service","Not-in-family","White","Female",0,0,25,"Ecuador","small"
32,"Self-emp-not-inc","HS-grad","Married-civ-spouse","Farming-fishing","Husband","White","Male",0,0,40,"Italy","small"
44,"Private","7th-8th","Married-civ-spouse","Machine-op-inspct","Wife","White","Female",0,0,40,"Dominican-Republic","small"
53,"Private","Assoc-voc","Divorced","Adm-clerical","Not-in-family","Black","Female",2202,0,40,"United-States","small"
59,"Private","7th-8th","Never-married","Other-service","Other-relative","White","Male",0,0,32,"United-States","small"
39,"Private","Masters","Married-civ-spouse","Exec-managerial","Husband","White","Male",0,0,50,"United-States","large"
42,"Self-emp-inc","Bachelors","Married-civ-spouse","Sales","Husband","White","Male",0,0,60,"United-States","large"
31,"Private","12th","Never-married","Sales","Not-in-family","White","Male",4650,0,50,"United-States","small"
28,"Private","Some-college","Never-married","Sales","Not-in-family","White","Male",0,0,40,"United-States","small"
34,"Private","Some-college","Married-civ-spouse","Craft-repair","Husband","White","Male",15024,0,45,"United-States","large"
36,"Private","Assoc-acdm","Married-civ-spouse","Tech-support","Husband","White","Male",0,0,55,"United-States","small"
32,"Private","Some-college","Divorced","Exec-managerial","Not-in-family","White","Female",0,0,38,"United-States","small"
27,"Private","HS-grad","Never-married","Handlers-cleaners","Own-child","White","Male",0,0,40,"United-States","small"
54,"Local-gov","HS-grad","Married-civ-spouse","Exec-managerial","Husband","White","Male",0,0,56,"United-States","small"
48,"Private","HS-grad","Divorced","Craft-repair","Unmarried","White","Female",0,0,40,"United-States","small"
56,"Local-gov","Bachelors","Married-civ-spouse","Prof-specialty","Husband","White","Male",0,0,40,"United-States","large"
48,"Private","Masters","Married-civ-spouse","Exec-managerial","Wife","White","Female",0,1902,38,"United-States","large"
49,"Self-emp-not-inc","Some-college","Married-civ-spouse","Craft-repair","Husband","White","Male",0,0,65,"Poland","small"
59,"Private","HS-grad","Never-married","Exec-managerial","Unmarried","White","Female",0,625,38,"United-States","small"
25,"Private","Bachelors","Never-married","Sales","Not-in-family","White","Male",0,0,40,"United-States","small"
56,"Local-gov","Bachelors","Married-civ-spouse","Prof-specialty","Husband","White","Male",15024,0,40,"United-States","large"
40,"Private","10th","Married-civ-spouse","Craft-repair","Husband","Black","Male",0,0,40,"United-States","small"
37,"Private","HS-grad","Divorced","Machine-op-inspct","Not-in-family","White","Female",0,0,56,"United-States","small"
25,"Private","HS-grad","Never-married","Craft-repair","Own-child","White","Male",0,0,28,"United-States","small"
26,"Private","Assoc-acdm","Married-civ-spouse","Prof-specialty","Wife","White","Female",0,0,75,"United-States","small"
34,"Self-emp-inc","Some-college","Married-civ-spouse","Exec-managerial","Husband","White","Male",0,0,65,"United-States","large"
31,"Private","HS-grad","Divorced","Sales","Not-in-family","White","Female",0,0,32,"United-States","small"
46,"Private","Bachelors","Married-civ-spouse","Exec-managerial","Husband","White","Male",0,0,60,"United-States","large"
56,"Private","HS-grad","Married-civ-spouse","Exec-managerial","Wife","White","Female",0,0,40,"United-States","large"
54,"Private","Some-college","Divorced","Exec-managerial","Not-in-family","White","Female",0,0,40,"Italy","small"
32,"Private","11th","Never-married","Other-service","Unmarried","Black","Female",0,0,40,"Jamaica","small"
32,"Private","Masters","Married-civ-spouse","Exec-managerial","Husband","Black","Male",0,1977,40,"United-States","large"
62,"Private","Bachelors","Married-civ-spouse","Exec-managerial","Husband","White","Male",0,0,50,"United-States","large"
38,"Private","Bachelors","Married-civ-spouse","Other-service","Husband","White","Male",3908,0,70,"United-States","small"
33,"Private","Some-college","Never-married","Other-service","Not-in-family","Black","Male",0,0,40,"United-States","small"
23,"Private","HS-grad","Divorced","Other-service","Own-child","White","Female",0,0,10,"United-States","small"
35,"Private","HS-grad","Married-civ-spouse","Craft-repair","Husband","White","Male",0,0,40,"United-States","small"
25,"Private","HS-grad","Married-civ-spouse","Craft-repair","Husband","White","Male",0,0,80,"United-States","large"
20,"Local-gov","Assoc-voc","Never-married","Adm-clerical","Own-child","White","Female",0,0,35,"United-States","small"
29,"Private","HS-grad","Never-married","Adm-clerical","Unmarried","White","Male",0,0,35,"Mexico","small"
42,"Private","Assoc-voc","Married-civ-spouse","Machine-op-inspct","Husband","White","Male",2407,0,40,"United-States","small"
26,"Private","Masters","Married-civ-spouse","Sales","Wife","White","Female",0,0,40,"United-States","small"
33,"Private","HS-grad","Divorced","Exec-managerial","Not-in-family","White","Female",0,0,40,"United-States","small"
21,"Private","HS-grad","Married-civ-spouse","Craft-repair","Husband","White","Male",0,0,37,"United-States","small"
64,"Private","Some-college","Widowed","Tech-support","Not-in-family","White","Female",0,0,35,"United-States","small"
20,"Private","Some-college","Never-married","Sales","Own-child","White","Female",0,0,35,"United-States","small"
61,"Private","Some-college","Married-civ-spouse","Craft-repair","Husband","White","Male",0,0,40,"United-States","small"
46,"Private","Bachelors","Married-civ-spouse","Exec-managerial","Husband","White","Male",7688,0,40,"United-States","large"
23,"Private","Bachelors","Never-married","Exec-managerial","Own-child","White","Female",0,0,40,"United-States","small"
51,"Private","HS-grad","Never-married","Craft-repair","Unmarried","White","Female",0,0,45,"Mexico","small"
23,"Private","Some-college","Never-married","Sales","Own-child","White","Female",0,0,40,"United-States","small"
20,"Private","1st-4th","Never-married","Farming-fishing","Not-in-family","White","Male",0,0,30,"El-Salvador","small"
30,"Self-emp-inc","HS-grad","Married-civ-spouse","Exec-managerial","Husband","White","Male",0,0,65,"Canada","large"
47,"Private","HS-grad","Divorced","Priv-house-serv","Not-in-family","White","Female",0,0,4,"United-States","small"
31,"Private","HS-grad","Never-married","Craft-repair","Unmarried","White","Male",14344,0,40,"United-States","large"
47,"Private","HS-grad","Married-civ-spouse","Sales","Husband","White","Male",0,0,30,"United-States","large"
32,"Private","Bachelors","Married-civ-spouse","Exec-managerial","Husband","White","Male",0,0,60,"United-States","large"
32,"Self-emp-not-inc","10th","Married-civ-spouse","Exec-managerial","Husband","White","Male",0,0,45,"United-States","small"
44,"Private","Assoc-acdm","Married-civ-spouse","Prof-specialty","Husband","White","Male",0,0,40,"United-States","large"
38,"Federal-gov","HS-grad","Married-civ-spouse","Exec-managerial","Husband","White","Male",0,0,42,"United-States","large"
44,"Private","Some-college","Married-civ-spouse","Transport-moving","Husband","White","Male",0,1887,60,"United-States","large"
41,"Private","HS-grad","Married-civ-spouse","Sales","Husband","White","Male",7298,0,50,"United-States","large"
62,"Private","Some-college","Widowed","Priv-house-serv","Unmarried","White","Female",0,0,40,"United-States","small"
35,"Private","12th","Separated","Machine-op-inspct","Unmarried","White","Female",0,0,40,"United-States","small"
42,"State-gov","Masters","Divorced","Prof-specialty","Not-in-family","White","Female",0,0,38,"United-States","small"
36,"Local-gov","Some-college","Divorced","Protective-serv","Unmarried","White","Male",0,0,55,"United-States","small"
43,"Private","Bachelors","Separated","Tech-support","Not-in-family","White","Male",0,0,40,"United-States","small"
51,"Self-emp-not-inc","HS-grad","Married-civ-spouse","Transport-moving","Husband","White","Male",0,0,65,"United-States","small"
27,"Private","Some-college","Married-civ-spouse","Machine-op-inspct","Husband","White","Male",0,0,40,"United-States","small"
40,"Private","Some-college","Divorced","Adm-clerical","Unmarried","White","Female",914,0,40,"United-States","small"
43,"Private","Some-college","Married-civ-spouse","Craft-repair","Husband","White","Male",0,1485,50,"United-States","small"
49,"Local-gov","Assoc-acdm","Divorced","Adm-clerical","Not-in-family","White","Female",0,0,30,"United-States","small"
33,"Private","Bachelors","Never-married","Prof-specialty","Not-in-family","White","Female",0,0,40,"United-States","small"
20,"Private","HS-grad","Never-married","Exec-managerial","Not-in-family","White","Male",0,0,25,"United-States","small"
22,"Private","Assoc-voc","Married-civ-spouse","Machine-op-inspct","Husband","White","Male",0,0,40,"United-States","small"
36,"Private","Bachelors","Married-civ-spouse","Prof-specialty","Husband","White","Male",0,0,45,"United-States","large"
47,"Self-emp-not-inc","Bachelors","Married-civ-spouse","Prof-specialty","Husband","Asian-Pac-Islander","Male",0,0,40,"South","small"
34,"Private","Some-college","Separated","Other-service","Unmarried","Black","Female",0,0,37,"United-States","small"
48,"Self-emp-inc","HS-grad","Married-civ-spouse","Craft-repair","Husband","White","Male",0,0,36,"United-States","small"
55,"Private","Some-college","Married-civ-spouse","Tech-support","Husband","White","Male",0,0,50,"Canada","large"
42,"Self-emp-not-inc","Bachelors","Married-civ-spouse","Craft-repair","Husband","White","Male",15024,0,60,"United-States","large"
18,"Private","11th","Never-married","Exec-managerial","Own-child","White","Male",0,0,20,"United-States","small"
24,"Private","Assoc-acdm","Never-married","Exec-managerial","Own-child","White","Male",0,0,40,"United-States","small"
31,"Private","10th","Married-civ-spouse","Transport-moving","Husband","White","Male",0,0,40,"United-States","small"
37,"Private","Bachelors","Married-civ-spouse","Tech-support","Husband","White","Male",0,0,40,"United-States","large"
51,"Private","HS-grad","Married-civ-spouse","Exec-managerial","Husband","White","Male",7298,0,40,"United-States","large"
42,"Private","HS-grad","Divorced","Machine-op-inspct","Not-in-family","White","Male",0,0,40,"United-States","small"
27,"Private","Assoc-voc","Never-married","Machine-op-inspct","Not-in-family","White","Male",0,0,40,"United-States","small"
50,"Self-emp-inc","HS-grad","Married-civ-spouse","Sales","Husband","Black","Male",0,0,60,"United-States","small"
69,"Self-emp-not-inc","Bachelors","Married-civ-spouse","Prof-specialty","Husband","White","Male",20051,0,45,"United-States","large"
30,"Private","HS-grad","Never-married","Machine-op-inspct","Own-child","White","Male",0,0,45,"United-States","small"
44,"Private","Bachelors","Married-civ-spouse","Prof-specialty","Husband","White","Male",0,0,3,"United-States","small"
37,"Self-emp-inc","Assoc-acdm","Married-civ-spouse","Sales","Husband","White","Male",0,0,68,"United-States","small"
30,"Private","HS-grad","Married-civ-spouse","Adm-clerical","Wife","White","Female",7298,0,40,"United-States","large"
35,"Private","HS-grad","Never-married","Exec-managerial","Not-in-family","White","Male",0,0,45,"United-States","small"
46,"Private","9th","Married-civ-spouse","Machine-op-inspct","Husband","White","Male",0,0,43,"United-States","small"
49,"State-gov","HS-grad","Married-civ-spouse","Prof-specialty","Husband","White","Male",0,0,40,"United-States","large"
31,"Private","HS-grad","Never-married","Sales","Other-relative","White","Male",0,0,40,"United-States","small"
19,"Private","Some-college","Never-married","Other-service","Own-child","White","Female",0,0,15,"United-States","small"
47,"Local-gov","Some-college","Never-married","Other-service","Own-child","White","Female",0,0,20,"United-States","small"
25,"Private","HS-grad","Never-married","Adm-clerical","Not-in-family","White","Male",0,0,40,"United-States","small"
38,"Private","HS-grad","Married-civ-spouse","Craft-repair","Husband","White","Male",0,0,40,"Nicaragua","small"
29,"Private","Some-college","Never-married","Handlers-cleaners","Not-in-family","White","Male",0,0,35,"United-States","small"
46,"Private","Assoc-acdm","Married-civ-spouse","Craft-repair","Husband","White","Male",0,1485,55,"United-States","small"
27,"Private","Bachelors","Never-married","Other-service","Not-in-family","White","Male",0,0,35,"United-States","small"
39,"Private","HS-grad","Married-civ-spouse","Craft-repair","Wife","Black","Female",0,0,45,"United-States","small"
30,"Private","HS-grad","Married-civ-spouse","Transport-moving","Husband","White","Male",0,0,73,"United-States","large"
30,"Self-emp-not-inc","HS-grad","Never-married","Craft-repair","Not-in-family","White","Male",99999,0,50,"United-States","large"
66,"Private","HS-grad","Widowed","Adm-clerical","Not-in-family","White","Female",0,0,13,"United-States","small"
26,"Private","HS-grad","Divorced","Craft-repair","Not-in-family","White","Male",0,0,40,"United-States","small"
27,"Private","HS-grad","Married-civ-spouse","Sales","Husband","White","Male",0,0,40,"United-States","small"
49,"Self-emp-not-inc","HS-grad","Married-civ-spouse","Craft-repair","Husband","White","Male",0,0,40,"United-States","large"
36,"Self-emp-not-inc","HS-grad","Married-civ-spouse","Farming-fishing","Husband","White","Male",0,0,50,"United-States","large"
31,"Self-emp-not-inc","Prof-school","Married-civ-spouse","Prof-specialty","Husband","White","Male",0,0,60,"United-States","large"
27,"Private","HS-grad","Never-married","Adm-clerical","Not-in-family","White","Male",0,0,40,"United-States","small"
30,"Private","HS-grad","Never-married","Handlers-cleaners","Not-in-family","White","Male",0,0,40,"United-States","small"
26,"Private","HS-grad","Never-married","Adm-clerical","Not-in-family","White","Female",0,0,40,"United-States","small"
19,"Private","HS-grad","Never-married","Other-service","Own-child","Black","Male",0,0,25,"United-States","small"
36,"Private","HS-grad","Never-married","Craft-repair","Own-child","Black","Male",0,0,40,"United-States","small"
30,"Private","Prof-school","Married-civ-spouse","Prof-specialty","Husband","Black","Male",0,1740,40,"Haiti","small"
30,"Private","HS-grad","Married-civ-spouse","Craft-repair","Husband","White","Male",0,0,50,"United-States","small"
22,"Private","HS-grad","Never-married","Craft-repair","Own-child","White","Female",0,0,40,"United-States","small"
21,"Private","10th","Married-civ-spouse","Handlers-cleaners","Husband","White","Male",0,0,35,"United-States","small"
55,"Private","Some-college","Married-civ-spouse","Tech-support","Husband","White","Male",0,0,40,"United-States","small"
27,"Private","Some-college","Married-civ-spouse","Craft-repair","Husband","White","Male",0,0,60,"United-States","small"
34,"Private","Some-college","Married-civ-spouse","Tech-support","Husband","White","Male",3103,0,40,"United-States","large"
36,"Private","HS-grad","Married-civ-spouse","Adm-clerical","Wife","White","Female",0,0,40,"United-States","large"
42,"Self-emp-not-inc","Bachelors","Married-civ-spouse","Sales","Husband","White","Male",0,0,40,"United-States","large"
65,"Private","Masters","Married-civ-spouse","Prof-specialty","Husband","White","Male",5556,0,50,"United-States","large"
30,"Private","HS-grad","Separated","Other-service","Unmarried","White","Female",0,0,30,"United-States","small"
21,"Private","HS-grad","Never-married","Other-service","Other-relative","White","Female",0,0,35,"United-States","small"
50,"Private","HS-grad","Married-civ-spouse","Craft-repair","Husband","White","Male",0,0,48,"United-States","large"
44,"Federal-gov","HS-grad","Never-married","Craft-repair","Own-child","Black","Female",0,0,40,"United-States","small"
39,"Private","11th","Married-civ-spouse","Other-service","Husband","White","Male",2407,0,70,"Mexico","small"
41,"Private","Some-college","Married-civ-spouse","Adm-clerical","Husband","White","Male",0,0,50,"United-States","large"
30,"State-gov","11th","Married-civ-spouse","Transport-moving","Husband","White","Male",0,0,40,"United-States","small"
36,"Private","Bachelors","Married-civ-spouse","Prof-specialty","Husband","White","Male",0,0,45,"United-States","small"
63,"Private","HS-grad","Widowed","Adm-clerical","Not-in-family","White","Female",0,0,40,"United-States","small"
38,"Private","Assoc-voc","Married-civ-spouse","Craft-repair","Husband","White","Male",0,0,40,"United-States","small"
33,"Private","Masters","Never-married","Exec-managerial","Not-in-family","White","Female",0,0,40,"United-States","small"
19,"Private","Some-college","Never-married","Other-service","Own-child","White","Female",0,0,20,"United-States","small"
65,"Private","HS-grad","Divorced","Other-service","Other-relative","White","Female",0,0,14,"United-States","small"
31,"Federal-gov","HS-grad","Married-civ-spouse","Adm-clerical","Husband","Black","Male",0,0,50,"United-States","small"
18,"Private","11th","Never-married","Other-service","Other-relative","White","Female",0,0,40,"United-States","small"
51,"Private","Assoc-acdm","Married-civ-spouse","Sales","Husband","White","Male",0,0,50,"United-States","small"
30,"Private","Some-college","Divorced","Adm-clerical","Unmarried","White","Female",0,0,40,"United-States","small"
54,"Private","Some-college","Divorced","Sales","Unmarried","White","Female",0,0,48,"United-States","small"
28,"Private","7th-8th","Married-civ-spouse","Handlers-cleaners","Husband","White","Male",0,0,40,"Mexico","small"
48,"Local-gov","Assoc-voc","Married-civ-spouse","Craft-repair","Husband","White","Male",0,0,40,"United-States","small"
37,"Private","Some-college","Married-civ-spouse","Machine-op-inspct","Husband","Black","Male",0,0,40,"United-States","large"
24,"Private","HS-grad","Never-married","Other-service","Not-in-family","White","Male",0,0,40,"United-States","small"
61,"Private","12th","Married-civ-spouse","Other-service","Wife","White","Female",0,0,40,"United-States","small"
22,"Private","Assoc-voc","Never-married","Craft-repair","Not-in-family","White","Male",0,0,30,"United-States","small"
31,"Self-emp-not-inc","HS-grad","Married-civ-spouse","Other-service","Wife","White","Female",0,2415,40,"United-States","large"
22,"Private","Some-college","Never-married","Sales","Other-relative","White","Male",0,0,65,"United-States","small"
64,"Private","HS-grad","Widowed","Prof-specialty","Not-in-family","White","Female",0,0,23,"United-States","small"
44,"Private","HS-grad","Married-civ-spouse","Farming-fishing","Husband","White","Male",0,0,80,"United-States","small"
22,"Private","Bachelors","Never-married","Sales","Own-child","White","Male",0,0,40,"United-States","small"
19,"Private","HS-grad","Never-married","Craft-repair","Not-in-family","White","Male",0,0,49,"United-States","small"
53,"Private","Bachelors","Married-civ-spouse","Craft-repair","Husband","White","Male",0,0,40,"United-States","large"
51,"Local-gov","Masters","Married-civ-spouse","Prof-specialty","Husband","White","Male",15024,0,40,"United-States","large"
23,"Private","HS-grad","Never-married","Sales","Not-in-family","White","Male",0,0,40,"United-States","small"
32,"Private","Bachelors","Married-civ-spouse","Craft-repair","Husband","White","Male",0,0,44,"United-States","large"
36,"Private","11th","Divorced","Other-service","Not-in-family","White","Female",0,0,40,"United-States","small"
21,"Private","Some-college","Never-married","Other-service","Own-child","White","Male",0,0,20,"United-States","small"
36,"Private","HS-grad","Never-married","Transport-moving","Not-in-family","White","Male",0,0,35,"United-States","small"
60,"Private","Assoc-voc","Married-civ-spouse","Tech-support","Husband","White","Male",0,0,40,"United-States","small"
28,"Private","Bachelors","Never-married","Protective-serv","Not-in-family","White","Female",0,0,40,"United-States","small"
53,"Private","Masters","Married-civ-spouse","Exec-managerial","Husband","White","Male",0,0,48,"United-States","large"
21,"Private","HS-grad","Never-married","Other-service","Other-relative","White","Male",0,0,40,"Mexico","small"
19,"Self-emp-not-inc","Some-college","Never-married","Other-service","Own-child","White","Female",0,0,40,"Mexico","small"
31,"Private","Some-college","Married-civ-spouse","Craft-repair","Husband","White","Male",0,0,40,"United-States","large"
35,"Private","Masters","Married-civ-spouse","Prof-specialty","Wife","White","Female",15024,0,50,"United-States","large"
45,"Self-emp-not-inc","Bachelors","Divorced","Prof-specialty","Not-in-family","White","Male",0,0,35,"United-States","small"
29,"State-gov","Some-college","Married-civ-spouse","Protective-serv","Husband","White","Male",0,0,40,"United-States","small"
21,"Self-emp-not-inc","Some-college","Never-married","Other-service","Own-child","White","Male",0,0,30,"United-States","small"
20,"Private","Some-college","Never-married","Sales","Own-child","White","Female",0,0,20,"United-States","small"
37,"Private","10th","Divorced","Other-service","Unmarried","White","Female",0,0,33,"United-States","small"
46,"Private","Bachelors","Married-civ-spouse","Exec-managerial","Husband","White","Male",0,0,53,"United-States","large"
47,"Private","Assoc-acdm","Married-civ-spouse","Sales","Husband","White","Male",5178,0,50,"United-States","large"
19,"Private","11th","Never-married","Transport-moving","Other-relative","White","Male",0,0,10,"United-States","small"
18,"Private","11th","Never-married","Handlers-cleaners","Own-child","White","Male",0,0,15,"United-States","small"
33,"Private","Some-college","Married-civ-spouse","Craft-repair","Husband","White","Male",0,0,40,"United-States","small"
20,"Private","Some-college","Never-married","Other-service","Own-child","White","Male",0,0,20,"United-States","small"
61,"Private","9th","Divorced","Other-service","Not-in-family","White","Male",0,0,40,"United-States","small"
37,"Private","Doctorate","Separated","Prof-specialty","Unmarried","White","Female",0,0,40,"United-States","small"
59,"Private","HS-grad","Divorced","Other-service","Not-in-family","Asian-Pac-Islander","Male",0,0,40,"China","small"
26,"Private","HS-grad","Never-married","Handlers-cleaners","Own-child","Black","Male",0,0,48,"United-States","small"
42,"Private","HS-grad","Divorced","Craft-repair","Unmarried","White","Male",0,0,40,"United-States","small"
50,"Local-gov","HS-grad","Married-civ-spouse","Exec-managerial","Husband","White","Male",0,0,42,"United-States","large"
20,"Private","HS-grad","Never-married","Adm-clerical","Own-child","White","Female",0,0,40,"United-States","small"
64,"Self-emp-not-inc","HS-grad","Married-civ-spouse","Farming-fishing","Husband","White","Male",0,0,40,"United-States","large"
50,"Private","HS-grad","Married-civ-spouse","Exec-managerial","Husband","White","Male",0,1902,40,"United-States","large"
31,"Private","HS-grad","Divorced","Adm-clerical","Unmarried","White","Female",0,0,38,"United-States","small"
33,"Private","9th","Never-married","Other-service","Not-in-family","White","Male",0,0,45,"El-Salvador","small"
21,"Private","9th","Never-married","Handlers-cleaners","Other-relative","White","Male",0,0,40,"Mexico","small"
46,"Private","HS-grad","Never-married","Transport-moving","Not-in-family","Amer-Indian-Eskimo","Male",0,0,40,"United-States","small"
42,"Self-emp-not-inc","HS-grad","Divorced","Craft-repair","Not-in-family","White","Male",0,0,40,"United-States","small"
24,"Private","Assoc-voc","Never-married","Craft-repair","Own-child","White","Male",0,0,40,"United-States","small"
50,"Private","HS-grad","Widowed","Prof-specialty","Unmarried","Black","Female",0,0,40,"United-States","small"
22,"Private","Bachelors","Never-married","Prof-specialty","Unmarried","White","Male",0,0,20,"United-States","small"
34,"Private","HS-grad","Married-civ-spouse","Machine-op-inspct","Husband","White","Male",0,0,40,"United-States","small"
25,"Private","HS-grad","Never-married","Other-service","Unmarried","White","Female",0,0,34,"United-States","small"
44,"Self-emp-not-inc","Some-college","Divorced","Exec-managerial","Not-in-family","White","Female",0,0,40,"United-States","small"
54,"Self-emp-inc","Bachelors","Married-civ-spouse","Sales","Husband","White","Male",0,0,70,"United-States","large"
21,"Private","Some-college","Never-married","Other-service","Own-child","White","Female",0,0,30,"United-States","small"
30,"Local-gov","Masters","Married-civ-spouse","Prof-specialty","Husband","White","Male",0,0,40,"United-States","large"
58,"Private","HS-grad","Married-civ-spouse","Adm-clerical","Husband","White","Male",0,0,45,"United-States","large"
33,"Private","Some-college","Married-civ-spouse","Transport-moving","Husband","White","Male",0,0,40,"United-States","small"
44,"Private","HS-grad","Married-civ-spouse","Craft-repair","Husband","White","Male",0,0,45,"United-States","large"
65,"Private","Masters","Never-married","Prof-specialty","Not-in-family","White","Male",0,0,99,"United-States","small"
38,"Private","Some-college","Married-civ-spouse","Transport-moving","Husband","Black","Male",0,0,50,"United-States","small"
21,"Private","HS-grad","Never-married","Adm-clerical","Unmarried","White","Female",0,0,40,"United-States","small"
57,"Private","HS-grad","Never-married","Other-service","Not-in-family","Black","Male",0,0,48,"United-States","small"
26,"Self-emp-not-inc","Bachelors","Divorced","Exec-managerial","Not-in-family","White","Male",0,1876,38,"United-States","small"
26,"Private","Bachelors","Married-civ-spouse","Transport-moving","Husband","White","Male",0,0,40,"United-States","large"
23,"Private","HS-grad","Never-married","Exec-managerial","Own-child","White","Female",0,0,45,"United-States","small"
46,"Federal-gov","Assoc-voc","Married-civ-spouse","Tech-support","Husband","White","Male",0,1848,40,"United-States","large"
30,"Private","HS-grad","Married-civ-spouse","Transport-moving","Husband","White","Male",0,0,40,"United-States","small"
24,"Private","HS-grad","Never-married","Machine-op-inspct","Other-relative","Black","Female",0,0,30,"United-States","small"
34,"Private","HS-grad","Divorced","Sales","Not-in-family","White","Male",0,1669,45,"United-States","small"
58,"Private","Some-college","Married-civ-spouse","Protective-serv","Husband","White","Male",0,1902,40,"United-States","large"
47,"Private","Assoc-acdm","Married-civ-spouse","Prof-specialty","Husband","White","Male",0,0,40,"United-States","large"
18,"Private","11th","Never-married","Craft-repair","Own-child","White","Male",0,0,5,"United-States","small"
44,"Self-emp-not-inc","Bachelors","Married-civ-spouse","Exec-managerial","Husband","White","Male",0,0,60,"United-States","small"
41,"Private","Some-college","Separated","Exec-managerial","Not-in-family","Black","Female",0,0,40,"United-States","small"
56,"Self-emp-not-inc","HS-grad","Married-civ-spouse","Exec-managerial","Husband","White","Male",0,0,48,"United-States","small"
55,"Local-gov","Masters","Married-civ-spouse","Prof-specialty","Husband","Black","Male",0,0,40,"United-States","large"
47,"Private","Assoc-acdm","Separated","Adm-clerical","Unmarried","White","Female",0,0,57,"United-States","small"
35,"Private","11th","Married-civ-spouse","Farming-fishing","Husband","White","Male",0,0,40,"United-States","small"
36,"Local-gov","Assoc-voc","Never-married","Protective-serv","Not-in-family","White","Male",0,0,40,"United-States","large"
66,"Private","Bachelors","Married-civ-spouse","Prof-specialty","Husband","White","Male",0,0,40,"United-States","large"
26,"Private","Bachelors","Never-married","Adm-clerical","Own-child","White","Male",0,0,24,"United-States","small"
17,"Private","11th","Never-married","Sales","Own-child","White","Female",0,0,15,"United-States","small"
47,"Private","HS-grad","Married-civ-spouse","Exec-managerial","Husband","White","Male",0,0,40,"United-States","large"
31,"Self-emp-inc","Bachelors","Married-civ-spouse","Exec-managerial","Husband","White","Male",0,0,55,"United-States","large"
21,"Private","HS-grad","Never-married","Machine-op-inspct","Own-child","White","Male",0,0,30,"United-States","small"
39,"Private","Assoc-voc","Divorced","Adm-clerical","Unmarried","White","Female",0,0,40,"United-States","small"
23,"Private","11th","Never-married","Craft-repair","Own-child","White","Male",0,0,40,"United-States","small"
45,"Private","Bachelors","Married-civ-spouse","Sales","Husband","White","Male",0,0,52,"United-States","large"
36,"Self-emp-inc","Assoc-acdm","Separated","Exec-managerial","Not-in-family","White","Male",0,0,50,"United-States","small"
24,"Private","HS-grad","Married-civ-spouse","Handlers-cleaners","Husband","White","Male",0,0,50,"United-States","small"
37,"Private","Bachelors","Married-civ-spouse","Exec-managerial","Husband","White","Male",5178,0,40,"United-States","large"
32,"Private","HS-grad","Married-civ-spouse","Machine-op-inspct","Husband","White","Male",0,0,40,"United-States","large"
28,"Private","Some-college","Married-civ-spouse","Handlers-cleaners","Husband","White","Male",0,0,40,"United-States","small"
27,"Private","HS-grad","Separated","Handlers-cleaners","Unmarried","White","Female",0,0,40,"Japan","small"
31,"Private","HS-grad","Never-married","Sales","Not-in-family","White","Female",0,0,45,"United-States","small"
24,"Private","11th","Married-civ-spouse","Transport-moving","Husband","Asian-Pac-Islander","Male",0,0,40,"Vietnam","small"
22,"Private","HS-grad","Never-married","Farming-fishing","Not-in-family","White","Male",0,0,50,"United-States","small"
58,"Private","HS-grad","Married-civ-spouse","Craft-repair","Husband","White","Male",0,0,40,"United-States","small"
57,"Self-emp-not-inc","Some-college","Married-civ-spouse","Sales","Husband","White","Male",0,0,60,"United-States","large"
48,"Self-emp-inc","Bachelors","Divorced","Sales","Not-in-family","White","Male",0,0,60,"United-States","large"
20,"Private","HS-grad","Never-married","Handlers-cleaners","Own-child","White","Male",0,0,28,"United-States","small"
23,"Private","HS-grad","Never-married","Priv-house-serv","Unmarried","Other","Female",0,0,40,"Guatemala","small"
34,"Private","Some-college","Married-civ-spouse","Other-service","Husband","White","Male",0,0,40,"United-States","small"
28,"Self-emp-not-inc","HS-grad","Married-civ-spouse","Sales","Husband","White","Male",0,0,50,"United-States","large"
47,"State-gov","Masters","Married-civ-spouse","Prof-specialty","Husband","White","Male",0,0,38,"United-States","large"
34,"Private","9th","Married-civ-spouse","Craft-repair","Husband","White","Male",0,0,50,"United-States","small"
23,"Private","Assoc-acdm","Never-married","Adm-clerical","Own-child","White","Female",0,1974,20,"United-States","small"
29,"Private","Bachelors","Never-married","Adm-clerical","Own-child","Asian-Pac-Islander","Female",2202,0,40,"Taiwan","small"
38,"Private","HS-grad","Never-married","Transport-moving","Unmarried","White","Male",0,0,40,"United-States","small"
66,"Private","Bachelors","Divorced","Prof-specialty","Unmarried","White","Female",0,0,8,"Cuba","small"
27,"Private","HS-grad","Never-married","Machine-op-inspct","Own-child","White","Female",0,0,40,"United-States","small"
32,"Private","Bachelors","Married-civ-spouse","Sales","Husband","White","Male",0,1848,50,"United-States","large"
17,"Private","11th","Never-married","Craft-repair","Own-child","White","Female",0,0,15,"United-States","small"
48,"Private","HS-grad","Divorced","Adm-clerical","Not-in-family","White","Female",0,0,37,"United-States","large"
43,"Private","10th","Married-civ-spouse","Transport-moving","Husband","White","Male",0,0,40,"Yugoslavia","small"
32,"Private","Some-college","Never-married","Adm-clerical","Not-in-family","White","Female",0,0,60,"United-States","small"
34,"Private","Assoc-acdm","Married-civ-spouse","Craft-repair","Husband","White","Male",0,0,44,"United-States","small"
51,"Private","Some-college","Married-civ-spouse","Sales","Husband","White","Male",0,0,40,"United-States","small"
36,"Private","HS-grad","Separated","Adm-clerical","Unmarried","Black","Female",0,0,40,"United-States","small"
42,"State-gov","Some-college","Divorced","Adm-clerical","Own-child","White","Female",0,0,38,"United-States","small"
33,"Private","HS-grad","Married-civ-spouse","Craft-repair","Husband","White","Male",0,0,40,"United-States","small"
50,"Federal-gov","Bachelors","Married-civ-spouse","Exec-managerial","Husband","White","Male",7298,0,40,"United-States","large"
35,"Private","Doctorate","Married-civ-spouse","Prof-specialty","Husband","White","Male",7298,0,40,"United-States","large"
26,"Private","Assoc-acdm","Married-civ-spouse","Machine-op-inspct","Husband","White","Male",5178,0,40,"United-States","large"
29,"Private","HS-grad","Never-married","Other-service","Own-child","White","Female",0,0,40,"United-States","small"
30,"Private","HS-grad","Never-married","Sales","Other-relative","White","Male",0,0,40,"United-States","small"
17,"Private","11th","Never-married","Other-service","Own-child","White","Female",0,0,15,"United-States","small"
34,"Private","HS-grad","Never-married","Handlers-cleaners","Not-in-family","White","Male",0,0,40,"United-States","small"
37,"Private","Bachelors","Never-married","Transport-moving","Not-in-family","White","Male",0,0,46,"United-States","small"
37,"Self-emp-inc","Bachelors","Married-civ-spouse","Sales","Husband","White","Male",0,2415,50,"United-States","large"
51,"Private","Bachelors","Married-civ-spouse","Prof-specialty","Husband","White","Male",0,0,40,"United-States","small"
54,"Private","HS-grad","Married-civ-spouse","Sales","Husband","White","Male",0,1672,50,"United-States","small"
53,"Private","HS-grad","Divorced","Other-service","Not-in-family","White","Female",0,0,38,"United-States","small"
23,"Private","HS-grad","Never-married","Adm-clerical","Own-child","White","Female",0,0,35,"United-States","small"
29,"Private","Assoc-voc","Divorced","Tech-support","Not-in-family","White","Female",2174,0,45,"United-States","small"
36,"Private","11th","Never-married","Craft-repair","Not-in-family","Black","Female",0,0,40,"United-States","small"
28,"Private","HS-grad","Married-civ-spouse","Craft-repair","Husband","White","Male",0,0,46,"United-States","small"
47,"Private","HS-grad","Married-civ-spouse","Other-service","Wife","White","Female",0,0,38,"United-States","small"
37,"Local-gov","Some-college","Married-civ-spouse","Tech-support","Wife","White","Female",7298,0,36,"United-States","large"
38,"Private","10th","Widowed","Transport-moving","Unmarried","Black","Male",114,0,40,"United-States","small"
66,"Self-emp-inc","Bachelors","Married-civ-spouse","Sales","Husband","White","Male",5556,0,26,"United-States","large"
42,"Local-gov","Bachelors","Married-civ-spouse","Protective-serv","Husband","White","Male",0,1902,40,"United-States","large"
23,"Private","HS-grad","Never-married","Adm-clerical","Not-in-family","White","Female",0,0,50,"United-States","small"
45,"Federal-gov","Bachelors","Married-civ-spouse","Handlers-cleaners","Husband","White","Male",0,0,40,"United-States","small"
50,"Private","Bachelors","Married-civ-spouse","Farming-fishing","Husband","White","Male",0,0,45,"United-States","large"
37,"Private","HS-grad","Married-civ-spouse","Craft-repair","Husband","White","Male",0,0,99,"United-States","large"
35,"Private","Bachelors","Never-married","Sales","Not-in-family","White","Male",10520,0,45,"United-States","large"
43,"Private","Assoc-voc","Married-civ-spouse","Tech-support","Wife","White","Female",0,1902,32,"United-States","large"
26,"Private","Masters","Never-married","Prof-specialty","Not-in-family","White","Female",0,0,40,"United-States","small"
30,"Private","Some-college","Never-married","Sales","Own-child","White","Female",0,0,40,"El-Salvador","small"
40,"Private","HS-grad","Divorced","Other-service","Not-in-family","White","Male",0,0,60,"Greece","small"
22,"Private","HS-grad","Never-married","Machine-op-inspct","Own-child","White","Male",0,0,40,"United-States","small"
33,"Private","Some-college","Divorced","Craft-repair","Other-relative","Other","Female",0,0,40,"United-States","small"
37,"Private","Assoc-voc","Married-civ-spouse","Craft-repair","Husband","White","Male",0,0,40,"Portugal","large"
38,"Private","Bachelors","Married-civ-spouse","Adm-clerical","Husband","White","Male",5178,0,50,"United-States","large"
42,"Private","Some-college","Divorced","Sales","Not-in-family","White","Male",0,0,50,"United-States","large"
21,"Private","HS-grad","Never-married","Adm-clerical","Own-child","White","Female",0,0,40,"United-States","small"
47,"Federal-gov","HS-grad","Married-civ-spouse","Adm-clerical","Husband","Black","Male",0,0,40,"United-States","large"
23,"Private","HS-grad","Never-married","Sales","Own-child","White","Male",0,0,60,"United-States","small"
22,"Private","Some-college","Never-married","Protective-serv","Own-child","White","Male",0,0,25,"United-States","small"
42,"Private","Some-college","Married-civ-spouse","Other-service","Wife","Black","Female",0,0,30,"United-States","small"
36,"Private","Bachelors","Married-civ-spouse","Prof-specialty","Husband","White","Male",7688,0,40,"United-States","large"
31,"Private","Bachelors","Never-married","Exec-managerial","Not-in-family","White","Male",0,0,55,"United-States","small"
52,"Private","HS-grad","Divorced","Craft-repair","Not-in-family","White","Male",0,0,40,"United-States","large"
49,"Private","HS-grad","Widowed","Adm-clerical","Unmarried","White","Female",0,0,40,"United-States","small"
30,"Private","HS-grad","Married-civ-spouse","Other-service","Husband","Black","Male",0,0,25,"United-States","small"
50,"Private","HS-grad","Married-civ-spouse","Other-service","Husband","White","Male",0,0,40,"United-States","small"
43,"Private","Bachelors","Married-civ-spouse","Sales","Husband","White","Male",0,0,40,"United-States","large"
46,"Private","HS-grad","Divorced","Craft-repair","Other-relative","White","Male",0,0,40,"United-States","small"
25,"Private","HS-grad","Never-married","Other-service","Unmarried","White","Female",0,0,40,"United-States","small"
24,"State-gov","Assoc-acdm","Married-civ-spouse","Protective-serv","Husband","White","Male",0,0,50,"United-States","small"
51,"Private","HS-grad","Married-civ-spouse","Prof-specialty","Husband","White","Male",0,0,40,"United-States","small"
69,"Self-emp-not-inc","Some-college","Widowed","Farming-fishing","Not-in-family","White","Female",0,0,14,"United-States","small"
64,"Private","HS-grad","Married-civ-spouse","Machine-op-inspct","Husband","White","Male",0,0,40,"United-States","small"
44,"Self-emp-not-inc","HS-grad","Divorced","Sales","Not-in-family","White","Male",0,0,50,"United-States","small"
45,"Private","Bachelors","Married-civ-spouse","Exec-managerial","Husband","White","Male",0,0,40,"England","large"
24,"Local-gov","Bachelors","Never-married","Prof-specialty","Own-child","White","Female",0,0,50,"United-States","small"
55,"Private","HS-grad","Married-civ-spouse","Other-service","Husband","White","Male",0,0,40,"United-States","small"
33,"Private","5th-6th","Separated","Other-service","Unmarried","White","Female",0,0,40,"Mexico","small"
42,"Private","Assoc-acdm","Married-civ-spouse","Sales","Husband","White","Male",0,0,40,"United-States","small"
50,"State-gov","Bachelors","Married-civ-spouse","Exec-managerial","Husband","White","Male",0,0,40,"United-States","large"
45,"Local-gov","HS-grad","Widowed","Protective-serv","Not-in-family","White","Male",0,0,40,"United-States","large"
23,"Private","HS-grad","Never-married","Machine-op-inspct","Not-in-family","White","Female",0,0,40,"United-States","small"
46,"Private","Some-college","Married-civ-spouse","Protective-serv","Husband","Black","Male",0,0,40,"United-States","large"
70,"Private","7th-8th","Widowed","Other-service","Unmarried","Black","Female",0,0,38,"United-States","small"
32,"Private","11th","Never-married","Priv-house-serv","Unmarried","Black","Female",0,0,40,"United-States","small"
45,"Private","HS-grad","Never-married","Priv-house-serv","Unmarried","Black","Female",0,0,30,"United-States","small"
50,"Federal-gov","Some-college","Divorced","Adm-clerical","Unmarried","White","Female",0,880,40,"United-States","small"
44,"Self-emp-inc","Bachelors","Married-civ-spouse","Farming-fishing","Husband","White","Male",15024,0,65,"United-States","large"
40,"Private","Assoc-acdm","Divorced","Exec-managerial","Not-in-family","White","Female",0,0,40,"United-States","large"
38,"Private","Some-college","Married-civ-spouse","Protective-serv","Husband","Black","Male",0,0,40,"United-States","large"
42,"Private","Some-college","Never-married","Other-service","Own-child","White","Female",0,0,40,"United-States","small"
36,"Private","HS-grad","Married-civ-spouse","Transport-moving","Husband","Black","Male",0,0,50,"United-States","large"
56,"Private","HS-grad","Divorced","Transport-moving","Not-in-family","White","Male",0,0,40,"United-States","small"
57,"Private","HS-grad","Married-civ-spouse","Other-service","Husband","White","Male",0,0,78,"United-States","small"
41,"Private","9th","Married-civ-spouse","Transport-moving","Husband","White","Male",0,0,35,"United-States","small"
33,"Private","Some-college","Married-civ-spouse","Exec-managerial","Husband","White","Male",0,0,50,"United-States","small"
29,"Private","Assoc-acdm","Divorced","Sales","Unmarried","White","Female",3418,0,40,"United-States","small"
29,"Private","Bachelors","Never-married","Prof-specialty","Not-in-family","White","Male",8614,0,45,"United-States","large"
40,"Federal-gov","Some-college","Divorced","Exec-managerial","Not-in-family","Black","Female",0,0,40,"United-States","small"
20,"Private","9th","Never-married","Transport-moving","Not-in-family","White","Male",0,0,50,"United-States","small"
43,"Private","HS-grad","Married-civ-spouse","Craft-repair","Husband","White","Male",0,0,55,"United-States","small"
41,"Private","Doctorate","Never-married","Machine-op-inspct","Not-in-family","White","Female",0,0,40,"United-States","large"
37,"Private","HS-grad","Married-civ-spouse","Transport-moving","Husband","White","Male",0,0,52,"United-States","small"
35,"Private","Bachelors","Married-civ-spouse","Other-service","Wife","White","Female",0,0,32,"United-States","small"
37,"State-gov","Bachelors","Never-married","Adm-clerical","Not-in-family","White","Male",0,0,38,"United-States","small"
38,"Private","HS-grad","Married-civ-spouse","Machine-op-inspct","Husband","White","Male",3137,0,45,"United-States","small"
30,"Private","Bachelors","Married-civ-spouse","Exec-managerial","Husband","White","Male",0,0,50,"United-States","small"
32,"Private","Some-college","Married-civ-spouse","Sales","Husband","White","Male",0,0,40,"United-States","small"
45,"Self-emp-not-inc","Some-college","Separated","Sales","Unmarried","White","Male",0,0,50,"United-States","small"
44,"Private","Bachelors","Divorced","Exec-managerial","Unmarried","White","Female",0,0,45,"United-States","small"
52,"Private","10th","Married-civ-spouse","Machine-op-inspct","Husband","White","Male",0,0,41,"United-States","small"
34,"Private","HS-grad","Never-married","Adm-clerical","Not-in-family","White","Female",0,0,40,"United-States","small"
22,"Private","HS-grad","Never-married","Prof-specialty","Own-child","White","Male",0,0,54,"United-States","small"
35,"Self-emp-inc","Bachelors","Never-married","Exec-managerial","Not-in-family","White","Female",0,0,60,"United-States","large"
52,"Private","11th","Married-civ-spouse","Other-service","Husband","White","Male",0,0,40,"United-States","small"
42,"Private","Some-college","Married-civ-spouse","Prof-specialty","Husband","White","Male",0,0,45,"United-States","small"
47,"Self-emp-inc","HS-grad","Married-civ-spouse","Exec-managerial","Husband","White","Male",0,0,80,"United-States","large"
60,"Federal-gov","HS-grad","Never-married","Adm-clerical","Not-in-family","Black","Female",0,0,40,"United-States","small"
30,"Private","Some-college","Never-married","Sales","Not-in-family","White","Male",0,0,45,"United-States","small"
46,"Private","Masters","Divorced","Exec-managerial","Not-in-family","White","Female",0,0,50,"United-States","large"
57,"Local-gov","HS-grad","Widowed","Transport-moving","Not-in-family","White","Female",0,0,40,"United-States","small"
48,"Private","Some-college","Never-married","Craft-repair","Not-in-family","Black","Female",0,0,40,"United-States","small"
49,"Self-emp-not-inc","Assoc-acdm","Married-civ-spouse","Craft-repair","Husband","White","Male",0,0,30,"Columbia","small"
27,"Local-gov","Bachelors","Never-married","Tech-support","Not-in-family","White","Male",0,0,50,"United-States","small"
28,"Private","Assoc-voc","Never-married","Exec-managerial","Own-child","Black","Female",0,0,40,"United-States","small"
48,"Private","Doctorate","Married-civ-spouse","Prof-specialty","Husband","White","Male",0,0,45,"United-States","large"
43,"Private","Masters","Never-married","Other-service","Not-in-family","White","Female",0,0,30,"Poland","small"
25,"Local-gov","Bachelors","Never-married","Prof-specialty","Not-in-family","White","Male",0,0,40,"United-States","small"
74,"Federal-gov","Some-college","Widowed","Transport-moving","Not-in-family","White","Female",0,0,18,"United-States","small"
51,"Federal-gov","HS-grad","Married-civ-spouse","Adm-clerical","Husband","White","Male",0,0,40,"United-States","small"
47,"Private","Doctorate","Married-civ-spouse","Exec-managerial","Husband","White","Male",99999,0,50,"United-States","large"
34,"Private","HS-grad","Never-married","Priv-house-serv","Not-in-family","White","Female",0,0,40,"Mexico","small"
65,"Private","Bachelors","Married-civ-spouse","Exec-managerial","Husband","White","Male",0,0,40,"United-States","large"
69,"Self-emp-not-inc","Assoc-voc","Married-civ-spouse","Sales","Husband","White","Male",0,0,8,"United-States","small"
28,"Private","10th","Married-civ-spouse","Handlers-cleaners","Husband","White","Male",0,0,30,"Mexico","small"
50,"Self-emp-inc","11th","Never-married","Exec-managerial","Other-relative","White","Male",0,2444,40,"United-States","large"
52,"Self-emp-not-inc","HS-grad","Married-civ-spouse","Transport-moving","Husband","White","Male",0,0,22,"United-States","small"
37,"Private","Assoc-acdm","Married-civ-spouse","Sales","Husband","White","Male",0,0,40,"United-States","small"
51,"Self-emp-inc","Masters","Married-civ-spouse","Exec-managerial","Husband","White","Male",15024,0,50,"United-States","large"
27,"Private","Some-college","Married-civ-spouse","Craft-repair","Husband","White","Male",0,0,40,"United-States","small"
65,"Self-emp-not-inc","Prof-school","Divorced","Prof-specialty","Not-in-family","White","Male",0,1668,40,"United-States","small"
51,"State-gov","Masters","Never-married","Prof-specialty","Not-in-family","White","Male",0,0,40,"United-States","large"
27,"Private","Some-college","Married-civ-spouse","Adm-clerical","Wife","Black","Female",0,2377,20,"United-States","small"
49,"Self-emp-inc","Some-college","Married-civ-spouse","Sales","Husband","White","Male",0,0,70,"United-States","large"
36,"Private","Bachelors","Never-married","Exec-managerial","Not-in-family","White","Male",0,0,70,"United-States","small"
28,"Private","7th-8th","Separated","Other-service","Own-child","White","Male",0,0,60,"Mexico","small"
44,"Private","Bachelors","Married-civ-spouse","Exec-managerial","Husband","White","Male",0,0,40,"United-States","large"
36,"Private","Doctorate","Married-civ-spouse","Prof-specialty","Husband","White","Male",0,0,60,"United-States","large"
44,"Local-gov","Some-college","Married-civ-spouse","Exec-managerial","Husband","White","Male",0,0,40,"United-States","large"
48,"Self-emp-inc","Prof-school","Married-civ-spouse","Prof-specialty","Husband","White","Male",15024,0,40,"United-States","large"
30,"Private","Some-college","Divorced","Transport-moving","Not-in-family","White","Male",0,0,40,"United-States","small"
30,"Private","Some-college","Never-married","Sales","Not-in-family","White","Female",0,0,48,"United-States","small"
22,"State-gov","Some-college","Never-married","Prof-specialty","Own-child","White","Female",0,0,20,"United-States","small"
43,"Private","Bachelors","Never-married","Adm-clerical","Not-in-family","White","Female",0,0,40,"United-States","small"
18,"Private","11th","Married-civ-spouse","Handlers-cleaners","Own-child","White","Male",0,0,40,"United-States","small"
27,"Private","Some-college","Never-married","Other-service","Own-child","Black","Female",0,0,30,"United-States","small"
49,"Private","HS-grad","Widowed","Machine-op-inspct","Unmarried","Black","Female",0,0,40,"United-States","small"
34,"Private","10th","Married-civ-spouse","Craft-repair","Husband","White","Male",0,0,40,"United-States","small"
59,"Federal-gov","Masters","Never-married","Exec-managerial","Not-in-family","White","Male",0,0,40,"United-States","small"
39,"Private","Bachelors","Never-married","Exec-managerial","Not-in-family","White","Female",0,0,35,"United-States","small"
38,"State-gov","Bachelors","Never-married","Exec-managerial","Not-in-family","White","Female",0,0,40,"United-States","small"
46,"State-gov","7th-8th","Never-married","Other-service","Not-in-family","Black","Female",0,0,40,"United-States","small"
49,"Private","HS-grad","Married-civ-spouse","Sales","Husband","White","Male",0,0,40,"United-States","large"
57,"Private","HS-grad","Married-civ-spouse","Craft-repair","Husband","White","Male",0,0,84,"United-States","large"
34,"Federal-gov","Some-college","Married-AF-spouse","Adm-clerical","Wife","White","Female",0,0,40,"United-States","large"
34,"State-gov","Bachelors","Never-married","Prof-specialty","Not-in-family","White","Male",0,0,48,"United-States","small"
44,"Private","HS-grad","Married-civ-spouse","Sales","Wife","White","Female",0,0,40,"United-States","small"
36,"Local-gov","Bachelors","Divorced","Prof-specialty","Unmarried","Black","Female",0,0,40,"United-States","small"
23,"Private","Assoc-acdm","Never-married","Other-service","Not-in-family","White","Female",0,0,25,"United-States","small"
32,"Private","HS-grad","Never-married","Craft-repair","Own-child","White","Male",0,0,40,"United-States","small"
24,"Self-emp-not-inc","Some-college","Never-married","Other-service","Not-in-family","White","Female",0,0,50,"United-States","small"
48,"Private","HS-grad","Married-civ-spouse","Machine-op-inspct","Husband","White","Male",0,0,40,"United-States","small"
24,"State-gov","Bachelors","Never-married","Prof-specialty","Not-in-family","White","Male",0,0,20,"United-States","small"
61,"State-gov","10th","Never-married","Other-service","Not-in-family","Black","Female",0,0,38,"United-States","small"
40,"Private","Bachelors","Divorced","Adm-clerical","Not-in-family","Black","Female",0,0,40,"United-States","small"
27,"Private","HS-grad","Married-civ-spouse","Machine-op-inspct","Wife","White","Female",0,0,40,"Dominican-Republic","small"
37,"Private","Bachelors","Never-married","Craft-repair","Not-in-family","White","Male",0,0,90,"United-States","large"
42,"Private","HS-grad","Never-married","Other-service","Own-child","White","Female",0,0,40,"United-States","small"
27,"Private","HS-grad","Divorced","Adm-clerical","Not-in-family","White","Male",0,0,38,"United-States","small"
33,"Private","HS-grad","Married-civ-spouse","Craft-repair","Husband","White","Male",0,0,50,"United-States","large"
35,"Private","HS-grad","Married-civ-spouse","Sales","Husband","White","Male",0,0,50,"United-States","small"
53,"Private","7th-8th","Divorced","Machine-op-inspct","Unmarried","Black","Female",0,0,56,"United-States","small"
40,"Private","HS-grad","Divorced","Craft-repair","Own-child","White","Male",0,0,40,"United-States","small"
20,"Private","Some-college","Never-married","Adm-clerical","Own-child","White","Male",0,0,16,"United-States","small"
50,"Local-gov","Masters","Married-civ-spouse","Prof-specialty","Wife","White","Female",15024,0,40,"United-States","large"
53,"Private","5th-6th","Married-civ-spouse","Craft-repair","Husband","White","Male",0,0,45,"Italy","small"
25,"Private","Some-college","Married-civ-spouse","Sales","Husband","White","Male",0,0,40,"United-States","large"
36,"State-gov","Doctorate","Never-married","Prof-specialty","Not-in-family","White","Male",0,0,45,"United-States","small"
31,"Private","Some-college","Divorced","Other-service","Own-child","White","Female",0,0,20,"United-States","small"
52,"Federal-gov","Some-college","Married-civ-spouse","Adm-clerical","Husband","White","Male",0,0,40,"United-States","small"
25,"Private","Bachelors","Married-civ-spouse","Adm-clerical","Wife","Black","Female",0,0,38,"United-States","small"
45,"Private","Some-college","Divorced","Sales","Not-in-family","White","Female",0,0,55,"United-States","small"
27,"Self-emp-inc","HS-grad","Never-married","Sales","Not-in-family","White","Male",0,0,50,"United-States","small"
30,"Private","Masters","Married-civ-spouse","Prof-specialty","Husband","Asian-Pac-Islander","Male",0,0,40,"United-States","large"
22,"Private","Some-college","Never-married","Craft-repair","Not-in-family","White","Male",0,0,40,"United-States","small"
29,"Private","Some-college","Married-civ-spouse","Transport-moving","Husband","White","Male",0,0,35,"United-States","small"
55,"Private","Bachelors","Married-civ-spouse","Exec-managerial","Husband","White","Male",15024,0,42,"United-States","large"
40,"Private","Bachelors","Married-civ-spouse","Sales","Husband","White","Male",0,0,50,"United-States","large"
19,"Private","Some-college","Never-married","Other-service","Own-child","White","Female",0,0,10,"United-States","small"
25,"Private","HS-grad","Married-civ-spouse","Sales","Own-child","White","Male",0,0,26,"United-States","large"
37,"Private","HS-grad","Married-civ-spouse","Craft-repair","Husband","White","Male",0,0,46,"United-States","large"
21,"Private","HS-grad","Never-married","Other-service","Not-in-family","White","Female",0,1719,16,"United-States","small"
28,"Federal-gov","HS-grad","Never-married","Machine-op-inspct","Own-child","White","Male",0,0,48,"United-States","small"
47,"Private","Bachelors","Never-married","Adm-clerical","Own-child","White","Male",0,0,40,"United-States","small"
49,"Self-emp-not-inc","Some-college","Married-civ-spouse","Craft-repair","Husband","White","Male",0,0,40,"United-States","small"
30,"Private","HS-grad","Married-civ-spouse","Transport-moving","Husband","White","Male",0,0,65,"United-States","large"
23,"Private","9th","Never-married","Machine-op-inspct","Other-relative","White","Male",0,0,35,"Mexico","small"
47,"Private","Bachelors","Married-civ-spouse","Sales","Husband","White","Male",0,0,55,"United-States","large"
55,"Private","Assoc-voc","Married-civ-spouse","Prof-specialty","Husband","White","Male",0,1977,50,"Germany","large"
34,"State-gov","Masters","Married-civ-spouse","Machine-op-inspct","Husband","White","Male",0,1848,40,"United-States","large"
46,"Self-emp-not-inc","Prof-school","Married-civ-spouse","Prof-specialty","Husband","White","Male",0,2415,80,"United-States","large"
18,"Private","10th","Never-married","Handlers-cleaners","Own-child","White","Male",0,0,40,"United-States","small"
34,"Private","Some-college","Divorced","Adm-clerical","Unmarried","White","Female",0,0,40,"United-States","small"
30,"Private","Assoc-acdm","Divorced","Sales","Not-in-family","White","Male",0,0,52,"United-States","small"
28,"Private","Assoc-acdm","Married-civ-spouse","Transport-moving","Husband","White","Male",0,0,40,"United-States","small"
28,"Private","Some-college","Never-married","Sales","Not-in-family","White","Male",0,0,45,"United-States","small"
47,"Private","Bachelors","Never-married","Sales","Not-in-family","Black","Male",0,0,60,"United-States","large"
62,"Private","Some-college","Married-civ-spouse","Exec-managerial","Husband","White","Male",0,1977,98,"United-States","large"
68,"Self-emp-not-inc","HS-grad","Married-civ-spouse","Sales","Husband","White","Male",0,0,40,"United-States","small"
27,"Private","9th","Never-married","Other-service","Own-child","White","Male",0,0,30,"United-States","small"
67,"Self-emp-inc","HS-grad","Widowed","Exec-managerial","Not-in-family","White","Female",15831,0,40,"United-States","large"
30,"Private","HS-grad","Never-married","Sales","Not-in-family","White","Female",0,0,35,"United-States","small"
35,"Private","Some-college","Married-civ-spouse","Prof-specialty","Husband","White","Male",0,0,40,"United-States","large"
32,"Private","HS-grad","Never-married","Machine-op-inspct","Not-in-family","White","Female",0,0,40,"United-States","small"
35,"Private","HS-grad","Divorced","Handlers-cleaners","Unmarried","White","Female",0,0,40,"United-States","small"
20,"Private","Assoc-acdm","Never-married","Transport-moving","Own-child","White","Male",0,0,20,"United-States","small"
32,"Private","Assoc-voc","Never-married","Exec-managerial","Not-in-family","Black","Female",0,0,35,"England","small"
35,"Private","9th","Divorced","Craft-repair","Not-in-family","White","Male",0,0,45,"United-States","small"
24,"Private","Some-college","Never-married","Exec-managerial","Own-child","White","Female",0,0,45,"United-States","small"
24,"Private","Bachelors","Never-married","Exec-managerial","Not-in-family","White","Male",0,0,40,"United-States","small"
26,"Private","Some-college","Married-civ-spouse","Craft-repair","Husband","White","Male",0,0,40,"United-States","small"
20,"Private","12th","Never-married","Sales","Not-in-family","White","Female",0,0,55,"United-States","small"
36,"Local-gov","Bachelors","Married-civ-spouse","Prof-specialty","Husband","White","Male",0,1672,50,"United-States","small"
21,"Private","10th","Never-married","Handlers-cleaners","Not-in-family","White","Male",0,0,40,"United-States","small"
24,"Private","HS-grad","Married-civ-spouse","Other-service","Husband","White","Male",0,0,39,"United-States","small"
31,"Private","Some-college","Never-married","Adm-clerical","Unmarried","White","Female",0,0,40,"United-States","small"
59,"Local-gov","Masters","Divorced","Prof-specialty","Not-in-family","White","Female",0,0,40,"United-States","small"
26,"Private","11th","Never-married","Farming-fishing","Not-in-family","White","Male",0,0,50,"United-States","small"
46,"Private","HS-grad","Married-civ-spouse","Transport-moving","Husband","White","Male",0,0,40,"United-States","large"
32,"Self-emp-inc","Bachelors","Married-civ-spouse","Sales","Husband","White","Male",0,0,40,"United-States","small"
30,"Private","HS-grad","Married-civ-spouse","Handlers-cleaners","Husband","White","Male",0,0,66,"United-States","small"
42,"Private","Bachelors","Never-married","Exec-managerial","Not-in-family","White","Female",0,0,35,"United-States","small"
26,"Self-emp-not-inc","Assoc-voc","Married-civ-spouse","Farming-fishing","Husband","White","Male",0,0,55,"United-States","small"
56,"Private","HS-grad","Married-civ-spouse","Exec-managerial","Husband","White","Male",0,0,55,"United-States","large"
50,"State-gov","Bachelors","Never-married","Exec-managerial","Not-in-family","White","Female",0,0,40,"United-States","small"
27,"Private","Bachelors","Never-married","Sales","Own-child","White","Male",0,0,40,"United-States","small"
34,"Self-emp-not-inc","HS-grad","Married-civ-spouse","Exec-managerial","Husband","White","Male",0,0,70,"United-States","small"
40,"Local-gov","Bachelors","Married-civ-spouse","Prof-specialty","Husband","White","Male",0,0,48,"United-States","small"
42,"Private","HS-grad","Divorced","Adm-clerical","Unmarried","White","Female",0,0,40,"United-States","small"
35,"Private","HS-grad","Divorced","Other-service","Own-child","White","Female",0,0,50,"United-States","small"
43,"Private","HS-grad","Divorced","Craft-repair","Not-in-family","White","Male",0,0,40,"United-States","small"
46,"Federal-gov","Some-college","Never-married","Adm-clerical","Unmarried","Black","Female",0,0,40,"United-States","small"
35,"Private","HS-grad","Married-civ-spouse","Farming-fishing","Husband","White","Male",0,0,35,"United-States","small"
47,"Private","HS-grad","Never-married","Exec-managerial","Own-child","White","Female",0,0,50,"Cuba","small"
50,"Self-emp-not-inc","HS-grad","Married-civ-spouse","Sales","Husband","White","Male",15024,0,55,"El-Salvador","large"
59,"Local-gov","Bachelors","Married-civ-spouse","Protective-serv","Husband","Black","Male",0,0,30,"United-States","small"
36,"Private","Some-college","Divorced","Adm-clerical","Unmarried","White","Female",0,0,40,"United-States","small"
42,"Private","9th","Married-civ-spouse","Transport-moving","Husband","White","Male",0,0,40,"United-States","small"
67,"Private","11th","Married-civ-spouse","Transport-moving","Husband","White","Male",0,0,40,"United-States","small"
30,"Self-emp-not-inc","HS-grad","Married-civ-spouse","Exec-managerial","Husband","White","Male",0,1887,50,"United-States","large"
29,"Private","Some-college","Married-civ-spouse","Exec-managerial","Husband","White","Male",3411,0,70,"Mexico","small"
17,"Private","9th","Never-married","Other-service","Own-child","Black","Male",0,0,35,"United-States","small"
35,"Private","Bachelors","Married-civ-spouse","Prof-specialty","Husband","White","Male",0,0,50,"United-States","large"
59,"State-gov","Masters","Married-civ-spouse","Prof-specialty","Husband","White","Male",0,0,50,"United-States","small"
39,"Private","Bachelors","Married-civ-spouse","Exec-managerial","Husband","White","Male",0,0,45,"United-States","small"
29,"Private","Assoc-voc","Never-married","Tech-support","Not-in-family","White","Male",0,0,40,"United-States","small"
29,"Private","7th-8th","Divorced","Craft-repair","Unmarried","White","Female",0,0,55,"United-States","small"
54,"Private","HS-grad","Married-civ-spouse","Sales","Husband","White","Male",0,0,44,"United-States","small"
47,"Private","HS-grad","Married-civ-spouse","Sales","Husband","White","Male",4386,0,45,"United-States","large"
39,"Private","Masters","Never-married","Prof-specialty","Not-in-family","White","Male",0,0,40,"United-States","small"
50,"Private","Bachelors","Divorced","Exec-managerial","Unmarried","White","Male",0,0,45,"United-States","large"
17,"Federal-gov","11th","Never-married","Adm-clerical","Not-in-family","Black","Female",0,1602,40,"United-States","small"
36,"Private","Masters","Never-married","Prof-specialty","Not-in-family","White","Female",0,0,40,"United-States","small"
74,"Private","10th","Widowed","Other-service","Not-in-family","Black","Female",0,0,6,"United-States","small"
25,"Private","10th","Married-civ-spouse","Other-service","Own-child","White","Female",0,0,35,"United-States","small"
31,"State-gov","Some-college","Divorced","Protective-serv","Not-in-family","White","Male",0,0,40,"United-States","large"
27,"Private","HS-grad","Married-civ-spouse","Craft-repair","Husband","White","Male",0,0,70,"United-States","small"
70,"Self-emp-inc","Some-college","Married-civ-spouse","Exec-managerial","Husband","White","Male",0,0,20,"United-States","large"
28,"Private","HS-grad","Never-married","Other-service","Own-child","White","Male",0,0,20,"United-States","small"
22,"Private","HS-grad","Never-married","Sales","Own-child","White","Female",0,0,40,"United-States","small"
48,"Private","Some-college","Separated","Sales","Unmarried","Black","Female",0,0,35,"United-States","small"
22,"Private","Assoc-acdm","Married-civ-spouse","Exec-managerial","Husband","Asian-Pac-Islander","Male",0,0,6,"United-States","small"
25,"Private","Bachelors","Married-civ-spouse","Exec-managerial","Husband","White","Male",0,0,40,"United-States","large"
23,"Local-gov","HS-grad","Never-married","Other-service","Not-in-family","White","Female",0,0,40,"United-States","small"
23,"Private","HS-grad","Never-married","Craft-repair","Not-in-family","White","Male",0,0,40,"United-States","small"
25,"Private","Assoc-voc","Divorced","Adm-clerical","Unmarried","White","Female",0,0,40,"United-States","small"
63,"Self-emp-not-inc","HS-grad","Married-civ-spouse","Craft-repair","Husband","White","Male",0,0,40,"United-States","small"
53,"Private","10th","Divorced","Adm-clerical","Unmarried","White","Female",0,0,48,"United-States","small"
22,"Private","Some-college","Never-married","Sales","Own-child","White","Male",0,0,40,"United-States","small"
45,"Local-gov","Bachelors","Divorced","Exec-managerial","Unmarried","Black","Female",0,0,60,"United-States","small"
33,"Private","7th-8th","Married-civ-spouse","Craft-repair","Husband","White","Male",0,0,40,"United-States","small"
40,"Private","Assoc-acdm","Divorced","Transport-moving","Unmarried","White","Female",0,0,40,"United-States","small"
41,"Private","HS-grad","Married-civ-spouse","Transport-moving","Husband","White","Male",0,0,50,"United-States","large"
77,"Private","Bachelors","Never-married","Prof-specialty","Not-in-family","White","Female",0,0,10,"United-States","small"
25,"Private","Bachelors","Married-civ-spouse","Prof-specialty","Husband","White","Male",0,0,40,"United-States","small"
28,"Private","Bachelors","Never-married","Sales","Not-in-family","White","Male",0,0,40,"United-States","small"
51,"Private","Assoc-voc","Married-civ-spouse","Craft-repair","Husband","White","Male",5013,0,40,"United-States","small"
26,"Private","5th-6th","Married-civ-spouse","Craft-repair","Husband","White","Male",0,1628,50,"United-States","small"
42,"Private","10th","Married-civ-spouse","Craft-repair","Own-child","Other","Male",0,0,43,"United-States","large"
38,"Private","Prof-school","Married-civ-spouse","Prof-specialty","Husband","White","Male",0,0,40,"United-States","large"
35,"Private","Some-college","Married-civ-spouse","Tech-support","Husband","White","Male",2829,0,55,"Poland","small"
30,"Private","HS-grad","Married-civ-spouse","Exec-managerial","Husband","White","Male",0,0,50,"United-States","small"
26,"Private","Bachelors","Never-married","Adm-clerical","Own-child","White","Female",0,0,40,"Mexico","small"
45,"Private","Assoc-voc","Widowed","Exec-managerial","Not-in-family","White","Female",0,0,45,"United-States","small"
40,"Private","HS-grad","Married-civ-spouse","Transport-moving","Husband","Asian-Pac-Islander","Male",0,0,60,"Trinadad&Tobago","small"
24,"State-gov","Bachelors","Never-married","Tech-support","Not-in-family","White","Female",0,0,40,"United-States","small"
28,"Private","Bachelors","Never-married","Handlers-cleaners","Other-relative","White","Male",0,0,25,"United-States","small"
32,"Private","Bachelors","Never-married","Prof-specialty","Not-in-family","Black","Female",0,0,40,"United-States","small"
73,"Private","HS-grad","Widowed","Other-service","Not-in-family","White","Female",0,0,37,"United-States","small"
18,"Private","11th","Never-married","Other-service","Own-child","White","Male",0,0,20,"United-States","small"
19,"Private","Some-college","Never-married","Handlers-cleaners","Not-in-family","White","Male",0,0,55,"United-States","small"
39,"Private","HS-grad","Married-civ-spouse","Prof-specialty","Husband","White","Male",0,0,50,"United-States","large"
30,"Local-gov","HS-grad","Married-civ-spouse","Adm-clerical","Husband","Black","Male",0,0,40,"United-States","small"
43,"Local-gov","12th","Married-civ-spouse","Transport-moving","Husband","White","Male",0,1579,40,"United-States","small"
24,"Private","Assoc-voc","Never-married","Adm-clerical","Own-child","Asian-Pac-Islander","Female",0,0,40,"Philippines","small"
21,"Private","Some-college","Never-married","Adm-clerical","Not-in-family","White","Male",0,0,65,"United-States","small"
33,"Private","Bachelors","Married-civ-spouse","Prof-specialty","Husband","White","Male",0,0,45,"United-States","small"
41,"Private","Bachelors","Divorced","Exec-managerial","Not-in-family","White","Female",0,0,55,"United-States","small"
31,"Private","Bachelors","Never-married","Exec-managerial","Not-in-family","White","Female",0,0,40,"United-States","small"
19,"Private","HS-grad","Never-married","Sales","Unmarried","Black","Female",0,0,30,"United-States","small"
37,"Self-emp-not-inc","11th","Divorced","Prof-specialty","Unmarried","Black","Female",0,0,30,"United-States","small"
31,"Private","HS-grad","Married-civ-spouse","Craft-repair","Husband","White","Male",0,0,40,"Mexico","small"
28,"Private","Some-college","Never-married","Other-service","Own-child","White","Female",0,0,30,"United-States","small"
47,"Private","Some-college","Married-civ-spouse","Machine-op-inspct","Husband","White","Male",0,0,46,"United-States","small"
19,"Private","HS-grad","Never-married","Machine-op-inspct","Not-in-family","White","Male",0,0,40,"United-States","small"
33,"Private","HS-grad","Married-civ-spouse","Tech-support","Wife","Black","Female",0,0,38,"United-States","small"
55,"Private","HS-grad","Married-civ-spouse","Prof-specialty","Husband","White","Male",0,0,40,"United-States","large"
49,"Private","Bachelors","Married-civ-spouse","Prof-specialty","Husband","White","Male",0,0,40,"United-States","large"
37,"Private","Assoc-acdm","Never-married","Other-service","Not-in-family","White","Female",0,0,30,"United-States","small"
56,"Private","HS-grad","Separated","Craft-repair","Unmarried","White","Male",0,0,40,"United-States","small"
21,"Private","Some-college","Never-married","Sales","Own-child","Black","Female",0,0,25,"United-States","small"
48,"Local-gov","Bachelors","Married-civ-spouse","Prof-specialty","Husband","White","Male",0,0,40,"United-States","small"
27,"Private","HS-grad","Married-civ-spouse","Craft-repair","Husband","White","Male",0,0,40,"United-States","small"
38,"Local-gov","Bachelors","Married-civ-spouse","Prof-specialty","Husband","White","Male",0,0,38,"United-States","small"
17,"Private","12th","Never-married","Other-service","Own-child","Black","Male",0,0,18,"United-States","small"
46,"Private","10th","Divorced","Craft-repair","Not-in-family","White","Male",0,0,40,"United-States","small"
31,"Private","Bachelors","Married-civ-spouse","Machine-op-inspct","Husband","Other","Male",0,0,36,"Mexico","small"
41,"Private","Masters","Married-civ-spouse","Machine-op-inspct","Husband","White","Male",0,0,40,"United-States","small"
36,"Private","HS-grad","Married-civ-spouse","Tech-support","Husband","White","Male",0,0,50,"United-States","small"
26,"Private","HS-grad","Married-civ-spouse","Craft-repair","Husband","White","Male",0,0,40,"United-States","small"
21,"Private","HS-grad","Never-married","Handlers-cleaners","Own-child","White","Male",0,0,36,"United-States","small"
34,"Private","Assoc-voc","Married-civ-spouse","Other-service","Husband","White","Male",0,0,40,"United-States","large"
36,"Private","Some-college","Divorced","Exec-managerial","Unmarried","Black","Female",0,0,38,"United-States","small"
34,"Private","Bachelors","Married-civ-spouse","Exec-managerial","Husband","White","Male",0,0,40,"United-States","small"
22,"Private","Assoc-acdm","Never-married","Adm-clerical","Not-in-family","White","Female",0,0,40,"United-States","small"
47,"Private","HS-grad","Married-civ-spouse","Transport-moving","Husband","White","Male",0,0,50,"United-States","large"
40,"Private","Bachelors","Widowed","Exec-managerial","Unmarried","White","Female",0,0,40,"United-States","small"
67,"Private","HS-grad","Widowed","Handlers-cleaners","Other-relative","Black","Male",0,0,32,"United-States","small"
41,"Private","Bachelors","Married-civ-spouse","Exec-managerial","Husband","White","Male",0,0,40,"United-States","small"
40,"Private","HS-grad","Married-civ-spouse","Sales","Wife","White","Female",5013,0,20,"United-States","small"
30,"Private","Assoc-acdm","Divorced","Adm-clerical","Not-in-family","White","Female",0,0,25,"United-States","small"
49,"Private","Some-college","Widowed","Exec-managerial","Not-in-family","White","Female",0,0,40,"United-States","large"
52,"Private","7th-8th","Married-civ-spouse","Craft-repair","Husband","White","Male",0,0,40,"United-States","small"
47,"Federal-gov","HS-grad","Married-civ-spouse","Craft-repair","Husband","White","Male",0,0,40,"United-States","large"
41,"Private","HS-grad","Married-civ-spouse","Craft-repair","Husband","White","Male",0,0,40,"United-States","small"
25,"Private","HS-grad","Never-married","Handlers-cleaners","Not-in-family","White","Male",0,0,65,"United-States","small"
34,"Private","Bachelors","Never-married","Exec-managerial","Other-relative","White","Female",0,1741,45,"United-States","small"
44,"Private","Prof-school","Never-married","Prof-specialty","Not-in-family","White","Male",14084,0,40,"United-States","large"
39,"Private","9th","Separated","Craft-repair","Own-child","White","Male",0,0,35,"Mexico","small"
40,"Private","Bachelors","Never-married","Sales","Not-in-family","Other","Female",0,0,55,"United-States","large"
55,"Federal-gov","Bachelors","Divorced","Prof-specialty","Unmarried","White","Male",0,0,40,"United-States","small"
46,"Private","HS-grad","Separated","Machine-op-inspct","Own-child","Black","Female",0,0,40,"United-States","small"
59,"Self-emp-not-inc","Bachelors","Married-civ-spouse","Farming-fishing","Husband","White","Male",0,0,30,"United-States","small"
21,"Private","HS-grad","Never-married","Sales","Own-child","White","Male",0,0,30,"United-States","small"
48,"Federal-gov","Bachelors","Divorced","Exec-managerial","Unmarried","White","Male",0,0,58,"United-States","large"
26,"Private","Assoc-acdm","Never-married","Exec-managerial","Own-child","Black","Female",0,0,40,"United-States","small"
53,"Private","HS-grad","Divorced","Adm-clerical","Not-in-family","White","Female",0,0,40,"United-States","small"
36,"Private","HS-grad","Married-civ-spouse","Adm-clerical","Wife","White","Female",0,0,40,"United-States","large"
26,"Private","Some-college","Never-married","Machine-op-inspct","Not-in-family","Black","Female",0,0,38,"United-States","small"
41,"Private","Assoc-voc","Married-civ-spouse","Sales","Husband","White","Male",4386,0,60,"United-States","large"
50,"Self-emp-inc","Prof-school","Married-civ-spouse","Prof-specialty","Husband","White","Male",0,0,45,"United-States","large"
20,"Private","HS-grad","Never-married","Other-service","Own-child","White","Female",0,0,25,"United-States","small"
18,"Private","11th","Never-married","Sales","Own-child","White","Female",0,0,20,"United-States","small"
27,"Self-emp-inc","HS-grad","Never-married","Sales","Not-in-family","White","Male",0,0,50,"United-States","small"
23,"Private","HS-grad","Never-married","Craft-repair","Own-child","White","Male",0,0,37,"Mexico","small"
22,"Private","HS-grad","Never-married","Adm-clerical","Unmarried","Black","Female",0,0,40,"United-States","small"
39,"Self-emp-inc","HS-grad","Married-civ-spouse","Exec-managerial","Husband","White","Male",0,1977,40,"United-States","large"
29,"Private","Masters","Never-married","Exec-managerial","Not-in-family","Black","Male",0,0,60,"United-States","small"
60,"Self-emp-not-inc","HS-grad","Married-civ-spouse","Craft-repair","Husband","White","Male",0,0,42,"United-States","large"
30,"State-gov","Masters","Married-civ-spouse","Prof-specialty","Husband","Asian-Pac-Islander","Male",0,0,17,"Taiwan","small"
47,"Self-emp-not-inc","Bachelors","Never-married","Craft-repair","Not-in-family","White","Female",0,0,40,"United-States","small"
51,"Private","Masters","Married-civ-spouse","Prof-specialty","Husband","White","Male",7688,0,45,"United-States","large"
43,"Self-emp-not-inc","HS-grad","Married-civ-spouse","Transport-moving","Husband","White","Male",0,0,45,"United-States","small"
42,"Local-gov","Bachelors","Divorced","Prof-specialty","Unmarried","Black","Female",0,0,30,"United-States","small"
32,"Private","HS-grad","Never-married","Other-service","Not-in-family","White","Female",0,0,34,"United-States","small"
34,"Local-gov","HS-grad","Never-married","Adm-clerical","Own-child","White","Female",0,0,40,"United-States","small"
29,"Local-gov","Some-college","Divorced","Adm-clerical","Unmarried","White","Female",0,0,40,"United-States","small"
40,"Private","Bachelors","Married-civ-spouse","Prof-specialty","Husband","White","Male",0,0,40,"United-States","large"
58,"Self-emp-inc","Some-college","Married-civ-spouse","Exec-managerial","Husband","White","Male",0,0,50,"United-States","large"
39,"Federal-gov","Some-college","Married-civ-spouse","Adm-clerical","Husband","White","Male",0,0,40,"United-States","large"
42,"Private","Some-college","Married-civ-spouse","Craft-repair","Husband","White","Male",0,0,50,"United-States","large"
72,"Self-emp-not-inc","Prof-school","Married-civ-spouse","Prof-specialty","Husband","White","Male",0,2246,28,"United-States","large"
60,"Self-emp-not-inc","HS-grad","Married-civ-spouse","Farming-fishing","Husband","Amer-Indian-Eskimo","Male",0,0,50,"United-States","small"
25,"Private","Bachelors","Never-married","Exec-managerial","Not-in-family","White","Female",3325,0,40,"United-States","small"
36,"Private","Assoc-acdm","Separated","Other-service","Unmarried","Black","Female",0,0,32,"United-States","small"
62,"Private","12th","Married-civ-spouse","Farming-fishing","Husband","White","Male",0,0,48,"Germany","small"
29,"Private","HS-grad","Married-civ-spouse","Transport-moving","Husband","Amer-Indian-Eskimo","Male",0,0,65,"United-States","small"
58,"Private","Masters","Married-civ-spouse","Prof-specialty","Husband","White","Male",0,0,50,"United-States","large"
27,"Private","Prof-school","Married-civ-spouse","Prof-specialty","Husband","White","Male",0,0,42,"United-States","large"
21,"Private","Some-college","Never-married","Other-service","Not-in-family","White","Female",0,0,40,"United-States","small"
25,"Private","Assoc-voc","Never-married","Adm-clerical","Not-in-family","White","Female",0,0,40,"United-States","small"
29,"Private","Assoc-voc","Never-married","Adm-clerical","Own-child","White","Female",0,0,40,"United-States","small"
39,"Private","Masters","Married-civ-spouse","Exec-managerial","Husband","White","Male",0,0,40,"Cuba","large"
41,"Private","Bachelors","Married-civ-spouse","Handlers-cleaners","Husband","White","Male",0,0,40,"Germany","small"
47,"Self-emp-inc","HS-grad","Married-civ-spouse","Farming-fishing","Husband","White","Male",15024,0,40,"United-States","large"
46,"Private","Bachelors","Married-civ-spouse","Exec-managerial","Husband","White","Male",0,0,35,"United-States","large"
70,"Self-emp-not-inc","Some-college","Married-civ-spouse","Tech-support","Husband","White","Male",0,0,20,"United-States","small"
50,"Private","HS-grad","Married-civ-spouse","Sales","Wife","Black","Female",0,0,40,"United-States","small"
28,"Private","HS-grad","Never-married","Handlers-cleaners","Own-child","White","Male",0,0,40,"United-States","small"
38,"Private","HS-grad","Married-civ-spouse","Adm-clerical","Husband","White","Male",0,0,60,"United-States","large"
24,"Private","7th-8th","Never-married","Handlers-cleaners","Other-relative","White","Male",0,0,40,"Mexico","small"
40,"Private","HS-grad","Married-spouse-absent","Adm-clerical","Unmarried","White","Female",0,0,40,"United-States","small"
30,"Private","HS-grad","Divorced","Sales","Unmarried","White","Female",0,0,54,"United-States","small"
62,"Private","Bachelors","Married-civ-spouse","Sales","Husband","White","Male",0,0,20,"United-States","large"
57,"State-gov","Bachelors","Divorced","Machine-op-inspct","Not-in-family","Black","Male",0,0,39,"United-States","small"
21,"Private","Some-college","Never-married","Handlers-cleaners","Own-child","White","Male",0,0,12,"United-States","small"
31,"Private","12th","Divorced","Transport-moving","Own-child","White","Male",0,0,40,"United-States","small"
33,"Local-gov","HS-grad","Divorced","Tech-support","Not-in-family","White","Female",0,0,55,"United-States","small"
37,"Self-emp-inc","Some-college","Married-civ-spouse","Sales","Husband","White","Male",0,0,60,"United-States","large"
20,"Private","7th-8th","Never-married","Machine-op-inspct","Own-child","White","Female",0,0,52,"United-States","small"
36,"Private","HS-grad","Never-married","Craft-repair","Own-child","Black","Male",0,0,30,"United-States","small"
29,"Private","Assoc-voc","Never-married","Craft-repair","Not-in-family","White","Male",0,0,50,"United-States","small"
34,"Self-emp-not-inc","HS-grad","Never-married","Craft-repair","Not-in-family","White","Male",0,0,50,"United-States","small"
44,"Private","HS-grad","Divorced","Transport-moving","Not-in-family","White","Male",0,0,68,"United-States","small"
19,"Private","Some-college","Never-married","Handlers-cleaners","Own-child","White","Male",0,0,40,"United-States","small"
28,"Private","HS-grad","Married-civ-spouse","Adm-clerical","Wife","White","Female",0,0,40,"United-States","small"
25,"Self-emp-not-inc","HS-grad","Never-married","Prof-specialty","Not-in-family","White","Male",0,0,40,"United-States","small"
69,"State-gov","Some-college","Widowed","Adm-clerical","Not-in-family","White","Female",0,810,38,"United-States","small"
26,"Private","Some-college","Never-married","Sales","Not-in-family","White","Male",0,0,24,"United-States","small"
24,"Private","Some-college","Never-married","Other-service","Not-in-family","White","Male",0,0,30,"United-States","small"
71,"Local-gov","Masters","Widowed","Prof-specialty","Not-in-family","White","Female",0,0,40,"United-States","small"
57,"Private","5th-6th","Married-civ-spouse","Craft-repair","Husband","White","Male",0,0,40,"United-States","small"
45,"Private","Assoc-voc","Divorced","Exec-managerial","Not-in-family","White","Female",0,0,44,"United-States","small"
26,"Private","HS-grad","Married-civ-spouse","Craft-repair","Husband","White","Male",0,0,40,"United-States","large"
71,"Private","Some-college","Widowed","Sales","Not-in-family","White","Male",0,0,35,"United-States","large"
36,"Self-emp-not-inc","Bachelors","Never-married","Farming-fishing","Not-in-family","White","Male",0,0,50,"Mexico","small"
47,"Private","Some-college","Married-civ-spouse","Craft-repair","Husband","White","Male",0,0,40,"United-States","small"
43,"Self-emp-inc","Bachelors","Married-civ-spouse","Sales","Husband","White","Male",0,0,60,"United-States","large"
45,"Private","Doctorate","Married-civ-spouse","Exec-managerial","Husband","White","Male",0,0,45,"United-States","large"
50,"Private","12th","Divorced","Handlers-cleaners","Unmarried","White","Male",0,0,40,"United-States","small"
45,"Private","HS-grad","Married-civ-spouse","Sales","Husband","White","Male",0,0,60,"United-States","small"
65,"Private","HS-grad","Married-civ-spouse","Craft-repair","Husband","White","Male",0,0,30,"United-States","small"
28,"Private","HS-grad","Married-civ-spouse","Exec-managerial","Husband","White","Male",0,0,50,"United-States","large"
40,"Private","HS-grad","Married-spouse-absent","Other-service","Own-child","White","Female",0,0,40,"United-States","small"
23,"Private","11th","Married-civ-spouse","Transport-moving","Husband","White","Male",0,0,50,"United-States","small"
41,"Self-emp-not-inc","Masters","Never-married","Exec-managerial","Not-in-family","Asian-Pac-Islander","Male",0,0,45,"United-States","large"
46,"Self-emp-inc","Some-college","Divorced","Exec-managerial","Unmarried","White","Female",2036,0,60,"United-States","small"
39,"Private","Prof-school","Married-civ-spouse","Prof-specialty","Husband","White","Male",0,0,45,"United-States","large"
21,"Private","Assoc-voc","Married-civ-spouse","Adm-clerical","Other-relative","White","Female",0,1579,40,"United-States","small"
54,"Private","Some-college","Married-civ-spouse","Prof-specialty","Husband","Black","Male",0,0,56,"Haiti","large"
47,"Private","HS-grad","Divorced","Adm-clerical","Unmarried","White","Female",0,1504,35,"United-States","small"
48,"Private","Assoc-voc","Married-civ-spouse","Tech-support","Husband","White","Male",0,0,40,"United-States","large"
52,"Private","Bachelors","Married-civ-spouse","Exec-managerial","Husband","White","Male",15024,0,55,"United-States","large"
38,"Private","HS-grad","Separated","Craft-repair","Unmarried","White","Female",0,0,35,"United-States","small"
63,"Self-emp-not-inc","Bachelors","Married-civ-spouse","Prof-specialty","Husband","White","Male",0,0,20,"United-States","small"
36,"Local-gov","Bachelors","Never-married","Protective-serv","Not-in-family","White","Male",0,0,60,"United-States","small"
23,"Private","Some-college","Never-married","Other-service","Own-child","White","Female",0,0,20,"United-States","small"
22,"Private","HS-grad","Married-civ-spouse","Transport-moving","Husband","White","Male",0,0,50,"United-States","large"
58,"Self-emp-not-inc","Masters","Widowed","Other-service","Not-in-family","White","Female",0,0,15,"United-States","small"
33,"Private","HS-grad","Married-civ-spouse","Tech-support","Wife","White","Female",0,1902,40,"United-States","large"
59,"Private","Some-college","Married-civ-spouse","Machine-op-inspct","Husband","White","Male",0,0,50,"United-States","small"
50,"Private","Assoc-acdm","Married-civ-spouse","Machine-op-inspct","Husband","White","Male",0,0,50,"United-States","large"
35,"Private","Some-college","Married-civ-spouse","Exec-managerial","Husband","White","Male",0,0,36,"United-States","small"
24,"State-gov","Masters","Never-married","Prof-specialty","Not-in-family","Black","Female",0,0,40,"United-States","small"
40,"Local-gov","Bachelors","Married-civ-spouse","Protective-serv","Husband","Black","Male",0,0,40,"United-States","large"
50,"Private","HS-grad","Married-civ-spouse","Craft-repair","Husband","White","Male",0,0,40,"United-States","small"
32,"Private","HS-grad","Separated","Adm-clerical","Unmarried","White","Female",0,0,40,"United-States","small"
62,"State-gov","Assoc-acdm","Widowed","Prof-specialty","Not-in-family","White","Female",0,0,40,"United-States","small"
61,"Private","11th","Married-civ-spouse","Other-service","Husband","White","Male",0,0,40,"United-States","large"
64,"Private","HS-grad","Never-married","Adm-clerical","Not-in-family","White","Female",0,0,25,"United-States","small"
70,"Private","11th","Married-civ-spouse","Transport-moving","Husband","White","Male",0,0,40,"United-States","small"
25,"Private","HS-grad","Never-married","Handlers-cleaners","Own-child","White","Male",0,0,40,"United-States","small"
20,"Private","Some-college","Never-married","Prof-specialty","Unmarried","White","Female",0,0,25,"United-States","small"
30,"Private","Some-college","Divorced","Adm-clerical","Own-child","White","Female",0,0,55,"United-States","small"
42,"Private","Some-college","Married-civ-spouse","Prof-specialty","Husband","White","Male",0,0,40,"United-States","large"
39,"Private","Masters","Married-civ-spouse","Prof-specialty","Husband","White","Male",0,0,40,"United-States","large"
19,"Private","Some-college","Never-married","Sales","Own-child","Amer-Indian-Eskimo","Female",0,1721,25,"United-States","small"
31,"Private","HS-grad","Married-civ-spouse","Craft-repair","Husband","White","Male",0,0,40,"United-States","small"
34,"Self-emp-not-inc","Assoc-acdm","Never-married","Prof-specialty","Not-in-family","White","Female",0,0,25,"United-States","small"
31,"Private","Bachelors","Never-married","Adm-clerical","Not-in-family","White","Male",0,0,50,"United-States","small"
66,"Self-emp-not-inc","7th-8th","Widowed","Farming-fishing","Unmarried","White","Male",0,0,50,"United-States","small"
75,"Private","Some-college","Widowed","Prof-specialty","Not-in-family","White","Female",0,0,8,"United-States","small"
55,"Private","HS-grad","Separated","Adm-clerical","Not-in-family","White","Female",0,0,25,"United-States","small"
38,"State-gov","Masters","Never-married","Prof-specialty","Other-relative","White","Female",0,0,40,"United-States","small"
34,"Private","10th","Never-married","Other-service","Unmarried","Black","Female",0,0,40,"Jamaica","small"
36,"Private","HS-grad","Married-civ-spouse","Craft-repair","Husband","White","Male",0,1887,60,"United-States","large"
31,"Local-gov","Some-college","Never-married","Adm-clerical","Own-child","White","Female",0,0,35,"United-States","small"
30,"Local-gov","HS-grad","Married-civ-spouse","Protective-serv","Husband","White","Male",0,0,40,"United-States","large"
18,"Private","HS-grad","Never-married","Sales","Own-child","White","Female",0,0,24,"United-States","small"
61,"Local-gov","HS-grad","Widowed","Prof-specialty","Not-in-family","White","Female",0,0,40,"United-States","small"
59,"Federal-gov","10th","Divorced","Other-service","Not-in-family","White","Female",0,0,37,"United-States","small"
48,"Private","HS-grad","Divorced","Other-service","Unmarried","Black","Female",0,0,40,"United-States","small"
23,"Private","Some-college","Never-married","Exec-managerial","Other-relative","Black","Female",0,0,40,"United-States","small"
30,"Private","Some-college","Married-civ-spouse","Sales","Husband","White","Male",0,0,40,"United-States","large"
55,"Private","7th-8th","Married-civ-spouse","Craft-repair","Husband","White","Male",0,0,60,"United-States","small"
33,"Private","HS-grad","Divorced","Adm-clerical","Own-child","Other","Female",0,0,65,"United-States","small"
39,"Private","10th","Separated","Other-service","Own-child","Black","Female",0,0,12,"United-States","small"
31,"Private","Assoc-voc","Never-married","Farming-fishing","Own-child","White","Male",0,0,40,"United-States","small"
39,"Self-emp-not-inc","HS-grad","Married-civ-spouse","Craft-repair","Husband","White","Male",0,0,40,"United-States","large"
57,"Private","HS-grad","Divorced","Adm-clerical","Not-in-family","White","Female",0,0,40,"United-States","small"
49,"Private","Masters","Married-civ-spouse","Prof-specialty","Husband","White","Male",0,0,50,"United-States","large"
46,"Self-emp-not-inc","Bachelors","Married-civ-spouse","Sales","Husband","White","Male",0,1902,40,"United-States","large"
36,"Self-emp-inc","Some-college","Married-civ-spouse","Sales","Husband","White","Male",0,0,60,"United-States","large"
58,"Private","HS-grad","Never-married","Other-service","Other-relative","White","Male",0,0,25,"United-States","small"
51,"Federal-gov","Bachelors","Married-civ-spouse","Prof-specialty","Husband","White","Male",0,0,50,"United-States","large"
34,"Private","Some-college","Married-civ-spouse","Adm-clerical","Husband","White","Male",0,0,40,"United-States","small"
51,"Private","Bachelors","Married-civ-spouse","Transport-moving","Husband","White","Male",0,0,56,"United-States","large"
43,"State-gov","Doctorate","Married-spouse-absent","Prof-specialty","Unmarried","White","Male",25236,0,64,"United-States","large"
32,"State-gov","7th-8th","Married-civ-spouse","Handlers-cleaners","Husband","White","Male",0,0,19,"United-States","small"
46,"Private","HS-grad","Divorced","Sales","Other-relative","White","Female",0,0,40,"United-States","small"
38,"Private","Some-college","Married-civ-spouse","Tech-support","Husband","White","Male",0,0,40,"United-States","large"
53,"Federal-gov","HS-grad","Divorced","Craft-repair","Not-in-family","Black","Male",0,0,40,"United-States","small"
29,"Self-emp-not-inc","Prof-school","Divorced","Prof-specialty","Not-in-family","White","Male",99999,0,60,"United-States","large"
31,"Private","HS-grad","Never-married","Adm-clerical","Not-in-family","White","Female",0,0,40,"United-States","small"
42,"Self-emp-inc","Prof-school","Married-civ-spouse","Prof-specialty","Husband","White","Male",0,0,60,"Cuba","large"
21,"State-gov","Some-college","Never-married","Adm-clerical","Own-child","White","Female",0,0,30,"United-States","small"
35,"Private","Assoc-acdm","Married-AF-spouse","Adm-clerical","Wife","White","Female",0,0,40,"United-States","small"
38,"Private","Bachelors","Married-civ-spouse","Exec-managerial","Husband","White","Male",7688,0,40,"United-States","large"
48,"Private","Some-college","Separated","Adm-clerical","Unmarried","White","Female",0,0,44,"United-States","small"
33,"Private","HS-grad","Divorced","Exec-managerial","Not-in-family","White","Male",0,0,60,"United-States","small"
44,"Private","HS-grad","Married-civ-spouse","Transport-moving","Husband","White","Male",0,0,40,"United-States","large"
24,"Private","HS-grad","Never-married","Farming-fishing","Not-in-family","White","Male",0,0,40,"United-States","small"
38,"Private","7th-8th","Married-civ-spouse","Farming-fishing","Husband","White","Male",3942,0,84,"Portugal","small"
58,"Local-gov","HS-grad","Married-civ-spouse","Exec-managerial","Husband","White","Male",0,0,50,"United-States","small"
38,"Private","HS-grad","Divorced","Machine-op-inspct","Not-in-family","White","Male",0,0,40,"United-States","small"
39,"Self-emp-not-inc","HS-grad","Married-civ-spouse","Farming-fishing","Husband","White","Male",0,0,40,"United-States","small"
21,"Private","Some-college","Never-married","Adm-clerical","Own-child","White","Female",0,0,25,"United-States","small"
64,"Federal-gov","Assoc-acdm","Separated","Prof-specialty","Not-in-family","White","Female",0,0,40,"United-States","large"
46,"Local-gov","Masters","Widowed","Exec-managerial","Unmarried","Black","Female",0,0,35,"United-States","small"
32,"Private","Bachelors","Married-civ-spouse","Exec-managerial","Husband","White","Male",0,0,50,"United-States","large"
17,"Private","9th","Never-married","Other-service","Own-child","White","Male",1055,0,24,"United-States","small"
34,"Private","Assoc-voc","Married-spouse-absent","Adm-clerical","Unmarried","White","Female",0,974,40,"United-States","small"
23,"Private","HS-grad","Married-civ-spouse","Other-service","Husband","White","Male",0,0,40,"United-States","small"
19,"Private","Some-college","Never-married","Farming-fishing","Own-child","White","Male",0,0,50,"United-States","small"
36,"Local-gov","Some-college","Married-civ-spouse","Protective-serv","Husband","White","Male",0,0,56,"United-States","large"
34,"Private","5th-6th","Married-civ-spouse","Farming-fishing","Husband","White","Male",0,0,40,"Mexico","small"
45,"Private","Some-college","Married-civ-spouse","Transport-moving","Husband","White","Male",0,0,55,"United-States","small"
39,"Self-emp-not-inc","Some-college","Married-civ-spouse","Craft-repair","Husband","White","Male",0,0,40,"United-States","small"
44,"Private","HS-grad","Married-civ-spouse","Craft-repair","Husband","White","Male",0,0,40,"Poland","small"
33,"Private","Masters","Married-civ-spouse","Tech-support","Husband","White","Male",0,0,15,"United-States","small"
33,"Private","Some-college","Married-civ-spouse","Other-service","Husband","White","Male",0,0,40,"United-States","small"
46,"Local-gov","HS-grad","Married-civ-spouse","Protective-serv","Husband","White","Male",7688,0,96,"United-States","large"
30,"Private","Some-college","Divorced","Adm-clerical","Unmarried","Black","Female",0,0,40,"United-States","small"
24,"State-gov","Assoc-acdm","Married-civ-spouse","Adm-clerical","Husband","White","Male",0,0,30,"United-States","small"
36,"Self-emp-not-inc","Assoc-voc","Married-civ-spouse","Tech-support","Husband","White","Male",0,0,60,"United-States","small"
31,"Private","Bachelors","Never-married","Tech-support","Not-in-family","White","Male",0,0,37,"United-States","small"
34,"Local-gov","11th","Separated","Machine-op-inspct","Not-in-family","Black","Male",0,0,40,"United-States","small"
64,"Private","Bachelors","Married-civ-spouse","Sales","Husband","White","Male",0,0,40,"United-States","small"
43,"Federal-gov","HS-grad","Married-civ-spouse","Exec-managerial","Husband","Amer-Indian-Eskimo","Male",0,0,40,"United-States","small"
65,"State-gov","Masters","Married-civ-spouse","Prof-specialty","Husband","White","Male",6514,0,35,"United-States","large"
32,"Self-emp-inc","Bachelors","Married-civ-spouse","Craft-repair","Husband","White","Male",7688,0,50,"United-States","large"
39,"Private","Some-college","Never-married","Craft-repair","Own-child","Black","Male",0,0,40,"United-States","small"
30,"Local-gov","Bachelors","Married-civ-spouse","Prof-specialty","Husband","White","Male",0,0,40,"United-States","large"
54,"Private","HS-grad","Widowed","Other-service","Unmarried","White","Female",0,0,40,"United-States","small"
26,"Private","11th","Divorced","Adm-clerical","Own-child","White","Female",0,0,40,"United-States","small"
23,"Private","Some-college","Married-civ-spouse","Transport-moving","Husband","White","Male",0,0,60,"United-States","large"
38,"Private","HS-grad","Married-civ-spouse","Craft-repair","Husband","White","Male",0,0,40,"United-States","small"
35,"Self-emp-inc","Assoc-acdm","Married-civ-spouse","Sales","Husband","White","Male",0,1887,45,"United-States","large"
33,"State-gov","Masters","Married-civ-spouse","Prof-specialty","Husband","White","Male",0,0,50,"United-States","large"
32,"Private","Bachelors","Never-married","Prof-specialty","Own-child","White","Male",0,0,40,"United-States","small"
35,"Private","Assoc-acdm","Married-civ-spouse","Craft-repair","Husband","White","Male",0,0,45,"United-States","small"
32,"Private","Bachelors","Married-civ-spouse","Exec-managerial","Wife","White","Female",0,0,40,"United-States","large"
29,"Private","Bachelors","Married-civ-spouse","Sales","Husband","White","Male",3103,0,45,"United-States","large"
58,"Private","Some-college","Married-civ-spouse","Prof-specialty","Husband","White","Male",0,0,42,"United-States","small"
49,"Private","Assoc-voc","Divorced","Tech-support","Unmarried","White","Female",0,0,40,"United-States","small"
52,"Private","HS-grad","Widowed","Sales","Not-in-family","White","Female",0,0,40,"United-States","small"
64,"Self-emp-not-inc","HS-grad","Married-civ-spouse","Sales","Husband","White","Male",0,0,35,"United-States","small"
40,"Private","Masters","Married-civ-spouse","Exec-managerial","Husband","White","Male",0,0,40,"United-States","large"
52,"Private","Some-college","Married-civ-spouse","Craft-repair","Husband","White","Male",0,0,40,"United-States","large"
57,"Self-emp-not-inc","7th-8th","Married-civ-spouse","Craft-repair","Husband","White","Male",0,0,40,"United-States","large"
31,"Private","HS-grad","Married-civ-spouse","Exec-managerial","Husband","White","Male",0,0,40,"United-States","large"
35,"Private","HS-grad","Married-civ-spouse","Farming-fishing","Husband","White","Male",0,0,40,"United-States","small"
42,"Private","Bachelors","Married-civ-spouse","Exec-managerial","Husband","White","Male",7688,0,40,"United-States","large"
35,"Private","HS-grad","Divorced","Craft-repair","Not-in-family","White","Male",0,0,40,"United-States","small"
51,"Private","HS-grad","Divorced","Sales","Not-in-family","White","Male",0,0,45,"United-States","small"
27,"Private","Assoc-voc","Never-married","Tech-support","Other-relative","White","Female",0,0,36,"United-States","small"
54,"State-gov","Doctorate","Married-civ-spouse","Exec-managerial","Husband","White","Male",0,1902,50,"United-States","large"
63,"Local-gov","Some-college","Divorced","Exec-managerial","Not-in-family","White","Female",0,0,35,"United-States","small"
40,"Private","Assoc-voc","Married-civ-spouse","Prof-specialty","Husband","White","Male",0,0,40,"United-States","small"
28,"Private","11th","Married-spouse-absent","Other-service","Unmarried","White","Female",0,0,35,"United-States","small"
45,"Local-gov","Masters","Married-civ-spouse","Prof-specialty","Wife","White","Female",0,1977,35,"United-States","large"
46,"Self-emp-not-inc","HS-grad","Married-civ-spouse","Prof-specialty","Husband","White","Male",0,0,60,"United-States","small"
25,"Private","HS-grad","Divorced","Other-service","Not-in-family","White","Female",0,0,40,"Mexico","small"
38,"Private","Bachelors","Married-civ-spouse","Exec-managerial","Husband","Asian-Pac-Islander","Male",0,0,50,"Japan","large"
38,"Local-gov","Some-college","Divorced","Exec-managerial","Unmarried","Black","Female",0,0,45,"United-States","small"
23,"Private","HS-grad","Never-married","Other-service","Not-in-family","White","Female",0,0,40,"United-States","small"
66,"Self-emp-inc","Bachelors","Married-civ-spouse","Exec-managerial","Husband","White","Male",0,0,70,"United-States","small"
32,"Private","Assoc-acdm","Married-civ-spouse","Craft-repair","Husband","White","Male",0,0,42,"United-States","small"
40,"Private","HS-grad","Divorced","Craft-repair","Not-in-family","Asian-Pac-Islander","Female",0,0,40,"Japan","small"
26,"Private","Bachelors","Never-married","Adm-clerical","Own-child","White","Male",0,0,40,"United-States","small"
23,"Local-gov","HS-grad","Never-married","Adm-clerical","Own-child","White","Male",0,0,40,"United-States","small"
23,"Private","Some-college","Never-married","Handlers-cleaners","Own-child","White","Male",0,0,32,"Cuba","small"
33,"Private","HS-grad","Married-civ-spouse","Craft-repair","Husband","White","Male",0,0,40,"United-States","small"
19,"Private","HS-grad","Never-married","Machine-op-inspct","Own-child","Black","Female",0,0,40,"United-States","small"
28,"Private","Bachelors","Never-married","Adm-clerical","Not-in-family","White","Male",0,0,40,"United-States","small"
42,"Private","Assoc-acdm","Married-civ-spouse","Exec-managerial","Husband","White","Male",0,0,60,"United-States","large"
21,"Private","Some-college","Never-married","Sales","Not-in-family","White","Female",0,0,20,"United-States","small"
48,"Federal-gov","Bachelors","Married-civ-spouse","Adm-clerical","Wife","White","Female",7688,0,40,"United-States","large"
56,"Private","HS-grad","Divorced","Adm-clerical","Unmarried","White","Female",0,0,32,"United-States","small"
59,"Self-emp-inc","Assoc-voc","Divorced","Prof-specialty","Not-in-family","White","Male",0,0,50,"United-States","large"
42,"Self-emp-inc","Masters","Divorced","Exec-managerial","Unmarried","Asian-Pac-Islander","Male",0,2201,60,"India","large"
30,"Private","Bachelors","Never-married","Transport-moving","Not-in-family","White","Male",4865,0,40,"United-States","small"
50,"Private","HS-grad","Never-married","Machine-op-inspct","Not-in-family","White","Male",0,0,40,"United-States","small"
49,"Private","HS-grad","Married-civ-spouse","Farming-fishing","Husband","White","Male",0,0,40,"United-States","small"
34,"Private","Some-college","Married-civ-spouse","Exec-managerial","Husband","Black","Male",0,0,52,"Jamaica","small"
19,"Private","Some-college","Never-married","Sales","Own-child","Black","Female",0,0,20,"United-States","small"
57,"Private","Some-college","Married-civ-spouse","Exec-managerial","Husband","White","Male",7688,0,45,"United-States","large"
26,"Local-gov","Bachelors","Never-married","Prof-specialty","Own-child","Black","Female",0,0,35,"United-States","small"
34,"Private","11th","Divorced","Craft-repair","Unmarried","White","Male",0,0,40,"United-States","small"
21,"Private","Some-college","Never-married","Sales","Own-child","White","Female",0,0,20,"United-States","small"
19,"Private","12th","Never-married","Transport-moving","Own-child","White","Male",0,0,15,"United-States","small"
30,"Private","Some-college","Married-civ-spouse","Sales","Husband","White","Male",0,0,44,"United-States","small"
32,"State-gov","Bachelors","Married-civ-spouse","Exec-managerial","Wife","White","Female",0,0,40,"United-States","large"
38,"Private","Bachelors","Married-civ-spouse","Prof-specialty","Wife","White","Female",7688,0,40,"United-States","large"
21,"Private","HS-grad","Never-married","Craft-repair","Own-child","White","Male",0,0,40,"United-States","small"
28,"Private","HS-grad","Never-married","Adm-clerical","Not-in-family","White","Female",0,0,40,"United-States","small"
49,"Private","Bachelors","Never-married","Exec-managerial","Not-in-family","White","Male",0,0,40,"United-States","large"
42,"Private","HS-grad","Never-married","Transport-moving","Own-child","White","Male",0,0,40,"United-States","small"
65,"Self-emp-not-inc","HS-grad","Married-civ-spouse","Farming-fishing","Husband","White","Male",10605,0,60,"United-States","large"
42,"Private","Masters","Never-married","Exec-managerial","Not-in-family","White","Male",0,0,40,"United-States","small"
50,"Private","HS-grad","Married-civ-spouse","Craft-repair","Husband","White","Male",0,0,40,"Poland","small"
29,"Local-gov","Bachelors","Married-civ-spouse","Prof-specialty","Wife","White","Female",0,0,25,"United-States","large"
21,"Private","HS-grad","Never-married","Sales","Own-child","White","Female",0,0,35,"United-States","small"
19,"Private","HS-grad","Never-married","Other-service","Other-relative","White","Female",0,0,40,"United-States","small"
46,"Private","Masters","Divorced","Exec-managerial","Not-in-family","White","Female",0,0,45,"United-States","small"
42,"Local-gov","7th-8th","Married-spouse-absent","Other-service","Not-in-family","White","Female",0,0,35,"Puerto-Rico","small"
62,"Private","Some-college","Widowed","Exec-managerial","Not-in-family","White","Female",0,0,16,"United-States","small"
39,"Private","HS-grad","Married-civ-spouse","Craft-repair","Husband","White","Male",0,0,40,"United-States","large"
36,"Local-gov","11th","Never-married","Other-service","Unmarried","White","Female",0,0,23,"United-States","small"
25,"Self-emp-not-inc","HS-grad","Separated","Craft-repair","Own-child","White","Male",0,0,35,"United-States","small"
22,"Private","Some-college","Never-married","Prof-specialty","Not-in-family","White","Male",0,0,45,"United-States","small"
20,"Private","Some-college","Never-married","Tech-support","Own-child","White","Female",0,0,24,"United-States","small"
17,"Private","10th","Never-married","Sales","Own-child","White","Female",0,0,12,"United-States","small"
49,"Private","7th-8th","Divorced","Craft-repair","Not-in-family","White","Male",0,0,70,"United-States","small"
41,"Local-gov","Bachelors","Married-civ-spouse","Protective-serv","Husband","White","Male",0,0,50,"United-States","small"
31,"Private","12th","Never-married","Sales","Own-child","White","Male",0,0,32,"United-States","small"
52,"Federal-gov","Assoc-voc","Divorced","Farming-fishing","Not-in-family","White","Female",0,0,40,"United-States","small"
35,"Private","Some-college","Married-civ-spouse","Prof-specialty","Husband","White","Male",0,0,40,"United-States","small"
19,"Self-emp-not-inc","Some-college","Never-married","Craft-repair","Own-child","White","Male",0,0,20,"United-States","small"
26,"Private","Bachelors","Married-civ-spouse","Sales","Wife","White","Female",0,0,40,"United-States","large"
18,"Self-emp-not-inc","11th","Never-married","Craft-repair","Own-child","White","Male",0,0,40,"United-States","small"
42,"Private","Prof-school","Married-civ-spouse","Prof-specialty","Husband","White","Male",0,0,60,"United-States","small"
27,"Local-gov","HS-grad","Married-civ-spouse","Adm-clerical","Husband","White","Male",0,0,38,"United-States","small"
33,"Private","HS-grad","Never-married","Other-service","Own-child","White","Female",1055,0,40,"United-States","small"
46,"Private","9th","Divorced","Exec-managerial","Unmarried","White","Female",0,0,40,"United-States","small"
56,"Local-gov","HS-grad","Married-civ-spouse","Transport-moving","Husband","White","Male",0,0,40,"United-States","large"
39,"Private","Bachelors","Divorced","Adm-clerical","Unmarried","White","Female",0,0,20,"United-States","small"
29,"Local-gov","Some-college","Married-civ-spouse","Prof-specialty","Husband","White","Male",0,0,40,"United-States","small"
47,"Self-emp-inc","HS-grad","Married-civ-spouse","Sales","Husband","White","Male",0,0,55,"United-States","small"
44,"Federal-gov","Bachelors","Divorced","Exec-managerial","Not-in-family","Black","Female",0,0,40,"United-States","small"
90,"Private","Masters","Married-civ-spouse","Prof-specialty","Wife","White","Female",0,0,40,"United-States","large"
22,"Private","Bachelors","Never-married","Exec-managerial","Not-in-family","White","Male",0,0,30,"United-States","small"
25,"Private","Bachelors","Never-married","Exec-managerial","Not-in-family","White","Male",0,0,40,"United-States","small"
43,"Private","HS-grad","Divorced","Adm-clerical","Other-relative","White","Female",0,0,40,"United-States","small"
26,"Private","HS-grad","Married-civ-spouse","Craft-repair","Husband","White","Male",0,0,48,"United-States","small"
28,"Private","Bachelors","Married-civ-spouse","Prof-specialty","Husband","White","Male",0,0,50,"United-States","small"
36,"Self-emp-not-inc","Prof-school","Married-civ-spouse","Prof-specialty","Husband","White","Male",0,0,60,"United-States","large"
44,"Private","Some-college","Married-civ-spouse","Sales","Husband","White","Male",0,0,50,"United-States","small"
31,"Private","HS-grad","Married-civ-spouse","Sales","Husband","White","Male",0,0,40,"United-States","small"
44,"Private","HS-grad","Married-civ-spouse","Farming-fishing","Husband","White","Male",0,0,70,"United-States","small"
48,"Private","HS-grad","Married-civ-spouse","Machine-op-inspct","Husband","White","Male",3103,0,46,"United-States","large"
75,"State-gov","Doctorate","Married-civ-spouse","Prof-specialty","Husband","Black","Male",0,0,20,"United-States","large"
31,"Private","Assoc-voc","Never-married","Adm-clerical","Not-in-family","White","Female",0,0,40,"United-States","small"
46,"Private","HS-grad","Married-spouse-absent","Machine-op-inspct","Not-in-family","White","Female",0,0,40,"Columbia","small"
29,"Private","Bachelors","Married-civ-spouse","Sales","Husband","White","Male",0,0,45,"United-States","large"
20,"Private","Some-college","Never-married","Adm-clerical","Own-child","White","Female",2176,0,20,"United-States","small"
35,"Local-gov","Masters","Never-married","Prof-specialty","Not-in-family","White","Male",0,0,60,"United-States","large"
73,"Private","7th-8th","Married-civ-spouse","Handlers-cleaners","Husband","White","Male",0,0,25,"United-States","small"
32,"Private","Some-college","Never-married","Adm-clerical","Own-child","White","Female",0,0,40,"United-States","small"
34,"Private","HS-grad","Never-married","Transport-moving","Unmarried","Black","Male",0,0,30,"United-States","small"
32,"Private","HS-grad","Married-civ-spouse","Craft-repair","Husband","White","Male",0,0,48,"United-States","small"
19,"State-gov","Some-college","Never-married","Adm-clerical","Own-child","White","Male",0,0,15,"United-States","small"
36,"Self-emp-not-inc","Bachelors","Married-civ-spouse","Exec-managerial","Husband","White","Male",0,0,50,"Iran","small"
48,"Private","HS-grad","Separated","Machine-op-inspct","Unmarried","Black","Female",0,0,40,"United-States","small"
22,"Private","HS-grad","Never-married","Sales","Own-child","Black","Female",0,0,40,"United-States","small"
60,"Private","Masters","Divorced","Prof-specialty","Not-in-family","White","Female",0,0,50,"United-States","small"
32,"Private","HS-grad","Divorced","Craft-repair","Unmarried","White","Male",0,0,35,"United-States","small"
24,"Private","HS-grad","Never-married","Handlers-cleaners","Own-child","White","Male",0,0,40,"United-States","small"
31,"Private","Bachelors","Never-married","Prof-specialty","Not-in-family","White","Male",0,0,40,"United-States","small"
21,"Private","Some-college","Never-married","Adm-clerical","Own-child","White","Female",0,0,40,"United-States","small"
38,"Private","HS-grad","Never-married","Machine-op-inspct","Other-relative","White","Male",0,0,40,"United-States","small"
33,"Private","Masters","Never-married","Exec-managerial","Not-in-family","White","Male",0,0,40,"United-States","large"
63,"Private","10th","Separated","Machine-op-inspct","Not-in-family","Black","Male",0,0,40,"United-States","small"
51,"Private","Some-college","Married-civ-spouse","Tech-support","Wife","White","Female",0,0,40,"United-States","large"
53,"Private","Masters","Married-civ-spouse","Sales","Husband","White","Male",7298,0,60,"United-States","large"
34,"Private","Bachelors","Never-married","Sales","Not-in-family","White","Male",0,0,38,"United-States","small"
36,"Self-emp-not-inc","Bachelors","Married-civ-spouse","Sales","Husband","White","Male",0,0,50,"United-States","large"
56,"Private","Bachelors","Never-married","Exec-managerial","Not-in-family","White","Female",0,0,45,"United-States","large"
36,"Local-gov","Some-college","Married-civ-spouse","Protective-serv","Husband","White","Male",0,0,60,"United-States","large"
21,"Private","10th","Never-married","Prof-specialty","Unmarried","Black","Female",0,0,40,"United-States","small"
27,"Private","Some-college","Divorced","Craft-repair","Unmarried","White","Female",0,0,40,"United-States","small"
22,"Private","Assoc-voc","Never-married","Adm-clerical","Own-child","White","Female",0,0,30,"United-States","small"
37,"Self-emp-inc","HS-grad","Married-civ-spouse","Sales","Husband","White","Male",7688,0,60,"United-States","large"
64,"Private","Masters","Never-married","Prof-specialty","Not-in-family","White","Female",0,0,35,"United-States","small"
21,"Private","Some-college","Never-married","Other-service","Own-child","White","Male",0,0,10,"United-States","small"
22,"Private","Some-college","Never-married","Exec-managerial","Unmarried","Black","Female",0,0,40,"Jamaica","small"
52,"Private","Prof-school","Divorced","Exec-managerial","Not-in-family","White","Male",0,2559,60,"United-States","large"
24,"Local-gov","HS-grad","Never-married","Other-service","Own-child","White","Male",0,0,40,"United-States","small"
50,"Self-emp-not-inc","HS-grad","Married-civ-spouse","Farming-fishing","Husband","White","Male",0,0,50,"United-States","small"
53,"Local-gov","7th-8th","Married-civ-spouse","Transport-moving","Husband","White","Male",0,0,38,"United-States","small"
50,"Self-emp-not-inc","Prof-school","Married-civ-spouse","Prof-specialty","Husband","White","Male",0,0,40,"United-States","large"
34,"Private","Some-college","Married-civ-spouse","Exec-managerial","Husband","White","Male",0,0,50,"United-States","large"
47,"Private","Bachelors","Married-civ-spouse","Prof-specialty","Husband","White","Male",0,0,50,"United-States","large"
32,"Private","Bachelors","Married-civ-spouse","Tech-support","Husband","White","Male",0,1902,40,"United-States","large"
35,"Private","Bachelors","Never-married","Tech-support","Not-in-family","Asian-Pac-Islander","Female",4650,0,40,"United-States","small"
53,"Self-emp-not-inc","HS-grad","Married-civ-spouse","Exec-managerial","Husband","White","Male",0,0,35,"United-States","small"
44,"Private","Some-college","Married-civ-spouse","Exec-managerial","Husband","White","Male",0,0,40,"United-States","small"
34,"Private","Some-college","Never-married","Sales","Own-child","Black","Female",0,0,35,"United-States","small"
38,"Private","Assoc-acdm","Never-married","Craft-repair","Not-in-family","White","Male",0,0,40,"United-States","small"
42,"Private","HS-grad","Divorced","Protective-serv","Not-in-family","Black","Male",0,0,35,"United-States","small"
33,"Private","Some-college","Separated","Other-service","Unmarried","Black","Female",0,0,25,"United-States","small"
49,"Private","HS-grad","Married-civ-spouse","Craft-repair","Husband","White","Male",0,0,40,"United-States","small"
38,"Private","Bachelors","Never-married","Adm-clerical","Not-in-family","White","Female",0,0,35,"United-States","small"
57,"Private","5th-6th","Married-civ-spouse","Farming-fishing","Husband","White","Male",0,0,45,"Mexico","small"
35,"Private","Some-college","Separated","Craft-repair","Not-in-family","White","Male",0,0,40,"United-States","small"
20,"Private","HS-grad","Never-married","Sales","Own-child","Black","Female",0,0,20,"United-States","small"
63,"Private","HS-grad","Divorced","Exec-managerial","Not-in-family","White","Female",0,0,40,"United-States","small"
54,"Local-gov","Some-college","Divorced","Craft-repair","Unmarried","White","Male",0,0,42,"United-States","small"
23,"Local-gov","11th","Married-civ-spouse","Handlers-cleaners","Husband","White","Male",0,0,40,"United-States","small"
38,"Self-emp-not-inc","HS-grad","Separated","Other-service","Unmarried","White","Female",0,0,40,"United-States","small"
23,"Private","Bachelors","Never-married","Sales","Not-in-family","White","Male",0,0,50,"United-States","small"
25,"Private","Bachelors","Married-civ-spouse","Sales","Husband","White","Male",0,0,50,"United-States","small"
20,"Private","HS-grad","Never-married","Adm-clerical","Not-in-family","Black","Female",0,1721,30,"United-States","small"
43,"Self-emp-not-inc","HS-grad","Married-spouse-absent","Craft-repair","Not-in-family","White","Male",0,0,40,"United-States","small"
39,"Self-emp-inc","Masters","Married-civ-spouse","Exec-managerial","Husband","White","Male",0,0,60,"United-States","large"
43,"Private","Prof-school","Married-civ-spouse","Prof-specialty","Husband","White","Male",99999,0,60,"United-States","large"
27,"Private","Assoc-voc","Married-civ-spouse","Farming-fishing","Husband","White","Male",0,0,40,"United-States","small"
51,"Self-emp-not-inc","Assoc-voc","Married-civ-spouse","Tech-support","Husband","White","Male",0,0,38,"United-States","large"
27,"Local-gov","HS-grad","Married-civ-spouse","Exec-managerial","Husband","White","Male",0,0,80,"United-States","large"
48,"Local-gov","HS-grad","Never-married","Exec-managerial","Own-child","White","Female",0,0,40,"United-States","small"
27,"Private","Bachelors","Married-civ-spouse","Machine-op-inspct","Husband","White","Male",0,1887,60,"United-States","large"
27,"Private","Bachelors","Married-spouse-absent","Adm-clerical","Not-in-family","White","Male",0,0,40,"United-States","small"
57,"Private","Masters","Married-spouse-absent","Prof-specialty","Not-in-family","White","Female",0,0,40,"United-States","small"
30,"Self-emp-not-inc","HS-grad","Divorced","Other-service","Unmarried","White","Female",0,0,40,"United-States","small"
32,"Private","HS-grad","Married-civ-spouse","Craft-repair","Husband","White","Male",0,0,48,"United-States","small"
36,"Private","Some-college","Married-civ-spouse","Craft-repair","Husband","White","Male",0,0,40,"Japan","small"
53,"Private","Some-college","Separated","Craft-repair","Not-in-family","White","Male",0,2444,45,"United-States","large"
26,"Self-emp-not-inc","Some-college","Married-civ-spouse","Sales","Husband","White","Male",0,0,55,"United-States","small"
41,"Private","HS-grad","Married-civ-spouse","Adm-clerical","Husband","White","Male",0,0,40,"United-States","small"
26,"Self-emp-not-inc","9th","Married-civ-spouse","Craft-repair","Husband","White","Male",0,0,40,"Portugal","small"
32,"Private","HS-grad","Never-married","Other-service","Own-child","White","Female",0,0,40,"United-States","small"
46,"State-gov","Assoc-voc","Divorced","Tech-support","Not-in-family","White","Female",3325,0,42,"United-States","small"
42,"Self-emp-not-inc","Bachelors","Married-civ-spouse","Farming-fishing","Husband","White","Male",0,0,60,"United-States","large"
44,"Local-gov","Bachelors","Married-civ-spouse","Protective-serv","Husband","White","Male",0,0,40,"United-States","large"
58,"Private","Some-college","Widowed","Craft-repair","Not-in-family","White","Male",0,0,40,"United-States","small"
54,"State-gov","Masters","Married-spouse-absent","Prof-specialty","Not-in-family","Asian-Pac-Islander","Female",0,0,40,"China","small"
30,"Private","Bachelors","Married-civ-spouse","Prof-specialty","Wife","White","Female",0,0,40,"United-States","small"
46,"Self-emp-not-inc","HS-grad","Widowed","Other-service","Other-relative","White","Female",0,0,40,"United-States","small"
61,"Private","7th-8th","Married-civ-spouse","Transport-moving","Husband","White","Male",0,1651,40,"United-States","small"
23,"State-gov","Some-college","Never-married","Other-service","Own-child","White","Male",0,0,40,"United-States","small"
26,"Private","HS-grad","Married-civ-spouse","Sales","Husband","Black","Male",0,0,36,"United-States","small"
51,"Private","Assoc-voc","Married-civ-spouse","Other-service","Husband","White","Male",4064,0,55,"United-States","small"
35,"Private","Doctorate","Never-married","Prof-specialty","Not-in-family","White","Female",0,0,80,"United-States","large"
36,"Private","HS-grad","Divorced","Machine-op-inspct","Not-in-family","White","Male",0,0,56,"United-States","small"
25,"Private","Masters","Never-married","Prof-specialty","Own-child","White","Female",0,0,40,"United-States","small"
25,"Private","Masters","Never-married","Prof-specialty","Own-child","White","Female",0,0,35,"United-States","small"
46,"Private","Prof-school","Divorced","Prof-specialty","Unmarried","White","Female",0,0,40,"United-States","small"
25,"Private","Bachelors","Married-civ-spouse","Prof-specialty","Husband","White","Male",0,0,45,"United-States","large"
43,"Private","Some-college","Divorced","Machine-op-inspct","Not-in-family","White","Male",0,0,40,"United-States","small"
39,"Private","HS-grad","Married-civ-spouse","Machine-op-inspct","Husband","White","Male",0,0,40,"United-States","small"
21,"Private","Assoc-acdm","Never-married","Adm-clerical","Own-child","White","Female",0,0,8,"United-States","small"
36,"Private","HS-grad","Married-civ-spouse","Craft-repair","Husband","White","Male",0,0,41,"United-States","small"
23,"Private","9th","Never-married","Handlers-cleaners","Own-child","Black","Male",0,0,36,"United-States","small"
20,"Self-emp-not-inc","HS-grad","Never-married","Transport-moving","Own-child","White","Male",0,0,80,"United-States","small"
35,"Private","Bachelors","Never-married","Adm-clerical","Not-in-family","White","Female",0,0,40,"United-States","small"
32,"Private","11th","Married-civ-spouse","Adm-clerical","Husband","White","Male",0,0,45,"United-States","small"
57,"Self-emp-not-inc","HS-grad","Married-civ-spouse","Exec-managerial","Husband","White","Male",0,0,1,"United-States","small"
53,"Private","HS-grad","Widowed","Sales","Not-in-family","White","Female",0,0,30,"United-States","small"
52,"Private","Some-college","Married-civ-spouse","Prof-specialty","Husband","White","Male",0,0,40,"Germany","large"
39,"Private","Bachelors","Married-civ-spouse","Sales","Husband","White","Male",3464,0,40,"United-States","small"
25,"Private","HS-grad","Never-married","Other-service","Own-child","White","Female",114,0,40,"United-States","small"
31,"Private","HS-grad","Never-married","Exec-managerial","Own-child","White","Male",0,0,40,"United-States","small"
33,"Private","HS-grad","Divorced","Transport-moving","Not-in-family","Black","Male",0,0,55,"United-States","small"
61,"Private","HS-grad","Married-civ-spouse","Exec-managerial","Husband","White","Male",0,0,50,"United-States","large"
52,"Private","Bachelors","Married-civ-spouse","Prof-specialty","Husband","White","Male",0,0,50,"United-States","large"
26,"Private","Bachelors","Married-civ-spouse","Prof-specialty","Wife","White","Female",0,0,45,"United-States","large"
37,"Private","Some-college","Married-civ-spouse","Handlers-cleaners","Husband","White","Male",0,0,40,"United-States","small"
33,"Private","Bachelors","Married-civ-spouse","Sales","Husband","White","Male",0,0,55,"United-States","large"
31,"Private","12th","Separated","Transport-moving","Unmarried","Black","Male",0,0,40,"United-States","small"
46,"Private","HS-grad","Married-civ-spouse","Transport-moving","Husband","Black","Male",0,0,46,"United-States","large"
38,"Private","HS-grad","Married-civ-spouse","Prof-specialty","Wife","White","Female",0,0,40,"United-States","small"
71,"State-gov","HS-grad","Married-civ-spouse","Craft-repair","Husband","Black","Male",0,0,40,"United-States","small"
55,"Private","HS-grad","Married-civ-spouse","Transport-moving","Husband","White","Male",0,0,60,"United-States","small"
31,"Local-gov","Masters","Never-married","Exec-managerial","Not-in-family","White","Male",0,0,45,"United-States","small"
74,"State-gov","7th-8th","Widowed","Handlers-cleaners","Not-in-family","White","Female",0,0,20,"United-States","small"
29,"Self-emp-not-inc","Some-college","Married-civ-spouse","Exec-managerial","Other-relative","White","Male",4386,0,45,"United-States","large"
22,"Private","5th-6th","Married-civ-spouse","Craft-repair","Other-relative","White","Male",0,0,40,"Mexico","small"
38,"Private","HS-grad","Married-civ-spouse","Exec-managerial","Husband","White","Male",0,0,40,"United-States","small"
20,"Private","Some-college","Never-married","Tech-support","Not-in-family","White","Female",0,0,10,"Canada","small"
25,"Private","HS-grad","Never-married","Other-service","Not-in-family","White","Female",0,0,35,"United-States","small"
37,"Private","HS-grad","Never-married","Machine-op-inspct","Own-child","White","Male",0,0,40,"United-States","small"
23,"Private","Some-college","Married-civ-spouse","Exec-managerial","Wife","White","Female",0,0,25,"United-States","small"
30,"Private","HS-grad","Married-civ-spouse","Craft-repair","Husband","White","Male",5013,0,40,"United-States","small"
53,"Private","12th","Married-spouse-absent","Handlers-cleaners","Not-in-family","Other","Male",0,0,56,"Dominican-Republic","small"
48,"Private","HS-grad","Divorced","Exec-managerial","Unmarried","White","Female",0,0,40,"United-States","small"
20,"Private","Some-college","Never-married","Exec-managerial","Own-child","White","Female",0,0,30,"United-States","small"
37,"State-gov","Bachelors","Never-married","Adm-clerical","Not-in-family","White","Female",8614,0,40,"United-States","large"
21,"Private","Some-college","Never-married","Sales","Own-child","White","Female",0,0,40,"United-States","small"
50,"Self-emp-inc","HS-grad","Married-civ-spouse","Sales","Husband","White","Male",0,0,48,"United-States","large"
42,"Private","Some-college","Divorced","Adm-clerical","Own-child","White","Female",0,0,40,"United-States","small"
19,"Private","HS-grad","Never-married","Protective-serv","Not-in-family","White","Male",0,0,32,"United-States","small"
22,"Private","10th","Never-married","Other-service","Not-in-family","White","Male",0,0,40,"Mexico","small"
22,"Private","Some-college","Never-married","Sales","Own-child","White","Female",0,0,16,"United-States","small"
39,"Local-gov","12th","Married-civ-spouse","Tech-support","Husband","White","Male",0,0,50,"United-States","small"
20,"Private","Some-college","Never-married","Other-service","Not-in-family","White","Female",0,0,32,"United-States","small"
21,"Private","Some-college","Never-married","Prof-specialty","Own-child","White","Female",1055,0,32,"United-States","small"
34,"Private","Masters","Married-civ-spouse","Exec-managerial","Husband","Asian-Pac-Islander","Male",7298,0,35,"Taiwan","large"
42,"Private","Some-college","Divorced","Adm-clerical","Unmarried","White","Female",0,0,35,"United-States","small"
19,"Private","11th","Never-married","Handlers-cleaners","Not-in-family","White","Male",0,0,40,"United-States","small"
21,"Private","HS-grad","Never-married","Sales","Own-child","White","Male",0,0,40,"United-States","small"
71,"Private","5th-6th","Married-civ-spouse","Transport-moving","Husband","White","Male",0,0,40,"United-States","small"
34,"Private","Bachelors","Married-civ-spouse","Exec-managerial","Husband","White","Male",3103,0,55,"United-States","large"
22,"Private","HS-grad","Separated","Other-service","Other-relative","White","Male",0,0,35,"United-States","small"
47,"Private","HS-grad","Married-civ-spouse","Craft-repair","Husband","White","Male",0,0,40,"United-States","small"
20,"Federal-gov","HS-grad","Never-married","Other-service","Not-in-family","White","Female",0,0,40,"United-States","small"
60,"Self-emp-not-inc","7th-8th","Married-civ-spouse","Farming-fishing","Husband","White","Male",0,0,40,"United-States","small"
29,"Self-emp-inc","HS-grad","Married-civ-spouse","Sales","Wife","White","Female",0,1977,25,"United-States","large"
31,"Private","HS-grad","Never-married","Other-service","Not-in-family","Other","Female",0,0,35,"United-States","small"
35,"Private","Some-college","Divorced","Sales","Unmarried","White","Female",0,0,36,"United-States","small"
53,"Private","HS-grad","Married-civ-spouse","Machine-op-inspct","Husband","White","Male",0,0,45,"United-States","small"
29,"Private","HS-grad","Separated","Sales","Unmarried","White","Female",0,0,35,"United-States","small"
29,"Private","11th","Divorced","Craft-repair","Not-in-family","White","Male",0,0,40,"United-States","small"
36,"Private","Bachelors","Married-civ-spouse","Prof-specialty","Husband","White","Male",0,1902,50,"United-States","large"
22,"Private","HS-grad","Never-married","Adm-clerical","Own-child","White","Female",0,0,40,"United-States","small"
31,"Private","HS-grad","Divorced","Sales","Unmarried","Black","Male",0,0,50,"United-States","small"
34,"Private","HS-grad","Married-civ-spouse","Craft-repair","Husband","White","Male",0,0,40,"Nicaragua","small"
31,"Private","HS-grad","Never-married","Other-service","Own-child","White","Male",0,0,40,"United-States","small"
55,"Local-gov","HS-grad","Divorced","Other-service","Unmarried","White","Female",0,0,38,"United-States","small"
34,"Private","HS-grad","Married-civ-spouse","Sales","Husband","White","Male",0,0,65,"United-States","small"
29,"Private","HS-grad","Married-civ-spouse","Sales","Husband","White","Male",0,0,60,"United-States","large"
47,"Private","HS-grad","Married-civ-spouse","Tech-support","Husband","White","Male",0,0,40,"United-States","small"
39,"State-gov","HS-grad","Never-married","Other-service","Unmarried","Black","Female",0,0,40,"United-States","small"
19,"Private","1st-4th","Never-married","Handlers-cleaners","Not-in-family","White","Male",0,0,55,"Mexico","small"
27,"Self-emp-inc","HS-grad","Married-civ-spouse","Craft-repair","Husband","White","Male",0,1740,40,"United-States","small"
54,"State-gov","Doctorate","Married-civ-spouse","Prof-specialty","Husband","White","Male",0,0,46,"England","large"
54,"Private","HS-grad","Married-civ-spouse","Other-service","Husband","White","Male",0,0,50,"United-States","small"
51,"Private","HS-grad","Married-civ-spouse","Machine-op-inspct","Husband","White","Male",0,0,40,"United-States","large"
33,"Private","HS-grad","Married-civ-spouse","Handlers-cleaners","Husband","White","Male",0,0,35,"India","small"
40,"State-gov","Bachelors","Married-civ-spouse","Adm-clerical","Husband","White","Male",0,0,40,"United-States","small"
55,"Local-gov","HS-grad","Divorced","Adm-clerical","Unmarried","White","Male",0,0,40,"United-States","small"
34,"Self-emp-not-inc","Assoc-voc","Married-civ-spouse","Craft-repair","Husband","White","Male",0,0,75,"United-States","small"
22,"Private","5th-6th","Never-married","Handlers-cleaners","Not-in-family","White","Male",0,0,40,"Mexico","small"
29,"Private","Some-college","Married-civ-spouse","Craft-repair","Husband","White","Male",0,0,45,"United-States","small"
23,"Private","Some-college","Never-married","Tech-support","Own-child","White","Male",0,0,60,"United-States","small"
36,"Private","Assoc-acdm","Divorced","Tech-support","Not-in-family","White","Female",0,0,60,"United-States","small"
20,"State-gov","Some-college","Never-married","Other-service","Own-child","White","Female",0,0,20,"United-States","small"
26,"Private","HS-grad","Married-civ-spouse","Exec-managerial","Wife","White","Female",5013,0,40,"United-States","small"
60,"Self-emp-not-inc","11th","Married-civ-spouse","Farming-fishing","Husband","White","Male",0,0,50,"United-States","small"
43,"Self-emp-not-inc","Bachelors","Never-married","Prof-specialty","Unmarried","White","Female",0,0,50,"United-States","small"
63,"Private","HS-grad","Separated","Craft-repair","Not-in-family","White","Female",0,0,20,"United-States","small"
38,"Private","Assoc-acdm","Married-civ-spouse","Adm-clerical","Husband","White","Male",0,0,40,"United-States","small"
39,"Private","HS-grad","Never-married","Machine-op-inspct","Not-in-family","White","Female",0,0,40,"United-States","small"
51,"Private","5th-6th","Married-civ-spouse","Craft-repair","Other-relative","White","Female",0,0,40,"United-States","small"
31,"Local-gov","Some-college","Married-civ-spouse","Exec-managerial","Husband","White","Male",0,0,35,"United-States","small"
38,"Private","Assoc-voc","Never-married","Craft-repair","Own-child","White","Male",0,0,40,"United-States","small"
22,"Private","Some-college","Never-married","Craft-repair","Own-child","White","Male",0,0,30,"United-States","small"
43,"Private","Bachelors","Never-married","Exec-managerial","Not-in-family","Black","Female",0,0,50,"United-States","large"
50,"Local-gov","HS-grad","Divorced","Adm-clerical","Not-in-family","White","Female",0,0,40,"United-States","small"
60,"Private","Masters","Divorced","Prof-specialty","Other-relative","Black","Male",0,0,40,"United-States","small"
68,"Private","HS-grad","Married-civ-spouse","Craft-repair","Husband","White","Male",0,0,8,"United-States","small"
71,"Self-emp-not-inc","7th-8th","Married-civ-spouse","Farming-fishing","Husband","White","Male",0,0,10,"United-States","small"
34,"Private","HS-grad","Separated","Sales","Unmarried","Black","Female",0,0,20,"United-States","small"
31,"Private","HS-grad","Married-civ-spouse","Other-service","Husband","White","Male",0,0,52,"Mexico","small"
42,"Federal-gov","HS-grad","Divorced","Adm-clerical","Unmarried","Black","Female",0,0,40,"United-States","small"
28,"Private","HS-grad","Married-civ-spouse","Transport-moving","Husband","White","Male",0,0,40,"United-States","small"
55,"State-gov","Some-college","Married-civ-spouse","Protective-serv","Husband","White","Male",0,0,40,"United-States","large"
56,"Private","HS-grad","Widowed","Adm-clerical","Unmarried","Black","Female",0,0,38,"United-States","small"
22,"Private","Some-college","Never-married","Handlers-cleaners","Own-child","White","Female",0,0,13,"United-States","small"
24,"Private","HS-grad","Never-married","Adm-clerical","Unmarried","White","Male",0,0,60,"United-States","small"
43,"Private","HS-grad","Never-married","Adm-clerical","Not-in-family","Black","Female",0,0,40,"United-States","small"
60,"Federal-gov","HS-grad","Divorced","Exec-managerial","Not-in-family","White","Male",10520,0,40,"United-States","large"
18,"Private","Some-college","Never-married","Craft-repair","Not-in-family","White","Male",0,0,30,"United-States","small"
56,"Private","10th","Separated","Other-service","Unmarried","White","Female",0,0,32,"United-States","small"
62,"Private","10th","Divorced","Other-service","Unmarried","White","Female",0,0,40,"United-States","small"
44,"Private","Bachelors","Married-civ-spouse","Prof-specialty","Husband","White","Male",0,0,40,"United-States","large"
45,"Private","Bachelors","Never-married","Prof-specialty","Not-in-family","White","Male",0,0,40,"United-States","small"
28,"Self-emp-not-inc","HS-grad","Married-civ-spouse","Farming-fishing","Husband","White","Male",0,0,70,"United-States","large"
37,"Private","HS-grad","Married-civ-spouse","Other-service","Wife","White","Female",0,0,20,"United-States","small"
49,"Private","Bachelors","Married-civ-spouse","Other-service","Husband","White","Male",0,0,40,"United-States","small"
22,"State-gov","Some-college","Never-married","Other-service","Other-relative","Black","Male",0,0,39,"Haiti","small"
44,"Self-emp-inc","Masters","Divorced","Exec-managerial","Unmarried","Asian-Pac-Islander","Female",0,0,40,"United-States","small"
45,"Private","Doctorate","Married-civ-spouse","Prof-specialty","Husband","White","Male",7688,0,50,"United-States","large"
42,"State-gov","Bachelors","Divorced","Adm-clerical","Unmarried","Black","Female",2977,0,40,"United-States","small"
30,"Private","HS-grad","Married-civ-spouse","Craft-repair","Husband","White","Male",0,0,40,"United-States","small"
29,"Local-gov","Bachelors","Never-married","Prof-specialty","Own-child","Black","Female",0,0,42,"United-States","small"
22,"Local-gov","Bachelors","Never-married","Prof-specialty","Own-child","White","Female",0,0,20,"United-States","small"
42,"Local-gov","Bachelors","Never-married","Exec-managerial","Own-child","White","Male",4650,0,35,"United-States","small"
61,"Private","HS-grad","Married-civ-spouse","Exec-managerial","Husband","White","Male",0,0,50,"United-States","large"
22,"Private","HS-grad","Never-married","Craft-repair","Not-in-family","White","Male",0,0,41,"United-States","small"
36,"Private","11th","Never-married","Protective-serv","Not-in-family","Black","Male",13550,0,40,"United-States","large"
28,"Private","10th","Married-civ-spouse","Machine-op-inspct","Husband","White","Male",0,0,40,"United-States","small"
22,"Private","Bachelors","Never-married","Adm-clerical","Own-child","White","Female",0,0,60,"United-States","small"
29,"Local-gov","Some-college","Never-married","Exec-managerial","Not-in-family","White","Male",0,0,40,"Iran","small"
67,"Private","Some-college","Widowed","Sales","Not-in-family","White","Female",0,0,25,"Nicaragua","small"
25,"Private","Some-college","Never-married","Handlers-cleaners","Not-in-family","Amer-Indian-Eskimo","Male",0,0,40,"United-States","small"
58,"Private","1st-4th","Married-civ-spouse","Other-service","Husband","White","Male",0,0,38,"Cuba","small"
54,"Self-emp-not-inc","7th-8th","Divorced","Transport-moving","Not-in-family","White","Male",0,0,45,"Cuba","small"
42,"Local-gov","Masters","Never-married","Prof-specialty","Unmarried","White","Female",0,0,40,"United-States","small"
61,"Private","Some-college","Married-civ-spouse","Sales","Husband","White","Male",0,0,40,"United-States","small"
47,"Private","11th","Married-civ-spouse","Craft-repair","Husband","White","Male",0,0,40,"Dominican-Republic","small"
24,"Private","Some-college","Never-married","Sales","Not-in-family","White","Male",0,0,40,"United-States","small"
18,"Private","Some-college","Never-married","Adm-clerical","Own-child","White","Male",0,0,40,"United-States","small"
27,"Private","HS-grad","Never-married","Handlers-cleaners","Not-in-family","Black","Male",0,0,35,"United-States","small"
29,"Private","Some-college","Divorced","Craft-repair","Unmarried","White","Male",0,0,35,"United-States","large"
64,"Local-gov","HS-grad","Divorced","Adm-clerical","Not-in-family","White","Female",0,0,40,"United-States","small"
21,"Private","Some-college","Never-married","Other-service","Unmarried","White","Female",0,0,35,"United-States","small"
19,"Private","HS-grad","Married-civ-spouse","Machine-op-inspct","Other-relative","White","Male",0,0,20,"United-States","small"
50,"Local-gov","HS-grad","Married-civ-spouse","Handlers-cleaners","Husband","White","Male",0,0,40,"United-States","small"
42,"Private","HS-grad","Widowed","Exec-managerial","Not-in-family","Black","Female",0,0,35,"United-States","small"
42,"Private","Some-college","Married-civ-spouse","Tech-support","Wife","White","Female",0,0,40,"United-States","large"
60,"Local-gov","HS-grad","Married-civ-spouse","Other-service","Husband","White","Male",0,0,40,"United-States","small"
29,"Private","HS-grad","Divorced","Sales","Not-in-family","White","Female",0,0,34,"United-States","small"
43,"Private","Bachelors","Married-civ-spouse","Craft-repair","Husband","White","Male",0,0,48,"United-States","small"
36,"Private","Some-college","Divorced","Sales","Unmarried","White","Female",0,0,40,"United-States","small"
35,"Federal-gov","HS-grad","Divorced","Prof-specialty","Unmarried","White","Female",0,0,40,"United-States","small"
22,"Private","HS-grad","Never-married","Exec-managerial","Own-child","White","Female",0,0,20,"United-States","small"
44,"Private","Bachelors","Never-married","Adm-clerical","Not-in-family","White","Female",0,1617,20,"United-States","small"
23,"Private","HS-grad","Married-civ-spouse","Adm-clerical","Other-relative","White","Male",0,0,40,"United-States","small"
31,"Local-gov","Some-college","Never-married","Exec-managerial","Own-child","Amer-Indian-Eskimo","Female",0,0,32,"United-States","small"
36,"Private","HS-grad","Married-civ-spouse","Craft-repair","Husband","White","Male",0,0,40,"United-States","large"
35,"Private","10th","Married-civ-spouse","Transport-moving","Husband","White","Male",0,0,70,"United-States","small"
21,"Local-gov","Some-college","Never-married","Other-service","Not-in-family","White","Female",0,2001,40,"United-States","small"
20,"Private","Some-college","Never-married","Machine-op-inspct","Own-child","White","Female",0,0,40,"United-States","small"
39,"Self-emp-inc","Bachelors","Married-civ-spouse","Exec-managerial","Husband","White","Male",0,0,45,"United-States","small"
47,"Private","Some-college","Divorced","Exec-managerial","Not-in-family","White","Female",0,0,48,"United-States","small"
41,"Self-emp-not-inc","Prof-school","Married-civ-spouse","Prof-specialty","Husband","White","Male",0,0,50,"United-States","large"
48,"Self-emp-inc","Some-college","Divorced","Exec-managerial","Not-in-family","White","Male",0,0,40,"United-States","small"
56,"Private","Bachelors","Married-civ-spouse","Exec-managerial","Husband","White","Male",0,0,42,"United-States","large"
41,"Private","HS-grad","Divorced","Priv-house-serv","Not-in-family","White","Female",0,0,40,"Guatemala","small"
46,"State-gov","Bachelors","Married-civ-spouse","Prof-specialty","Husband","White","Male",0,0,38,"United-States","small"
61,"Self-emp-inc","Bachelors","Separated","Sales","Not-in-family","White","Female",0,0,30,"United-States","small"
59,"Self-emp-not-inc","Masters","Married-civ-spouse","Craft-repair","Husband","White","Male",0,0,40,"United-States","large"
26,"Private","Bachelors","Never-married","Adm-clerical","Own-child","White","Male",0,0,25,"United-States","small"
65,"Private","Some-college","Widowed","Adm-clerical","Not-in-family","White","Female",0,0,15,"United-States","small"
56,"Private","HS-grad","Divorced","Craft-repair","Unmarried","White","Male",0,0,35,"United-States","small"
27,"Self-emp-not-inc","Some-college","Never-married","Sales","Not-in-family","White","Male",0,0,50,"United-States","small"
33,"Private","Some-college","Married-civ-spouse","Exec-managerial","Husband","White","Male",0,0,40,"United-States","large"
59,"Self-emp-not-inc","HS-grad","Married-civ-spouse","Farming-fishing","Husband","White","Male",0,0,35,"United-States","small"
30,"Private","HS-grad","Married-civ-spouse","Machine-op-inspct","Husband","Asian-Pac-Islander","Male",0,0,40,"Vietnam","large"
46,"Private","Bachelors","Divorced","Adm-clerical","Not-in-family","White","Male",0,0,40,"Portugal","small"
42,"Private","HS-grad","Married-civ-spouse","Transport-moving","Husband","White","Male",0,0,50,"United-States","large"
30,"Private","HS-grad","Separated","Adm-clerical","Unmarried","White","Female",0,0,40,"United-States","small"
39,"Local-gov","Masters","Married-civ-spouse","Prof-specialty","Wife","White","Female",0,1977,20,"United-States","large"
22,"Private","HS-grad","Never-married","Sales","Own-child","White","Male",0,0,55,"United-States","small"
37,"Private","Bachelors","Married-civ-spouse","Prof-specialty","Husband","White","Male",0,0,40,"United-States","small"
41,"Private","HS-grad","Married-civ-spouse","Adm-clerical","Wife","White","Female",0,0,40,"United-States","small"
40,"Federal-gov","Masters","Married-civ-spouse","Prof-specialty","Husband","White","Male",0,0,40,"United-States","large"
42,"Private","Some-college","Divorced","Adm-clerical","Unmarried","White","Female",0,0,38,"United-States","small"
50,"Private","11th","Married-civ-spouse","Machine-op-inspct","Husband","Black","Male",0,0,40,"United-States","small"
19,"Private","Some-college","Never-married","Other-service","Not-in-family","White","Male",0,0,20,"United-States","small"
36,"Self-emp-not-inc","Some-college","Married-civ-spouse","Exec-managerial","Husband","White","Male",0,0,52,"United-States","small"
36,"Private","Some-college","Married-civ-spouse","Craft-repair","Husband","White","Male",0,0,50,"United-States","small"
46,"Federal-gov","Bachelors","Married-civ-spouse","Exec-managerial","Husband","White","Male",7688,0,40,"United-States","large"
33,"Private","Assoc-voc","Never-married","Prof-specialty","Unmarried","White","Female",0,0,55,"United-States","small"
17,"Private","11th","Never-married","Sales","Own-child","White","Female",0,0,20,"United-States","small"
25,"Private","12th","Married-civ-spouse","Craft-repair","Husband","White","Male",0,0,40,"United-States","large"
47,"Private","HS-grad","Married-civ-spouse","Exec-managerial","Husband","White","Male",0,0,49,"United-States","large"
26,"Private","7th-8th","Never-married","Machine-op-inspct","Own-child","White","Male",0,0,48,"United-States","small"
28,"State-gov","Bachelors","Never-married","Prof-specialty","Not-in-family","White","Male",0,0,20,"United-States","small"
21,"Private","HS-grad","Married-civ-spouse","Machine-op-inspct","Husband","Black","Male",0,0,40,"United-States","small"
41,"Private","Bachelors","Divorced","Transport-moving","Own-child","Black","Male",6497,0,40,"United-States","small"
57,"Local-gov","Bachelors","Married-civ-spouse","Exec-managerial","Husband","White","Male",0,0,45,"United-States","small"
45,"Private","10th","Divorced","Other-service","Not-in-family","Black","Female",0,0,38,"Dominican-Republic","small"
38,"Self-emp-not-inc","Some-college","Married-civ-spouse","Farming-fishing","Wife","White","Female",0,0,15,"United-States","small"
42,"Private","HS-grad","Married-civ-spouse","Craft-repair","Husband","Black","Male",7688,0,45,"United-States","large"
37,"Private","HS-grad","Never-married","Handlers-cleaners","Unmarried","Black","Female",0,0,30,"United-States","small"
65,"Private","HS-grad","Divorced","Sales","Not-in-family","White","Female",0,0,20,"United-States","small"
26,"Private","Bachelors","Never-married","Exec-managerial","Not-in-family","Asian-Pac-Islander","Female",0,0,40,"Poland","small"
22,"Private","HS-grad","Divorced","Tech-support","Unmarried","White","Female",0,0,30,"Germany","small"
43,"Self-emp-inc","Some-college","Married-civ-spouse","Exec-managerial","Husband","White","Male",0,0,70,"United-States","large"
47,"Private","HS-grad","Married-civ-spouse","Machine-op-inspct","Wife","Black","Female",0,0,40,"United-States","large"
21,"Private","Some-college","Never-married","Machine-op-inspct","Own-child","White","Male",0,0,20,"United-States","small"
51,"Private","Some-college","Married-civ-spouse","Exec-managerial","Wife","White","Female",0,0,15,"United-States","large"
49,"Private","12th","Never-married","Transport-moving","Not-in-family","Asian-Pac-Islander","Male",0,0,35,"United-States","small"
38,"Local-gov","Bachelors","Married-civ-spouse","Prof-specialty","Wife","White","Female",7688,0,40,"United-States","large"
48,"Private","HS-grad","Divorced","Sales","Own-child","White","Female",0,0,20,"United-States","small"
30,"Private","Bachelors","Never-married","Prof-specialty","Not-in-family","Black","Male",0,0,40,"United-States","small"
32,"Private","HS-grad","Married-civ-spouse","Prof-specialty","Husband","White","Male",0,1485,48,"United-States","small"
34,"Private","Some-college","Married-civ-spouse","Other-service","Husband","White","Male",0,0,62,"Mexico","small"
34,"Private","HS-grad","Never-married","Sales","Not-in-family","White","Female",0,0,35,"United-States","small"
33,"Private","Bachelors","Married-civ-spouse","Exec-managerial","Husband","White","Male",0,0,55,"United-States","large"
34,"Private","Bachelors","Married-civ-spouse","Craft-repair","Husband","White","Male",0,0,40,"United-States","large"
34,"Self-emp-not-inc","Some-college","Married-civ-spouse","Craft-repair","Husband","White","Male",0,0,55,"United-States","large"
37,"Private","Assoc-voc","Married-civ-spouse","Sales","Husband","White","Male",0,0,54,"United-States","small"
34,"State-gov","Bachelors","Married-civ-spouse","Adm-clerical","Husband","White","Male",0,0,55,"United-States","small"
25,"Private","HS-grad","Never-married","Transport-moving","Not-in-family","White","Male",0,0,65,"United-States","small"
26,"Private","Bachelors","Married-civ-spouse","Exec-managerial","Husband","White","Male",0,0,40,"United-States","small"
56,"Self-emp-not-inc","7th-8th","Divorced","Other-service","Unmarried","White","Female",0,0,40,"United-States","small"
30,"State-gov","Bachelors","Married-civ-spouse","Prof-specialty","Husband","Asian-Pac-Islander","Male",0,0,40,"India","large"
47,"Self-emp-not-inc","Some-college","Married-civ-spouse","Adm-clerical","Wife","White","Female",0,0,35,"United-States","large"
22,"Private","Assoc-acdm","Never-married","Handlers-cleaners","Own-child","White","Male",0,0,40,"United-States","small"
32,"Private","Bachelors","Married-civ-spouse","Farming-fishing","Husband","White","Male",0,0,60,"United-States","small"
49,"Private","HS-grad","Married-civ-spouse","Machine-op-inspct","Husband","White","Male",0,1902,40,"United-States","small"
43,"Self-emp-not-inc","10th","Divorced","Farming-fishing","Unmarried","White","Male",0,0,25,"United-States","small"
36,"Private","Masters","Married-civ-spouse","Adm-clerical","Husband","White","Male",0,1977,40,"Japan","large"
43,"Private","Bachelors","Married-civ-spouse","Sales","Husband","White","Male",0,1902,55,"United-States","large"
26,"Private","Bachelors","Never-married","Prof-specialty","Not-in-family","White","Female",0,0,40,"United-States","small"
28,"Private","Bachelors","Married-civ-spouse","Prof-specialty","Wife","White","Female",0,1977,24,"United-States","large"
31,"Private","Some-college","Never-married","Exec-managerial","Unmarried","White","Male",0,0,60,"United-States","small"
35,"Self-emp-not-inc","Bachelors","Never-married","Other-service","Not-in-family","Black","Female",0,0,60,"United-States","small"
22,"Private","HS-grad","Never-married","Machine-op-inspct","Not-in-family","White","Male",0,0,42,"United-States","small"
48,"Private","Bachelors","Divorced","Exec-managerial","Other-relative","White","Male",0,0,40,"United-States","small"
56,"Self-emp-not-inc","Bachelors","Never-married","Exec-managerial","Not-in-family","White","Female",0,0,60,"United-States","small"
25,"Private","Some-college","Never-married","Adm-clerical","Own-child","White","Female",0,0,40,"United-States","small"
50,"Private","10th","Separated","Adm-clerical","Not-in-family","Black","Female",0,0,47,"Jamaica","small"
20,"Private","HS-grad","Never-married","Craft-repair","Not-in-family","White","Male",0,0,40,"United-States","small"
23,"Private","Some-college","Never-married","Other-service","Not-in-family","White","Female",0,0,40,"United-States","small"
43,"Local-gov","Masters","Never-married","Tech-support","Not-in-family","Black","Female",8614,0,47,"United-States","large"
50,"Local-gov","Prof-school","Married-civ-spouse","Prof-specialty","Husband","White","Male",0,0,40,"United-States","large"
33,"Private","Some-college","Widowed","Adm-clerical","Unmarried","White","Female",0,0,40,"United-States","small"
58,"Self-emp-inc","Bachelors","Married-civ-spouse","Prof-specialty","Husband","White","Male",0,0,40,"United-States","large"
64,"Federal-gov","HS-grad","Married-civ-spouse","Adm-clerical","Husband","White","Male",0,0,40,"United-States","small"
45,"Self-emp-not-inc","Some-college","Married-civ-spouse","Exec-managerial","Husband","White","Male",0,0,80,"United-States","small"
55,"Private","Some-college","Divorced","Prof-specialty","Not-in-family","White","Female",0,0,40,"United-States","small"
57,"State-gov","Doctorate","Divorced","Prof-specialty","Unmarried","White","Female",0,0,50,"United-States","small"
49,"Private","Masters","Divorced","Sales","Not-in-family","White","Male",4787,0,45,"United-States","large"
55,"Local-gov","Masters","Married-civ-spouse","Prof-specialty","Wife","White","Female",0,2267,40,"United-States","small"
37,"Private","Bachelors","Married-civ-spouse","Craft-repair","Husband","Asian-Pac-Islander","Male",0,0,40,"Cambodia","large"
20,"Private","Assoc-voc","Never-married","Other-service","Own-child","White","Female",0,0,20,"United-States","small"
49,"Private","HS-grad","Divorced","Craft-repair","Not-in-family","White","Male",0,1669,40,"United-States","small"
31,"Private","HS-grad","Married-civ-spouse","Machine-op-inspct","Husband","White","Male",0,0,55,"United-States","small"
26,"Private","Bachelors","Never-married","Sales","Not-in-family","White","Female",0,0,55,"United-States","small"
22,"Private","Some-college","Never-married","Other-service","Not-in-family","White","Female",0,0,50,"United-States","small"
64,"Private","HS-grad","Widowed","Other-service","Not-in-family","White","Female",0,0,38,"United-States","small"
46,"Self-emp-not-inc","HS-grad","Married-civ-spouse","Exec-managerial","Husband","White","Male",0,0,50,"United-States","small"
25,"State-gov","Some-college","Divorced","Protective-serv","Other-relative","White","Male",0,0,45,"United-States","small"
32,"Private","Bachelors","Never-married","Craft-repair","Own-child","White","Male",0,0,40,"United-States","small"
39,"Private","Masters","Married-civ-spouse","Prof-specialty","Husband","White","Male",7688,0,40,"United-States","large"
43,"Self-emp-not-inc","Bachelors","Married-civ-spouse","Sales","Wife","Asian-Pac-Islander","Female",0,0,60,"South","small"
35,"Private","Bachelors","Divorced","Exec-managerial","Not-in-family","White","Male",27828,0,50,"United-States","large"
35,"Private","Bachelors","Never-married","Sales","Not-in-family","White","Female",0,0,40,"United-States","small"
50,"Private","7th-8th","Married-civ-spouse","Craft-repair","Husband","White","Male",3411,0,40,"United-States","small"
52,"Private","HS-grad","Divorced","Other-service","Other-relative","White","Male",0,0,30,"United-States","small"
31,"Private","Masters","Never-married","Prof-specialty","Not-in-family","White","Male",0,0,30,"United-States","small"
50,"Private","10th","Married-civ-spouse","Craft-repair","Husband","White","Male",0,0,38,"United-States","small"
51,"Private","Some-college","Divorced","Adm-clerical","Unmarried","White","Female",0,0,40,"United-States","small"
21,"Private","Assoc-voc","Never-married","Exec-managerial","Own-child","White","Female",2174,0,60,"United-States","small"
29,"Private","HS-grad","Divorced","Other-service","Unmarried","White","Female",0,0,36,"United-States","small"
36,"Private","Some-college","Divorced","Adm-clerical","Not-in-family","White","Male",0,0,45,"United-States","small"
30,"Private","Bachelors","Married-civ-spouse","Tech-support","Wife","White","Female",0,0,16,"United-States","large"
30,"Private","Bachelors","Never-married","Exec-managerial","Not-in-family","White","Female",0,0,45,"Germany","small"
23,"Private","Some-college","Never-married","Sales","Not-in-family","White","Male",0,0,25,"United-States","small"
27,"Private","Some-college","Married-civ-spouse","Transport-moving","Husband","White","Male",0,0,45,"United-States","small"
39,"Private","HS-grad","Married-civ-spouse","Craft-repair","Husband","White","Male",0,0,35,"United-States","small"
28,"Local-gov","Bachelors","Never-married","Prof-specialty","Not-in-family","White","Female",0,0,40,"United-States","small"
69,"Private","11th","Never-married","Machine-op-inspct","Not-in-family","White","Female",0,0,40,"United-States","small"
33,"Private","Bachelors","Never-married","Prof-specialty","Not-in-family","White","Male",0,0,40,"United-States","small"
59,"Private","HS-grad","Widowed","Prof-specialty","Not-in-family","White","Female",0,0,18,"United-States","small"
40,"Local-gov","Assoc-voc","Divorced","Exec-managerial","Unmarried","White","Female",0,0,40,"United-States","small"
35,"Private","HS-grad","Married-civ-spouse","Adm-clerical","Husband","White","Male",0,0,40,"United-States","small"
53,"State-gov","Doctorate","Married-civ-spouse","Prof-specialty","Husband","White","Male",0,0,40,"United-States","large"
58,"Self-emp-inc","HS-grad","Married-civ-spouse","Sales","Husband","White","Male",0,0,50,"United-States","small"
59,"Private","Assoc-voc","Divorced","Prof-specialty","Not-in-family","White","Female",0,0,36,"United-States","small"
25,"Private","Some-college","Never-married","Other-service","Own-child","White","Female",0,0,25,"United-States","small"
25,"Private","Assoc-voc","Never-married","Sales","Not-in-family","White","Male",0,0,45,"United-States","small"
45,"Private","HS-grad","Divorced","Adm-clerical","Not-in-family","White","Female",0,0,40,"Canada","small"
52,"Federal-gov","Masters","Married-civ-spouse","Exec-managerial","Husband","White","Male",5013,0,40,"United-States","small"
26,"Private","10th","Married-civ-spouse","Handlers-cleaners","Wife","White","Female",0,0,40,"United-States","small"
67,"Private","Masters","Never-married","Other-service","Not-in-family","White","Female",0,0,40,"United-States","small"
28,"Private","1st-4th","Married-civ-spouse","Machine-op-inspct","Husband","White","Male",0,0,43,"Mexico","small"
23,"Private","Bachelors","Never-married","Adm-clerical","Not-in-family","White","Female",0,0,23,"United-States","small"
32,"Private","Doctorate","Married-civ-spouse","Prof-specialty","Husband","White","Male",0,0,65,"United-States","large"
30,"Self-emp-not-inc","Assoc-acdm","Married-civ-spouse","Sales","Husband","White","Male",0,0,60,"Iran","small"
43,"Private","Assoc-acdm","Never-married","Adm-clerical","Not-in-family","White","Female",0,0,38,"United-States","small"
31,"State-gov","Assoc-acdm","Separated","Other-service","Unmarried","Black","Female",0,0,40,"United-States","small"
23,"Private","HS-grad","Married-civ-spouse","Sales","Husband","Black","Male",0,0,37,"United-States","small"
48,"Private","HS-grad","Married-civ-spouse","Craft-repair","Husband","White","Male",0,0,40,"Italy","large"
18,"Local-gov","HS-grad","Never-married","Other-service","Own-child","White","Male",0,0,60,"United-States","small"
49,"Private","Some-college","Married-civ-spouse","Transport-moving","Husband","White","Male",0,0,40,"United-States","small"
48,"Self-emp-not-inc","7th-8th","Never-married","Farming-fishing","Not-in-family","White","Male",0,0,50,"United-States","small"
51,"Local-gov","Doctorate","Married-civ-spouse","Prof-specialty","Wife","Black","Female",0,0,40,"United-States","large"
43,"Private","Some-college","Married-civ-spouse","Craft-repair","Husband","White","Male",0,0,40,"United-States","large"
49,"Private","HS-grad","Married-civ-spouse","Farming-fishing","Husband","White","Male",0,0,25,"United-States","small"
21,"Private","HS-grad","Never-married","Other-service","Own-child","White","Female",0,0,40,"United-States","small"
28,"State-gov","Masters","Married-civ-spouse","Exec-managerial","Wife","White","Female",0,0,40,"United-States","small"
37,"Private","Some-college","Married-civ-spouse","Exec-managerial","Husband","White","Male",0,0,42,"United-States","large"
65,"Private","Bachelors","Widowed","Other-service","Not-in-family","White","Female",0,0,40,"United-States","small"
45,"Self-emp-not-inc","HS-grad","Married-civ-spouse","Craft-repair","Husband","White","Male",0,0,50,"United-States","small"
40,"Private","Some-college","Married-civ-spouse","Machine-op-inspct","Husband","White","Male",0,2179,40,"United-States","small"
17,"Private","11th","Never-married","Craft-repair","Own-child","White","Male",0,0,20,"United-States","small"
63,"Self-emp-not-inc","5th-6th","Never-married","Sales","Not-in-family","White","Female",0,0,3,"United-States","small"
48,"Private","Bachelors","Married-civ-spouse","Sales","Husband","White","Male",0,0,40,"United-States","small"
37,"Private","HS-grad","Divorced","Sales","Not-in-family","White","Male",0,0,60,"United-States","small"
52,"Private","HS-grad","Divorced","Adm-clerical","Unmarried","White","Female",0,0,40,"United-States","small"
30,"Private","7th-8th","Separated","Handlers-cleaners","Not-in-family","White","Male",0,0,40,"United-States","small"
39,"State-gov","HS-grad","Married-civ-spouse","Adm-clerical","Wife","White","Female",0,0,40,"United-States","small"
36,"Private","Assoc-acdm","Divorced","Exec-managerial","Unmarried","Asian-Pac-Islander","Female",0,0,40,"Taiwan","small"
32,"Private","Bachelors","Never-married","Other-service","Unmarried","Other","Male",0,0,40,"United-States","small"
41,"Self-emp-inc","Prof-school","Married-civ-spouse","Exec-managerial","Wife","White","Female",0,2415,55,"United-States","large"
22,"Private","Some-college","Never-married","Handlers-cleaners","Not-in-family","White","Female",0,0,30,"United-States","small"
59,"Private","HS-grad","Married-civ-spouse","Farming-fishing","Husband","White","Male",0,0,48,"United-States","small"
35,"Private","Assoc-voc","Married-civ-spouse","Exec-managerial","Husband","White","Male",7298,0,50,"United-States","large"
31,"Private","Assoc-voc","Married-civ-spouse","Craft-repair","Husband","White","Male",0,0,40,"United-States","large"
45,"State-gov","Bachelors","Divorced","Protective-serv","Not-in-family","White","Female",0,0,40,"United-States","small"
31,"Private","7th-8th","Never-married","Handlers-cleaners","Own-child","White","Male",0,0,50,"United-States","small"
39,"Private","Some-college","Never-married","Adm-clerical","Not-in-family","White","Female",0,0,40,"United-States","small"
42,"Local-gov","Bachelors","Married-civ-spouse","Exec-managerial","Husband","White","Male",0,1977,48,"United-States","large"
33,"Private","HS-grad","Married-civ-spouse","Craft-repair","Wife","White","Female",0,0,40,"United-States","large"
39,"Private","Bachelors","Married-civ-spouse","Adm-clerical","Husband","White","Male",0,0,45,"United-States","small"
22,"Private","HS-grad","Never-married","Adm-clerical","Own-child","White","Male",0,0,20,"United-States","small"
44,"Private","Some-college","Married-civ-spouse","Sales","Husband","White","Male",0,0,55,"United-States","small"
39,"Private","Masters","Married-civ-spouse","Prof-specialty","Husband","Asian-Pac-Islander","Male",0,0,40,"Philippines","large"
28,"Private","HS-grad","Married-civ-spouse","Sales","Husband","White","Male",0,0,40,"United-States","small"
35,"Private","HS-grad","Never-married","Craft-repair","Not-in-family","White","Male",0,0,70,"United-States","small"
46,"Private","HS-grad","Married-civ-spouse","Craft-repair","Husband","White","Male",0,0,60,"United-States","small"
33,"Private","Prof-school","Never-married","Prof-specialty","Not-in-family","White","Female",0,0,50,"United-States","large"
43,"Private","Bachelors","Married-civ-spouse","Adm-clerical","Husband","White","Male",0,0,40,"United-States","large"
44,"Private","Bachelors","Married-spouse-absent","Adm-clerical","Not-in-family","White","Female",0,0,40,"Cuba","small"
46,"Private","HS-grad","Married-civ-spouse","Handlers-cleaners","Husband","White","Male",0,0,40,"United-States","small"
29,"Private","Bachelors","Never-married","Adm-clerical","Not-in-family","Black","Female",0,0,40,"United-States","small"
51,"Private","HS-grad","Married-civ-spouse","Machine-op-inspct","Husband","White","Male",4386,0,40,"United-States","large"
32,"Private","Some-college","Divorced","Machine-op-inspct","Unmarried","White","Male",0,0,45,"United-States","small"
45,"Private","Some-college","Divorced","Adm-clerical","Unmarried","White","Female",0,0,48,"United-States","small"
22,"Private","5th-6th","Never-married","Priv-house-serv","Other-relative","White","Female",0,0,40,"El-Salvador","small"
27,"Private","Bachelors","Married-civ-spouse","Sales","Husband","White","Male",0,1848,55,"United-States","large"
48,"State-gov","Some-college","Married-civ-spouse","Craft-repair","Husband","White","Male",0,0,40,"United-States","large"
24,"Private","Some-college","Never-married","Adm-clerical","Own-child","White","Female",3325,0,52,"Dominican-Republic","small"
52,"Federal-gov","HS-grad","Married-civ-spouse","Adm-clerical","Husband","White","Male",0,0,44,"United-States","large"
48,"Private","HS-grad","Separated","Adm-clerical","Not-in-family","White","Female",0,2001,40,"United-States","small"
50,"Self-emp-not-inc","Prof-school","Married-civ-spouse","Prof-specialty","Husband","White","Male",0,2415,30,"United-States","large"
54,"Private","HS-grad","Married-civ-spouse","Transport-moving","Husband","White","Male",0,2051,50,"United-States","small"
43,"Private","Some-college","Married-civ-spouse","Machine-op-inspct","Husband","White","Male",0,0,48,"United-States","large"
28,"Private","Masters","Never-married","Prof-specialty","Not-in-family","White","Female",0,0,50,"United-States","small"
27,"Local-gov","Bachelors","Never-married","Prof-specialty","Not-in-family","White","Female",0,0,40,"United-States","small"
42,"Private","Bachelors","Married-civ-spouse","Exec-managerial","Husband","White","Male",0,0,45,"United-States","large"
32,"Private","Assoc-voc","Divorced","Other-service","Unmarried","Black","Female",0,0,40,"United-States","small"
58,"Private","1st-4th","Separated","Farming-fishing","Not-in-family","Black","Male",0,0,50,"United-States","small"
20,"Private","Some-college","Never-married","Sales","Own-child","White","Female",0,0,6,"United-States","small"
33,"Private","Some-college","Never-married","Prof-specialty","Not-in-family","Black","Male",0,0,40,"United-States","small"
44,"Local-gov","Bachelors","Married-civ-spouse","Prof-specialty","Husband","White","Male",0,0,50,"United-States","small"
35,"Private","HS-grad","Never-married","Machine-op-inspct","Not-in-family","Asian-Pac-Islander","Male",0,0,40,"Cambodia","small"
18,"Private","Some-college","Never-married","Handlers-cleaners","Own-child","White","Male",0,0,9,"United-States","small"
28,"Self-emp-not-inc","Assoc-voc","Married-civ-spouse","Farming-fishing","Husband","White","Male",0,0,60,"United-States","small"
50,"Self-emp-not-inc","Prof-school","Married-civ-spouse","Prof-specialty","Husband","White","Male",0,0,50,"United-States","large"
30,"Self-emp-not-inc","HS-grad","Never-married","Sales","Unmarried","White","Male",0,0,66,"United-States","small"
51,"Private","HS-grad","Married-civ-spouse","Machine-op-inspct","Husband","Black","Male",0,0,40,"United-States","large"
59,"Private","HS-grad","Married-civ-spouse","Sales","Husband","White","Male",0,0,48,"United-States","small"
61,"Private","7th-8th","Widowed","Farming-fishing","Not-in-family","Black","Male",0,0,40,"United-States","small"
34,"Self-emp-inc","Bachelors","Never-married","Prof-specialty","Not-in-family","Other","Male",0,0,60,"United-States","small"
35,"Private","HS-grad","Married-civ-spouse","Protective-serv","Husband","White","Male",0,0,55,"United-States","small"
34,"Private","HS-grad","Married-civ-spouse","Craft-repair","Husband","White","Male",0,0,40,"United-States","small"
54,"Private","Doctorate","Married-civ-spouse","Prof-specialty","Husband","White","Male",0,1977,50,"United-States","large"
26,"Private","Assoc-voc","Divorced","Craft-repair","Own-child","White","Male",0,0,40,"United-States","small"
18,"Private","11th","Never-married","Other-service","Other-relative","White","Male",0,0,25,"United-States","small"
24,"Private","Some-college","Married-civ-spouse","Sales","Husband","Amer-Indian-Eskimo","Male",0,0,40,"United-States","small"
68,"Private","HS-grad","Married-civ-spouse","Sales","Husband","White","Male",0,0,40,"United-States","small"
33,"Private","Some-college","Never-married","Adm-clerical","Own-child","White","Female",99999,0,30,"United-States","large"
56,"Private","Bachelors","Never-married","Prof-specialty","Not-in-family","White","Female",0,0,45,"Mexico","small"
29,"Private","Some-college","Never-married","Transport-moving","Unmarried","White","Male",0,0,40,"United-States","small"
67,"Self-emp-not-inc","Bachelors","Divorced","Prof-specialty","Not-in-family","White","Male",0,0,40,"United-States","small"
42,"Local-gov","11th","Married-civ-spouse","Transport-moving","Husband","White","Male",0,0,40,"United-States","small"
19,"Private","9th","Never-married","Handlers-cleaners","Own-child","White","Male",0,0,25,"United-States","small"
40,"Private","HS-grad","Divorced","Sales","Not-in-family","White","Male",0,0,60,"United-States","large"
50,"Private","HS-grad","Never-married","Adm-clerical","Not-in-family","White","Male",0,1980,40,"United-States","small"
21,"Private","Some-college","Never-married","Transport-moving","Own-child","Black","Male",0,0,40,"United-States","small"
43,"Private","10th","Married-civ-spouse","Machine-op-inspct","Husband","Black","Male",0,1887,40,"United-States","large"
28,"Private","Assoc-voc","Never-married","Sales","Not-in-family","White","Female",0,0,40,"United-States","small"
26,"Private","Some-college","Never-married","Other-service","Not-in-family","White","Female",0,0,30,"United-States","small"
26,"Private","Assoc-voc","Never-married","Craft-repair","Own-child","White","Male",0,0,48,"United-States","small"
39,"Private","10th","Never-married","Other-service","Unmarried","White","Female",0,0,25,"Mexico","small"
25,"Private","Bachelors","Never-married","Sales","Not-in-family","Black","Female",0,0,40,"United-States","small"
34,"Private","Assoc-acdm","Married-civ-spouse","Adm-clerical","Husband","White","Male",0,0,28,"United-States","small"
24,"Private","Assoc-acdm","Never-married","Handlers-cleaners","Not-in-family","White","Male",0,0,48,"United-States","small"
40,"Self-emp-not-inc","Masters","Married-civ-spouse","Sales","Husband","White","Male",3103,0,50,"United-States","small"
44,"Private","Bachelors","Married-civ-spouse","Sales","Husband","White","Male",7688,0,50,"United-States","large"
37,"Private","HS-grad","Married-civ-spouse","Craft-repair","Husband","White","Male",0,0,50,"United-States","large"
31,"Private","HS-grad","Divorced","Transport-moving","Not-in-family","White","Male",0,0,40,"United-States","small"
52,"Private","9th","Married-spouse-absent","Machine-op-inspct","Not-in-family","Asian-Pac-Islander","Female",0,0,30,"China","small"
69,"Private","HS-grad","Widowed","Exec-managerial","Not-in-family","White","Female",0,0,40,"United-States","small"
39,"Private","Masters","Married-civ-spouse","Transport-moving","Husband","White","Male",0,0,40,"Poland","small"
47,"Self-emp-not-inc","Doctorate","Married-civ-spouse","Prof-specialty","Husband","White","Male",0,0,35,"United-States","large"
23,"Private","12th","Never-married","Machine-op-inspct","Own-child","White","Female",0,0,40,"United-States","small"
23,"Federal-gov","HS-grad","Never-married","Prof-specialty","Not-in-family","White","Male",0,0,40,"United-States","small"
43,"Self-emp-inc","Bachelors","Married-civ-spouse","Sales","Husband","White","Male",15024,0,60,"United-States","large"
46,"Private","Masters","Married-civ-spouse","Tech-support","Husband","Asian-Pac-Islander","Male",0,0,40,"Philippines","large"
67,"Private","HS-grad","Married-civ-spouse","Sales","Husband","White","Male",0,0,40,"Canada","large"
33,"State-gov","Some-college","Never-married","Tech-support","Not-in-family","White","Female",0,0,40,"United-States","small"
17,"Private","11th","Never-married","Priv-house-serv","Own-child","White","Female",0,0,25,"United-States","small"
34,"Private","Some-college","Never-married","Sales","Not-in-family","White","Male",0,0,65,"United-States","small"
52,"Private","HS-grad","Never-married","Other-service","Unmarried","White","Male",0,0,40,"United-States","small"
33,"Private","HS-grad","Never-married","Craft-repair","Own-child","Asian-Pac-Islander","Male",0,0,40,"United-States","small"
30,"Private","HS-grad","Never-married","Transport-moving","Own-child","Black","Male",0,0,40,"United-States","small"
28,"Private","HS-grad","Never-married","Prof-specialty","Unmarried","Black","Male",0,0,40,"United-States","small"
49,"Private","HS-grad","Married-civ-spouse","Exec-managerial","Husband","White","Male",0,0,40,"United-States","small"
41,"Private","Some-college","Divorced","Sales","Not-in-family","White","Female",0,0,15,"United-States","small"
47,"Private","Some-college","Married-civ-spouse","Prof-specialty","Husband","White","Male",0,0,40,"United-States","small"
53,"Private","Some-college","Never-married","Adm-clerical","Not-in-family","White","Female",0,0,50,"United-States","large"
20,"Private","HS-grad","Never-married","Craft-repair","Own-child","White","Female",0,0,40,"United-States","small"
40,"Private","HS-grad","Married-civ-spouse","Craft-repair","Wife","White","Female",0,1628,45,"United-States","small"
42,"Self-emp-inc","7th-8th","Divorced","Craft-repair","Unmarried","White","Male",0,0,25,"United-States","small"
28,"Private","HS-grad","Never-married","Tech-support","Not-in-family","Asian-Pac-Islander","Male",0,0,50,"United-States","small"
38,"Private","Bachelors","Never-married","Exec-managerial","Not-in-family","White","Female",0,0,70,"United-States","small"
36,"Private","Masters","Married-civ-spouse","Sales","Husband","White","Male",0,1977,50,"United-States","large"
48,"Private","Some-college","Married-civ-spouse","Craft-repair","Husband","White","Male",0,0,60,"United-States","large"
53,"Private","Masters","Married-civ-spouse","Prof-specialty","Husband","White","Male",0,0,40,"United-States","large"
27,"Private","HS-grad","Married-civ-spouse","Transport-moving","Husband","White","Male",0,0,99,"United-States","small"
55,"Private","Some-college","Divorced","Tech-support","Not-in-family","White","Male",0,0,40,"United-States","small"
49,"Local-gov","HS-grad","Married-civ-spouse","Protective-serv","Husband","White","Male",0,0,40,"United-States","large"
52,"Private","5th-6th","Divorced","Farming-fishing","Unmarried","White","Male",0,0,40,"United-States","small"
68,"Private","HS-grad","Widowed","Sales","Not-in-family","White","Female",0,0,24,"United-States","small"
48,"Private","HS-grad","Married-civ-spouse","Exec-managerial","Husband","White","Male",0,0,50,"United-States","small"
42,"Private","Bachelors","Never-married","Sales","Not-in-family","White","Male",0,0,40,"United-States","small"
52,"Self-emp-inc","HS-grad","Married-civ-spouse","Exec-managerial","Husband","White","Male",0,0,40,"United-States","large"
23,"Private","Some-college","Married-civ-spouse","Transport-moving","Husband","White","Male",0,0,24,"United-States","small"
35,"Private","HS-grad","Married-civ-spouse","Machine-op-inspct","Husband","Black","Male",0,0,40,"United-States","small"
54,"Self-emp-not-inc","HS-grad","Married-civ-spouse","Transport-moving","Husband","White","Male",0,0,60,"United-States","large"
20,"Private","Some-college","Never-married","Transport-moving","Own-child","White","Female",0,0,40,"United-States","small"
31,"Private","Bachelors","Married-civ-spouse","Sales","Husband","Black","Male",0,0,90,"United-States","large"
39,"Private","Assoc-acdm","Never-married","Transport-moving","Not-in-family","Black","Male",0,0,60,"United-States","small"
49,"Private","5th-6th","Married-civ-spouse","Craft-repair","Husband","White","Male",0,0,40,"United-States","small"
49,"Private","HS-grad","Separated","Adm-clerical","Unmarried","White","Female",0,0,40,"United-States","small"
33,"Private","HS-grad","Married-civ-spouse","Adm-clerical","Wife","Other","Female",0,0,19,"United-States","small"
18,"Private","11th","Never-married","Sales","Not-in-family","White","Female",0,0,15,"United-States","small"
21,"Private","HS-grad","Never-married","Other-service","Own-child","White","Male",0,0,22,"United-States","small"
29,"Private","Some-college","Married-civ-spouse","Protective-serv","Husband","White","Male",0,0,45,"United-States","small"
64,"Local-gov","HS-grad","Widowed","Adm-clerical","Not-in-family","White","Female",0,0,40,"United-States","small"
19,"Private","HS-grad","Never-married","Craft-repair","Not-in-family","White","Male",0,0,40,"United-States","small"
21,"Private","HS-grad","Never-married","Prof-specialty","Own-child","White","Female",0,0,30,"United-States","small"
24,"Private","Bachelors","Never-married","Prof-specialty","Own-child","Asian-Pac-Islander","Female",0,0,40,"Philippines","small"
40,"Private","Some-college","Never-married","Exec-managerial","Unmarried","White","Female",0,0,40,"United-States","small"
47,"Private","Assoc-voc","Divorced","Sales","Unmarried","Black","Female",0,0,25,"United-States","small"
26,"Private","Some-college","Never-married","Sales","Other-relative","White","Female",0,0,20,"United-States","small"
33,"Private","HS-grad","Married-civ-spouse","Other-service","Husband","White","Male",0,0,40,"United-States","small"
48,"Private","Bachelors","Separated","Adm-clerical","Unmarried","Asian-Pac-Islander","Female",0,0,40,"Philippines","small"
42,"Private","Some-college","Married-civ-spouse","Machine-op-inspct","Wife","White","Female",0,0,37,"United-States","large"
69,"Private","HS-grad","Widowed","Adm-clerical","Unmarried","White","Male",0,0,8,"United-States","small"
32,"Private","HS-grad","Never-married","Craft-repair","Own-child","White","Male",0,0,40,"United-States","small"
25,"Private","HS-grad","Married-civ-spouse","Sales","Husband","White","Male",0,0,48,"United-States","small"
26,"Private","11th","Never-married","Handlers-cleaners","Unmarried","White","Male",0,0,20,"United-States","small"
19,"Private","Some-college","Never-married","Adm-clerical","Not-in-family","White","Female",0,0,18,"United-States","small"
45,"Local-gov","Masters","Divorced","Prof-specialty","Unmarried","White","Female",0,0,40,"United-States","small"
57,"Private","HS-grad","Married-civ-spouse","Craft-repair","Husband","Asian-Pac-Islander","Male",0,0,40,"United-States","small"
46,"Private","HS-grad","Divorced","Priv-house-serv","Unmarried","White","Female",0,0,28,"Ecuador","small"
21,"Private","HS-grad","Never-married","Other-service","Own-child","White","Male",0,0,40,"United-States","small"
73,"Self-emp-not-inc","Some-college","Married-civ-spouse","Sales","Husband","White","Male",0,0,6,"United-States","large"
38,"Private","Some-college","Married-civ-spouse","Prof-specialty","Husband","White","Male",0,0,40,"United-States","small"
53,"Private","Some-college","Divorced","Adm-clerical","Not-in-family","White","Female",0,0,34,"United-States","small"
23,"Private","Some-college","Never-married","Exec-managerial","Not-in-family","White","Female",0,0,50,"United-States","small"
28,"Private","Assoc-voc","Never-married","Other-service","Other-relative","Black","Male",0,0,40,"United-States","small"
49,"Private","Masters","Married-civ-spouse","Prof-specialty","Wife","White","Female",0,1977,40,"United-States","large"
22,"Private","Some-college","Never-married","Other-service","Not-in-family","White","Male",0,0,15,"United-States","small"
45,"Private","Bachelors","Married-civ-spouse","Exec-managerial","Husband","White","Male",0,0,55,"United-States","large"
55,"Private","Some-college","Divorced","Adm-clerical","Not-in-family","White","Female",0,0,38,"United-States","small"
43,"Private","Some-college","Married-civ-spouse","Tech-support","Husband","Black","Male",0,0,40,"Jamaica","large"
31,"Private","HS-grad","Never-married","Other-service","Unmarried","White","Female",0,0,8,"United-States","small"
18,"Private","9th","Never-married","Handlers-cleaners","Own-child","White","Male",594,0,40,"United-States","small"
37,"Private","Bachelors","Married-civ-spouse","Adm-clerical","Husband","White","Male",0,0,50,"United-States","large"
54,"Federal-gov","HS-grad","Married-civ-spouse","Adm-clerical","Husband","White","Male",0,0,40,"United-States","large"
30,"State-gov","10th","Married-civ-spouse","Adm-clerical","Husband","White","Male",0,0,40,"United-States","small"
47,"Private","HS-grad","Married-civ-spouse","Sales","Husband","White","Male",0,0,40,"United-States","small"
21,"Private","Some-college","Never-married","Adm-clerical","Own-child","White","Male",0,0,40,"United-States","small"
23,"Private","HS-grad","Never-married","Sales","Own-child","Black","Male",0,0,40,"United-States","small"
40,"Private","Assoc-acdm","Married-civ-spouse","Sales","Husband","White","Male",0,0,52,"United-States","small"
17,"Private","10th","Never-married","Sales","Own-child","White","Female",0,0,20,"United-States","small"
27,"Private","5th-6th","Never-married","Priv-house-serv","Other-relative","White","Female",2176,0,40,"El-Salvador","small"
34,"Self-emp-inc","Masters","Never-married","Exec-managerial","Not-in-family","White","Female",4787,0,45,"France","large"
42,"Local-gov","11th","Divorced","Sales","Unmarried","White","Male",7430,0,50,"Puerto-Rico","large"
33,"Private","HS-grad","Married-spouse-absent","Other-service","Unmarried","Black","Female",0,0,38,"United-States","small"
37,"Private","Bachelors","Divorced","Exec-managerial","Not-in-family","White","Male",0,0,40,"United-States","small"
68,"Private","HS-grad","Married-civ-spouse","Adm-clerical","Husband","White","Male",0,0,24,"United-States","small"
26,"Private","Bachelors","Never-married","Adm-clerical","Own-child","White","Female",0,0,40,"United-States","small"
49,"Self-emp-inc","Bachelors","Married-civ-spouse","Exec-managerial","Husband","White","Male",0,0,50,"United-States","small"
33,"Private","HS-grad","Married-civ-spouse","Tech-support","Husband","White","Male",0,0,40,"United-States","small"
18,"Private","12th","Never-married","Sales","Own-child","White","Female",0,0,8,"United-States","small"
71,"Private","HS-grad","Widowed","Sales","Other-relative","White","Female",0,0,16,"United-States","small"
42,"Self-emp-not-inc","HS-grad","Married-civ-spouse","Exec-managerial","Husband","White","Male",0,0,50,"United-States","small"
27,"Private","Bachelors","Married-civ-spouse","Exec-managerial","Husband","White","Male",0,0,45,"United-States","small"
37,"Self-emp-not-inc","Assoc-voc","Never-married","Other-service","Own-child","White","Female",0,0,40,"United-States","small"
49,"Private","HS-grad","Divorced","Other-service","Unmarried","White","Female",0,0,35,"United-States","small"
29,"Private","HS-grad","Married-spouse-absent","Other-service","Not-in-family","Other","Female",0,0,40,"Columbia","small"
39,"Private","5th-6th","Married-civ-spouse","Other-service","Husband","White","Male",0,0,40,"Mexico","small"
33,"Private","Some-college","Married-civ-spouse","Exec-managerial","Husband","White","Male",0,0,56,"United-States","large"
31,"Private","HS-grad","Married-civ-spouse","Machine-op-inspct","Husband","White","Male",0,0,40,"United-States","large"
61,"Private","Some-college","Married-civ-spouse","Sales","Husband","White","Male",0,0,44,"United-States","large"
45,"Private","HS-grad","Never-married","Craft-repair","Own-child","White","Male",10520,0,48,"United-States","large"
50,"Self-emp-not-inc","HS-grad","Married-civ-spouse","Exec-managerial","Husband","White","Male",0,0,45,"United-States","large"
28,"Private","Assoc-voc","Never-married","Machine-op-inspct","Not-in-family","White","Female",0,1669,42,"United-States","small"
42,"Private","HS-grad","Divorced","Machine-op-inspct","Not-in-family","White","Male",0,0,45,"United-States","small"
49,"Private","HS-grad","Married-civ-spouse","Transport-moving","Husband","White","Male",0,0,52,"United-States","large"
21,"Private","10th","Married-civ-spouse","Other-service","Husband","White","Male",3908,0,40,"United-States","small"
63,"Private","Some-college","Widowed","Adm-clerical","Unmarried","White","Female",0,0,43,"United-States","small"
49,"Self-emp-inc","Assoc-voc","Married-civ-spouse","Exec-managerial","Husband","White","Male",0,0,60,"United-States","large"
48,"Private","Some-college","Married-civ-spouse","Adm-clerical","Husband","White","Male",0,0,40,"United-States","large"
33,"Private","HS-grad","Married-civ-spouse","Transport-moving","Husband","White","Male",0,0,55,"United-States","large"
68,"Self-emp-not-inc","Some-college","Married-civ-spouse","Other-service","Husband","White","Male",0,0,30,"United-States","small"
36,"Private","Bachelors","Married-civ-spouse","Exec-managerial","Husband","White","Male",0,0,50,"United-States","small"
18,"Self-emp-not-inc","11th","Never-married","Sales","Own-child","White","Female",0,0,40,"United-States","small"
18,"Private","Some-college","Never-married","Other-service","Own-child","White","Female",0,0,15,"United-States","small"
61,"Private","Some-college","Married-civ-spouse","Prof-specialty","Husband","White","Male",0,0,42,"United-States","small"
23,"Private","Bachelors","Never-married","Machine-op-inspct","Own-child","White","Male",0,0,25,"United-States","small"
54,"Private","10th","Divorced","Prof-specialty","Unmarried","White","Male",14344,0,68,"United-States","large"
30,"Private","Bachelors","Never-married","Exec-managerial","Not-in-family","White","Female",0,0,40,"United-States","small"
48,"Private","Bachelors","Married-civ-spouse","Exec-managerial","Husband","White","Male",0,0,45,"United-States","large"
24,"Private","Bachelors","Never-married","Exec-managerial","Not-in-family","White","Female",0,0,40,"United-States","small"
46,"Private","HS-grad","Married-civ-spouse","Prof-specialty","Husband","White","Male",0,0,40,"United-States","small"
65,"Local-gov","Some-college","Divorced","Exec-managerial","Not-in-family","White","Female",0,0,40,"United-States","small"
41,"Private","HS-grad","Married-spouse-absent","Craft-repair","Unmarried","White","Female",0,0,40,"United-States","small"
31,"Self-emp-not-inc","Bachelors","Divorced","Exec-managerial","Unmarried","White","Male",0,0,60,"United-States","large"
27,"Private","Some-college","Married-spouse-absent","Sales","Not-in-family","White","Female",0,0,25,"United-States","small"
40,"Private","Masters","Married-civ-spouse","Prof-specialty","Husband","White","Male",7688,0,40,"United-States","large"
46,"Local-gov","Bachelors","Divorced","Prof-specialty","Not-in-family","White","Female",4787,0,25,"United-States","large"
64,"Local-gov","Assoc-voc","Married-civ-spouse","Exec-managerial","Husband","White","Male",0,0,40,"United-States","large"
49,"Private","Bachelors","Married-civ-spouse","Exec-managerial","Husband","White","Male",0,0,40,"United-States","large"
32,"Private","Bachelors","Married-civ-spouse","Exec-managerial","Husband","Asian-Pac-Islander","Male",0,0,50,"China","large"
27,"Private","Assoc-voc","Never-married","Handlers-cleaners","Not-in-family","White","Male",0,0,40,"United-States","small"
46,"Private","Some-college","Married-civ-spouse","Transport-moving","Husband","White","Male",7298,0,45,"United-States","large"
57,"Private","Bachelors","Married-civ-spouse","Exec-managerial","Husband","White","Male",0,0,50,"United-States","large"
50,"State-gov","Bachelors","Married-civ-spouse","Exec-managerial","Husband","White","Male",0,0,38,"United-States","large"
28,"Private","HS-grad","Never-married","Other-service","Own-child","Black","Female",0,0,40,"United-States","small"
63,"Local-gov","HS-grad","Married-civ-spouse","Exec-managerial","Husband","White","Male",0,0,55,"United-States","small"
53,"Private","Bachelors","Married-civ-spouse","Prof-specialty","Husband","White","Male",0,0,55,"United-States","large"
17,"Private","12th","Never-married","Other-service","Own-child","White","Female",0,0,6,"United-States","small"
29,"Private","HS-grad","Married-civ-spouse","Other-service","Own-child","Asian-Pac-Islander","Male",0,0,25,"Philippines","small"
25,"Private","Some-college","Never-married","Tech-support","Not-in-family","Black","Female",2174,0,50,"United-States","small"
30,"Private","Some-college","Never-married","Craft-repair","Unmarried","White","Male",0,0,40,"United-States","small"
43,"Private","Bachelors","Married-spouse-absent","Adm-clerical","Unmarried","White","Female",0,0,40,"United-States","small"
19,"Private","Some-college","Never-married","Handlers-cleaners","Not-in-family","White","Female",0,0,35,"United-States","small"
42,"Local-gov","HS-grad","Married-civ-spouse","Transport-moving","Husband","White","Male",0,0,40,"United-States","small"
25,"Private","Assoc-voc","Never-married","Tech-support","Unmarried","Black","Female",0,0,40,"United-States","small"
51,"Federal-gov","HS-grad","Divorced","Exec-managerial","Not-in-family","White","Female",0,0,40,"United-States","small"
43,"Private","HS-grad","Married-civ-spouse","Machine-op-inspct","Husband","White","Male",0,0,40,"United-States","small"
40,"Private","Prof-school","Married-civ-spouse","Prof-specialty","Husband","White","Male",0,0,40,"United-States","large"
26,"State-gov","Some-college","Never-married","Other-service","Not-in-family","White","Male",0,0,20,"United-States","small"
23,"Private","HS-grad","Never-married","Other-service","Unmarried","White","Male",0,0,35,"Mexico","small"
31,"Private","9th","Married-civ-spouse","Exec-managerial","Wife","White","Female",0,0,40,"United-States","small"
24,"Private","Some-college","Never-married","Tech-support","Not-in-family","White","Female",0,0,37,"United-States","small"
22,"Private","HS-grad","Never-married","Handlers-cleaners","Other-relative","White","Male",0,0,50,"United-States","small"
32,"Private","Bachelors","Married-civ-spouse","Prof-specialty","Husband","White","Male",15024,0,50,"United-States","large"
34,"Private","HS-grad","Married-civ-spouse","Craft-repair","Husband","White","Male",0,0,40,"United-States","large"
33,"Private","HS-grad","Married-civ-spouse","Sales","Husband","White","Male",3103,0,40,"United-States","large"
29,"Private","HS-grad","Never-married","Handlers-cleaners","Not-in-family","White","Male",0,0,16,"United-States","small"
43,"Private","Masters","Widowed","Exec-managerial","Unmarried","White","Male",4934,0,40,"United-States","large"
77,"Private","Prof-school","Married-civ-spouse","Exec-managerial","Husband","White","Male",0,0,40,"United-States","small"
29,"Local-gov","Masters","Married-civ-spouse","Prof-specialty","Husband","White","Male",0,0,40,"United-States","small"
42,"Private","Assoc-voc","Married-civ-spouse","Exec-managerial","Wife","White","Female",7298,0,35,"United-States","large"
38,"Private","Some-college","Married-civ-spouse","Craft-repair","Husband","White","Male",0,0,41,"United-States","small"
33,"State-gov","HS-grad","Married-civ-spouse","Craft-repair","Husband","White","Male",0,0,40,"United-States","small"
35,"Self-emp-not-inc","Some-college","Married-civ-spouse","Exec-managerial","Husband","White","Male",3908,0,60,"United-States","small"
21,"Private","HS-grad","Divorced","Sales","Unmarried","Amer-Indian-Eskimo","Female",0,0,38,"United-States","small"
63,"Private","HS-grad","Married-civ-spouse","Sales","Husband","White","Male",4064,0,40,"United-States","small"
42,"Private","Some-college","Married-civ-spouse","Exec-managerial","Husband","White","Male",99999,0,55,"United-States","large"
56,"Self-emp-not-inc","1st-4th","Never-married","Exec-managerial","Not-in-family","Amer-Indian-Eskimo","Male",0,0,65,"United-States","small"
33,"Private","Bachelors","Married-civ-spouse","Prof-specialty","Husband","White","Male",3103,0,47,"United-States","large"
49,"Federal-gov","HS-grad","Married-civ-spouse","Adm-clerical","Husband","White","Male",0,0,40,"United-States","large"
40,"Private","9th","Never-married","Transport-moving","Not-in-family","White","Male",0,0,45,"United-States","small"
36,"Private","Assoc-voc","Married-civ-spouse","Craft-repair","Husband","White","Male",0,0,40,"United-States","small"
47,"Private","Masters","Divorced","Exec-managerial","Unmarried","White","Male",0,0,42,"United-States","small"
19,"Private","Some-college","Never-married","Other-service","Own-child","White","Female",0,0,16,"United-States","small"
46,"Private","HS-grad","Divorced","Handlers-cleaners","Not-in-family","White","Female",0,0,48,"United-States","small"
31,"Federal-gov","HS-grad","Never-married","Machine-op-inspct","Unmarried","White","Female",0,0,40,"United-States","small"
47,"Self-emp-not-inc","Some-college","Married-civ-spouse","Other-service","Wife","White","Female",0,0,52,"United-States","small"
70,"Self-emp-not-inc","Masters","Married-civ-spouse","Exec-managerial","Husband","Black","Male",0,0,40,"United-States","small"
65,"Private","Assoc-voc","Married-civ-spouse","Adm-clerical","Wife","White","Female",0,0,40,"United-States","small"
39,"Self-emp-inc","Bachelors","Married-civ-spouse","Sales","Husband","White","Male",0,2415,60,"United-States","large"
20,"Private","HS-grad","Never-married","Sales","Not-in-family","White","Female",0,0,30,"United-States","small"
33,"Private","Some-college","Never-married","Sales","Not-in-family","White","Male",0,0,40,"United-States","small"
67,"Private","HS-grad","Divorced","Sales","Not-in-family","White","Female",0,0,20,"United-States","small"
39,"Private","HS-grad","Married-civ-spouse","Machine-op-inspct","Husband","White","Male",0,0,42,"United-States","large"
44,"Self-emp-not-inc","HS-grad","Married-civ-spouse","Sales","Wife","White","Female",0,0,40,"United-States","large"
56,"Self-emp-not-inc","HS-grad","Widowed","Adm-clerical","Unmarried","White","Female",99999,0,40,"United-States","large"
18,"Self-emp-not-inc","Some-college","Never-married","Farming-fishing","Own-child","White","Male",0,0,30,"United-States","small"
29,"Self-emp-inc","Bachelors","Never-married","Sales","Own-child","White","Female",0,0,40,"United-States","small"
40,"Private","Bachelors","Married-civ-spouse","Prof-specialty","Husband","White","Male",0,0,44,"United-States","large"
65,"Private","10th","Divorced","Handlers-cleaners","Not-in-family","White","Female",0,0,28,"United-States","small"
55,"Private","10th","Married-civ-spouse","Craft-repair","Husband","White","Male",0,0,40,"United-States","small"
21,"Private","Some-college","Never-married","Adm-clerical","Not-in-family","White","Female",0,0,38,"United-States","small"
32,"Private","Assoc-voc","Never-married","Tech-support","Unmarried","White","Female",0,0,60,"United-States","small"
33,"Private","7th-8th","Separated","Handlers-cleaners","Not-in-family","Black","Male",0,0,35,"Haiti","small"
46,"Private","Masters","Married-civ-spouse","Prof-specialty","Husband","White","Male",0,0,35,"United-States","large"
22,"Private","Bachelors","Never-married","Sales","Own-child","Asian-Pac-Islander","Male",0,0,50,"Taiwan","small"
47,"State-gov","7th-8th","Married-civ-spouse","Transport-moving","Husband","White","Male",0,0,40,"United-States","small"
49,"Private","Some-college","Married-civ-spouse","Sales","Husband","White","Male",7688,0,40,"United-States","large"
25,"Private","Bachelors","Never-married","Adm-clerical","Own-child","White","Female",0,0,40,"United-States","small"
39,"Private","Bachelors","Married-civ-spouse","Sales","Husband","White","Male",0,0,50,"United-States","large"
33,"Private","HS-grad","Divorced","Craft-repair","Not-in-family","White","Male",0,2258,84,"United-States","small"
26,"Private","Masters","Never-married","Other-service","Own-child","White","Female",0,0,40,"United-States","small"
26,"Private","Some-college","Never-married","Sales","Not-in-family","White","Female",0,0,15,"United-States","small"
33,"Private","Some-college","Divorced","Exec-managerial","Unmarried","White","Female",0,0,40,"United-States","small"
34,"Private","HS-grad","Separated","Adm-clerical","Not-in-family","White","Male",0,0,40,"United-States","large"
48,"Self-emp-not-inc","HS-grad","Married-civ-spouse","Sales","Wife","White","Female",0,0,50,"United-States","small"
55,"Self-emp-not-inc","10th","Married-civ-spouse","Sales","Husband","White","Male",7688,0,50,"United-States","large"
47,"Private","9th","Married-civ-spouse","Machine-op-inspct","Husband","White","Male",0,0,40,"United-States","small"
42,"Local-gov","Masters","Never-married","Prof-specialty","Not-in-family","White","Male",0,0,22,"United-States","small"
34,"Private","Some-college","Married-civ-spouse","Exec-managerial","Husband","White","Male",0,0,55,"United-States","small"
47,"Private","HS-grad","Divorced","Craft-repair","Not-in-family","Black","Male",8614,0,44,"United-States","large"
39,"Private","HS-grad","Married-civ-spouse","Sales","Husband","White","Male",0,0,40,"United-States","small"
22,"Private","HS-grad","Never-married","Craft-repair","Not-in-family","White","Male",0,0,50,"United-States","small"
25,"Private","Bachelors","Never-married","Prof-specialty","Own-child","White","Male",0,0,70,"United-States","small"
69,"Self-emp-inc","Bachelors","Separated","Exec-managerial","Not-in-family","White","Male",0,0,40,"United-States","small"
46,"Private","HS-grad","Married-civ-spouse","Other-service","Wife","White","Female",0,0,40,"United-States","small"
70,"Private","HS-grad","Married-civ-spouse","Handlers-cleaners","Husband","White","Male",0,2174,40,"United-States","large"
34,"Private","HS-grad","Married-civ-spouse","Craft-repair","Husband","White","Male",0,0,45,"United-States","small"
24,"Private","HS-grad","Married-civ-spouse","Craft-repair","Husband","White","Male",0,0,50,"United-States","small"
28,"Private","HS-grad","Never-married","Adm-clerical","Not-in-family","White","Female",0,0,40,"United-States","small"
43,"Federal-gov","Bachelors","Divorced","Adm-clerical","Unmarried","White","Female",0,0,40,"United-States","small"
33,"Self-emp-not-inc","5th-6th","Married-civ-spouse","Craft-repair","Husband","White","Male",0,0,50,"United-States","large"
37,"Local-gov","Some-college","Never-married","Adm-clerical","Unmarried","Black","Female",0,0,40,"United-States","small"
33,"Self-emp-not-inc","Bachelors","Married-civ-spouse","Craft-repair","Husband","White","Male",0,0,50,"United-States","small"
43,"Private","5th-6th","Married-civ-spouse","Machine-op-inspct","Wife","Asian-Pac-Islander","Female",0,0,40,"Vietnam","large"
36,"Private","Assoc-voc","Divorced","Prof-specialty","Not-in-family","White","Male",0,0,40,"United-States","large"
25,"Private","Assoc-acdm","Never-married","Farming-fishing","Not-in-family","White","Male",2354,0,45,"United-States","small"
27,"Private","Assoc-acdm","Never-married","Sales","Not-in-family","White","Female",0,0,40,"United-States","small"
42,"Self-emp-not-inc","HS-grad","Married-civ-spouse","Farming-fishing","Husband","White","Male",0,0,60,"United-States","small"
60,"Private","HS-grad","Married-civ-spouse","Other-service","Husband","White","Male",0,0,40,"United-States","large"
34,"Private","HS-grad","Divorced","Prof-specialty","Unmarried","White","Male",0,0,40,"Mexico","small"
43,"Private","HS-grad","Married-civ-spouse","Machine-op-inspct","Husband","White","Male",0,0,40,"United-States","small"
19,"Self-emp-not-inc","HS-grad","Never-married","Craft-repair","Own-child","White","Male",0,0,40,"United-States","small"
29,"Private","HS-grad","Never-married","Transport-moving","Own-child","White","Male",0,0,40,"United-States","small"
36,"Self-emp-not-inc","Prof-school","Married-civ-spouse","Sales","Husband","White","Male",0,0,30,"United-States","large"
18,"Private","HS-grad","Never-married","Sales","Own-child","White","Female",0,0,33,"United-States","small"
20,"Private","HS-grad","Never-married","Adm-clerical","Own-child","Black","Male",0,0,20,"United-States","small"
39,"Self-emp-not-inc","11th","Married-civ-spouse","Transport-moving","Husband","White","Male",0,0,40,"United-States","small"
57,"Private","Assoc-acdm","Divorced","Adm-clerical","Not-in-family","Black","Female",0,0,40,"United-States","small"
17,"Private","11th","Never-married","Other-service","Own-child","White","Male",0,0,25,"United-States","small"
41,"Private","10th","Married-civ-spouse","Transport-moving","Husband","Black","Male",0,0,40,"United-States","large"
61,"Private","Bachelors","Divorced","Adm-clerical","Not-in-family","White","Male",0,0,40,"United-States","large"
45,"Federal-gov","Bachelors","Married-civ-spouse","Exec-managerial","Husband","White","Male",0,0,40,"United-States","small"
35,"Self-emp-not-inc","HS-grad","Married-civ-spouse","Exec-managerial","Husband","White","Male",0,0,40,"United-States","small"
46,"Local-gov","Bachelors","Divorced","Adm-clerical","Not-in-family","White","Female",99999,0,40,"United-States","large"
60,"Private","7th-8th","Married-civ-spouse","Handlers-cleaners","Husband","White","Male",0,0,40,"United-States","small"
46,"Private","HS-grad","Divorced","Craft-repair","Not-in-family","White","Male",0,0,40,"United-States","small"
25,"Private","HS-grad","Never-married","Craft-repair","Other-relative","White","Male",0,0,40,"United-States","small"
61,"Local-gov","Bachelors","Married-civ-spouse","Exec-managerial","Husband","White","Male",5178,0,50,"United-States","large"
40,"Private","Some-college","Divorced","Other-service","Not-in-family","White","Female",0,0,48,"United-States","small"
18,"Private","Some-college","Never-married","Other-service","Own-child","White","Female",0,0,20,"United-States","small"
37,"Self-emp-inc","Some-college","Married-civ-spouse","Craft-repair","Husband","White","Male",0,0,50,"United-States","large"
42,"Private","HS-grad","Married-civ-spouse","Handlers-cleaners","Husband","Black","Male",0,0,40,"United-States","small"
36,"Private","Some-college","Never-married","Other-service","Not-in-family","White","Male",0,0,48,"United-States","small"
37,"Private","HS-grad","Married-civ-spouse","Tech-support","Husband","White","Male",0,0,40,"United-States","large"
44,"Self-emp-inc","HS-grad","Married-civ-spouse","Exec-managerial","Husband","White","Male",0,1887,70,"United-States","large"
55,"Private","Some-college","Divorced","Tech-support","Not-in-family","White","Female",0,0,40,"United-States","small"
33,"State-gov","Doctorate","Married-civ-spouse","Prof-specialty","Wife","White","Female",0,0,48,"United-States","large"
31,"Private","Some-college","Married-civ-spouse","Craft-repair","Husband","White","Male",0,0,40,"United-States","small"
27,"Private","HS-grad","Married-civ-spouse","Machine-op-inspct","Husband","White","Male",0,0,45,"United-States","small"
61,"Self-emp-not-inc","HS-grad","Married-civ-spouse","Other-service","Husband","Black","Male",0,0,12,"United-States","small"
29,"Private","HS-grad","Married-civ-spouse","Other-service","Wife","White","Female",4386,0,40,"United-States","large"
35,"Private","HS-grad","Married-civ-spouse","Transport-moving","Husband","White","Male",0,0,40,"United-States","small"
44,"Private","Bachelors","Separated","Machine-op-inspct","Unmarried","Black","Female",0,0,7,"United-States","small"
37,"Self-emp-inc","Some-college","Married-civ-spouse","Exec-managerial","Husband","Asian-Pac-Islander","Male",0,0,75,"Thailand","large"
58,"Federal-gov","HS-grad","Divorced","Adm-clerical","Unmarried","Black","Female",0,0,40,"United-States","small"
32,"Private","HS-grad","Married-civ-spouse","Craft-repair","Husband","White","Male",0,0,48,"United-States","small"
45,"Private","Some-college","Divorced","Craft-repair","Not-in-family","White","Male",27828,0,56,"United-States","large"
21,"Self-emp-not-inc","Assoc-voc","Never-married","Farming-fishing","Own-child","White","Male",0,0,98,"United-States","small"
46,"Federal-gov","Masters","Married-civ-spouse","Exec-managerial","Husband","White","Male",0,1977,40,"United-States","large"
45,"Private","HS-grad","Never-married","Other-service","Own-child","White","Female",0,0,40,"United-States","small"
56,"Self-emp-not-inc","Bachelors","Married-civ-spouse","Exec-managerial","Husband","White","Male",0,0,20,"United-States","large"
36,"Private","Masters","Married-civ-spouse","Other-service","Husband","White","Male",0,0,40,"United-States","small"
32,"Private","HS-grad","Married-civ-spouse","Craft-repair","Husband","White","Male",0,0,40,"United-States","small"
26,"Private","Some-college","Divorced","Prof-specialty","Not-in-family","White","Female",0,0,40,"United-States","small"
35,"Private","Bachelors","Married-civ-spouse","Craft-repair","Husband","Asian-Pac-Islander","Male",0,0,40,"Philippines","large"
33,"Private","Assoc-voc","Married-civ-spouse","Protective-serv","Husband","White","Male",0,0,40,"United-States","small"
39,"Private","HS-grad","Married-civ-spouse","Other-service","Husband","White","Male",0,0,60,"United-States","large"
48,"Private","Masters","Married-civ-spouse","Prof-specialty","Husband","White","Male",15024,0,40,"United-States","large"
34,"Private","HS-grad","Married-civ-spouse","Sales","Wife","White","Female",0,0,15,"United-States","small"
31,"Private","9th","Married-civ-spouse","Craft-repair","Husband","White","Male",0,0,40,"United-States","small"
50,"Private","HS-grad","Married-civ-spouse","Tech-support","Husband","White","Male",0,1848,40,"United-States","large"
41,"Private","Some-college","Married-civ-spouse","Adm-clerical","Wife","White","Female",0,0,40,"United-States","large"
23,"Private","Bachelors","Never-married","Exec-managerial","Not-in-family","White","Male",0,0,40,"United-States","small"
42,"Private","Bachelors","Never-married","Sales","Unmarried","White","Male",0,0,40,"United-States","small"
46,"Private","Prof-school","Never-married","Exec-managerial","Not-in-family","White","Male",0,0,50,"United-States","large"
26,"Private","Bachelors","Married-civ-spouse","Sales","Husband","White","Male",0,0,55,"United-States","small"
51,"Private","Bachelors","Married-civ-spouse","Adm-clerical","Wife","White","Female",7688,0,20,"United-States","large"
39,"Private","HS-grad","Married-civ-spouse","Sales","Husband","White","Male",3103,0,44,"United-States","large"
33,"Private","HS-grad","Separated","Other-service","Unmarried","Asian-Pac-Islander","Female",0,0,48,"China","small"
49,"Private","7th-8th","Married-civ-spouse","Machine-op-inspct","Husband","White","Male",0,0,48,"United-States","small"
27,"Local-gov","HS-grad","Never-married","Protective-serv","Own-child","White","Male",0,0,38,"United-States","small"
25,"Private","10th","Married-civ-spouse","Transport-moving","Husband","White","Male",0,0,40,"United-States","small"
67,"Private","Assoc-voc","Divorced","Prof-specialty","Unmarried","White","Female",0,0,40,"United-States","small"
28,"Private","Masters","Never-married","Prof-specialty","Not-in-family","White","Male",0,0,50,"United-States","small"
41,"Private","HS-grad","Married-civ-spouse","Other-service","Husband","Amer-Indian-Eskimo","Male",0,0,45,"United-States","small"
20,"Self-emp-not-inc","Assoc-voc","Never-married","Farming-fishing","Own-child","White","Male",0,0,40,"United-States","small"
43,"Self-emp-not-inc","Some-college","Never-married","Transport-moving","Not-in-family","Black","Male",0,0,30,"United-States","small"
40,"State-gov","Bachelors","Never-married","Prof-specialty","Unmarried","White","Female",0,0,20,"United-States","small"
35,"Self-emp-not-inc","Some-college","Married-civ-spouse","Sales","Husband","White","Male",0,0,50,"United-States","small"
59,"Private","HS-grad","Never-married","Machine-op-inspct","Not-in-family","White","Male",0,0,40,"United-States","small"
39,"Private","Masters","Never-married","Exec-managerial","Not-in-family","White","Male",0,0,50,"United-States","large"
60,"Private","7th-8th","Married-civ-spouse","Machine-op-inspct","Husband","White","Male",3137,0,40,"Poland","small"
35,"Private","Assoc-voc","Never-married","Other-service","Unmarried","White","Female",0,0,30,"United-States","small"
80,"Self-emp-not-inc","HS-grad","Married-civ-spouse","Farming-fishing","Husband","White","Male",0,0,20,"United-States","small"
53,"Private","HS-grad","Married-civ-spouse","Exec-managerial","Husband","White","Male",0,0,45,"United-States","small"
66,"Self-emp-not-inc","Some-college","Never-married","Sales","Not-in-family","White","Female",0,0,20,"United-States","small"
24,"Private","Some-college","Never-married","Other-service","Other-relative","Black","Female",0,0,30,"Haiti","small"
44,"State-gov","HS-grad","Never-married","Craft-repair","Not-in-family","White","Male",0,0,40,"United-States","small"
56,"Private","Masters","Married-civ-spouse","Prof-specialty","Wife","White","Female",0,0,40,"United-States","large"
21,"Private","HS-grad","Never-married","Handlers-cleaners","Own-child","Amer-Indian-Eskimo","Male",0,0,40,"United-States","small"
63,"Self-emp-not-inc","Bachelors","Married-civ-spouse","Sales","Husband","White","Male",0,0,15,"United-States","small"
55,"Private","HS-grad","Married-civ-spouse","Craft-repair","Husband","White","Male",0,0,40,"United-States","large"
51,"Private","HS-grad","Married-civ-spouse","Prof-specialty","Husband","White","Male",0,0,40,"United-States","small"
46,"Private","Some-college","Married-civ-spouse","Adm-clerical","Husband","White","Male",0,0,40,"United-States","small"
42,"Local-gov","Masters","Never-married","Prof-specialty","Not-in-family","White","Female",0,0,40,"United-States","large"
62,"Private","HS-grad","Never-married","Handlers-cleaners","Other-relative","Black","Female",0,0,40,"United-States","small"
25,"Private","11th","Divorced","Exec-managerial","Unmarried","White","Female",0,0,40,"United-States","small"
19,"Private","HS-grad","Never-married","Other-service","Own-child","White","Male",0,0,40,"Puerto-Rico","small"
45,"Private","Masters","Divorced","Transport-moving","Not-in-family","White","Male",14344,0,48,"United-States","large"
44,"Private","Some-college","Married-civ-spouse","Exec-managerial","Husband","White","Male",0,0,50,"United-States","small"
27,"Private","HS-grad","Never-married","Adm-clerical","Own-child","Black","Female",0,0,40,"United-States","small"
31,"Private","Some-college","Married-civ-spouse","Craft-repair","Husband","White","Male",0,0,40,"United-States","small"
33,"Private","9th","Divorced","Craft-repair","Unmarried","White","Male",114,0,55,"United-States","small"
23,"State-gov","Assoc-acdm","Never-married","Adm-clerical","Not-in-family","White","Female",0,0,25,"United-States","small"
26,"Private","Some-college","Divorced","Handlers-cleaners","Not-in-family","White","Male",0,0,45,"United-States","small"
33,"Private","Doctorate","Married-civ-spouse","Prof-specialty","Husband","White","Male",0,0,60,"United-States","large"
41,"Private","HS-grad","Never-married","Sales","Not-in-family","Black","Female",0,0,60,"United-States","small"
54,"Self-emp-inc","Doctorate","Married-civ-spouse","Prof-specialty","Husband","White","Male",0,0,60,"United-States","large"
23,"Private","Some-college","Never-married","Other-service","Not-in-family","White","Male",0,0,20,"United-States","small"
68,"Self-emp-not-inc","Assoc-voc","Married-civ-spouse","Prof-specialty","Husband","White","Male",0,2149,40,"United-States","small"
43,"State-gov","Assoc-voc","Married-civ-spouse","Prof-specialty","Wife","White","Female",0,0,40,"United-States","large"
61,"Local-gov","HS-grad","Married-civ-spouse","Other-service","Husband","White","Male",0,0,40,"United-States","small"
30,"Self-emp-not-inc","Some-college","Never-married","Craft-repair","Not-in-family","White","Male",0,0,45,"United-States","small"
37,"Private","Masters","Separated","Exec-managerial","Not-in-family","White","Male",0,0,45,"United-States","large"
64,"Private","Some-college","Married-civ-spouse","Exec-managerial","Husband","White","Male",0,0,20,"United-States","small"
23,"State-gov","HS-grad","Married-civ-spouse","Exec-managerial","Husband","White","Male",0,0,40,"United-States","small"
36,"State-gov","Masters","Never-married","Prof-specialty","Not-in-family","White","Male",0,0,40,"United-States","small"
30,"Self-emp-not-inc","11th","Never-married","Farming-fishing","Own-child","Black","Male",0,0,40,"United-States","small"
22,"Private","Bachelors","Never-married","Sales","Not-in-family","White","Female",0,0,40,"United-States","small"
54,"Private","Assoc-voc","Widowed","Exec-managerial","Not-in-family","White","Female",0,0,40,"United-States","small"
52,"Private","Some-college","Divorced","Exec-managerial","Unmarried","White","Female",0,0,40,"United-States","small"
26,"Private","HS-grad","Never-married","Craft-repair","Not-in-family","White","Male",0,0,40,"United-States","small"
23,"Private","HS-grad","Divorced","Other-service","Unmarried","White","Female",0,0,80,"United-States","small"
21,"Private","Some-college","Never-married","Tech-support","Own-child","White","Female",0,0,35,"United-States","small"
30,"Private","Some-college","Married-civ-spouse","Farming-fishing","Husband","White","Male",0,0,40,"United-States","small"
31,"Private","HS-grad","Never-married","Other-service","Not-in-family","White","Female",0,0,30,"United-States","small"
36,"Private","Some-college","Never-married","Sales","Not-in-family","White","Male",0,0,50,"United-States","small"
51,"Self-emp-not-inc","HS-grad","Married-civ-spouse","Craft-repair","Husband","White","Male",0,0,70,"United-States","small"
53,"State-gov","HS-grad","Married-civ-spouse","Craft-repair","Husband","White","Male",0,0,40,"United-States","small"
50,"Private","Bachelors","Married-civ-spouse","Prof-specialty","Husband","White","Male",0,0,43,"United-States","large"
30,"Private","HS-grad","Married-spouse-absent","Craft-repair","Other-relative","White","Male",0,0,40,"United-States","small"
20,"Private","HS-grad","Never-married","Handlers-cleaners","Own-child","White","Male",0,0,35,"United-States","small"
30,"Private","Some-college","Married-civ-spouse","Craft-repair","Husband","White","Male",0,0,40,"United-States","large"
19,"Private","HS-grad","Never-married","Craft-repair","Own-child","White","Male",0,0,45,"United-States","small"
44,"Self-emp-not-inc","Some-college","Divorced","Other-service","Not-in-family","White","Male",0,0,45,"United-States","small"
19,"Private","Some-college","Never-married","Other-service","Own-child","White","Female",0,0,20,"United-States","small"
19,"Private","HS-grad","Never-married","Machine-op-inspct","Own-child","Black","Female",0,0,40,"United-States","small"
31,"Private","Some-college","Married-civ-spouse","Craft-repair","Husband","White","Male",0,0,40,"United-States","small"
31,"Private","HS-grad","Divorced","Other-service","Unmarried","White","Female",0,0,99,"United-States","large"
19,"Private","HS-grad","Never-married","Sales","Own-child","White","Female",0,0,24,"United-States","small"
39,"Private","Some-college","Divorced","Adm-clerical","Not-in-family","White","Female",0,0,40,"United-States","small"
39,"Private","HS-grad","Married-civ-spouse","Craft-repair","Husband","White","Male",0,0,45,"United-States","small"
18,"Private","HS-grad","Never-married","Sales","Own-child","Amer-Indian-Eskimo","Female",0,0,20,"United-States","small"
37,"Private","Bachelors","Separated","Tech-support","Not-in-family","Asian-Pac-Islander","Male",0,0,40,"Philippines","small"
61,"Private","HS-grad","Married-civ-spouse","Craft-repair","Husband","White","Male",0,0,37,"United-States","small"
51,"Private","HS-grad","Married-civ-spouse","Machine-op-inspct","Husband","White","Male",0,0,48,"United-States","small"
24,"Private","HS-grad","Married-civ-spouse","Sales","Husband","White","Male",0,0,40,"Mexico","small"
37,"Self-emp-not-inc","Masters","Married-civ-spouse","Exec-managerial","Husband","White","Male",0,0,60,"United-States","large"
33,"Private","HS-grad","Married-civ-spouse","Handlers-cleaners","Husband","White","Male",0,0,50,"United-States","large"
60,"State-gov","Some-college","Married-civ-spouse","Transport-moving","Husband","White","Male",0,0,40,"United-States","small"
37,"Private","Some-college","Divorced","Transport-moving","Not-in-family","White","Male",0,0,40,"United-States","small"
21,"Private","HS-grad","Never-married","Adm-clerical","Not-in-family","White","Female",0,0,30,"United-States","small"
25,"Private","Bachelors","Married-civ-spouse","Prof-specialty","Wife","White","Female",0,0,40,"United-States","small"
38,"Private","Some-college","Married-civ-spouse","Other-service","Husband","Asian-Pac-Islander","Male",0,0,40,"Philippines","small"
44,"Private","9th","Married-civ-spouse","Machine-op-inspct","Husband","Black","Male",0,0,40,"United-States","small"
22,"Private","HS-grad","Never-married","Other-service","Not-in-family","Black","Male",0,0,80,"United-States","small"
43,"Federal-gov","Assoc-acdm","Married-civ-spouse","Prof-specialty","Wife","Black","Female",0,0,40,"United-States","small"
37,"Self-emp-not-inc","Masters","Married-civ-spouse","Prof-specialty","Husband","White","Male",0,0,40,"United-States","small"
64,"Self-emp-not-inc","HS-grad","Never-married","Other-service","Not-in-family","White","Male",1055,0,40,"United-States","small"
28,"Private","Assoc-voc","Never-married","Other-service","Not-in-family","White","Female",0,0,40,"United-States","small"
18,"Private","10th","Never-married","Sales","Other-relative","Black","Female",0,0,40,"United-States","small"
65,"Private","Some-college","Widowed","Prof-specialty","Not-in-family","White","Female",1848,0,20,"Hungary","small"
42,"Private","Some-college","Divorced","Adm-clerical","Not-in-family","White","Female",0,0,30,"United-States","small"
38,"State-gov","Masters","Divorced","Adm-clerical","Not-in-family","White","Female",0,0,40,"United-States","small"
32,"Private","Some-college","Married-civ-spouse","Sales","Husband","White","Male",0,0,40,"United-States","large"
55,"Private","Bachelors","Married-civ-spouse","Sales","Husband","White","Male",0,0,40,"United-States","large"
19,"Private","HS-grad","Never-married","Craft-repair","Not-in-family","White","Female",0,0,40,"United-States","small"
56,"Private","Some-college","Married-civ-spouse","Sales","Husband","White","Male",0,0,45,"United-States","large"
33,"Private","HS-grad","Married-civ-spouse","Transport-moving","Husband","White","Male",0,0,46,"United-States","small"
37,"Self-emp-not-inc","HS-grad","Divorced","Exec-managerial","Not-in-family","Asian-Pac-Islander","Female",0,0,70,"South","large"
56,"Self-emp-not-inc","HS-grad","Married-civ-spouse","Farming-fishing","Husband","White","Male",0,0,40,"United-States","small"
36,"Local-gov","Masters","Married-civ-spouse","Prof-specialty","Wife","White","Female",0,0,60,"United-States","large"
46,"Private","Bachelors","Married-civ-spouse","Exec-managerial","Husband","White","Male",0,0,44,"United-States","large"
34,"Private","HS-grad","Divorced","Craft-repair","Not-in-family","White","Male",0,0,40,"United-States","small"
41,"Private","Some-college","Never-married","Adm-clerical","Not-in-family","White","Female",0,0,40,"Mexico","small"
21,"Private","HS-grad","Divorced","Sales","Other-relative","White","Female",0,0,40,"United-States","small"
69,"Private","1st-4th","Widowed","Priv-house-serv","Not-in-family","Black","Female",0,0,4,"United-States","small"
24,"Private","Some-college","Never-married","Adm-clerical","Unmarried","White","Female",0,0,40,"United-States","small"
52,"State-gov","Bachelors","Widowed","Exec-managerial","Unmarried","White","Female",0,0,55,"United-States","small"
45,"Self-emp-not-inc","Prof-school","Never-married","Prof-specialty","Not-in-family","White","Male",0,0,30,"United-States","large"
44,"Private","HS-grad","Never-married","Exec-managerial","Not-in-family","White","Female",0,0,40,"United-States","small"
23,"Private","Bachelors","Never-married","Adm-clerical","Not-in-family","White","Male",0,0,30,"United-States","small"
43,"Private","Some-college","Married-civ-spouse","Exec-managerial","Husband","White","Male",0,0,49,"United-States","large"
47,"Private","Bachelors","Married-civ-spouse","Exec-managerial","Husband","Asian-Pac-Islander","Male",2885,0,65,"Japan","small"
40,"Private","HS-grad","Never-married","Other-service","Not-in-family","White","Female",0,0,40,"United-States","small"
22,"Private","Some-college","Never-married","Other-service","Not-in-family","White","Male",0,0,25,"United-States","small"
46,"Private","HS-grad","Married-civ-spouse","Adm-clerical","Husband","White","Male",0,0,58,"United-States","large"
51,"Local-gov","Doctorate","Divorced","Exec-managerial","Not-in-family","White","Female",0,0,45,"United-States","large"
42,"Private","Masters","Married-civ-spouse","Sales","Husband","White","Male",0,0,50,"United-States","large"
58,"State-gov","HS-grad","Never-married","Adm-clerical","Not-in-family","White","Female",0,0,16,"United-States","small"
23,"Private","Bachelors","Never-married","Prof-specialty","Not-in-family","White","Female",0,0,60,"United-States","small"
32,"Private","Bachelors","Married-civ-spouse","Prof-specialty","Husband","Asian-Pac-Islander","Male",0,0,40,"India","small"
35,"Self-emp-not-inc","HS-grad","Married-civ-spouse","Craft-repair","Husband","White","Male",0,0,40,"United-States","small"
20,"Private","HS-grad","Never-married","Sales","Own-child","White","Female",0,0,30,"United-States","small"
56,"Federal-gov","HS-grad","Married-civ-spouse","Adm-clerical","Husband","White","Male",0,0,40,"United-States","large"
50,"Private","HS-grad","Married-civ-spouse","Handlers-cleaners","Husband","White","Male",0,0,45,"United-States","small"
25,"Private","7th-8th","Married-civ-spouse","Handlers-cleaners","Husband","White","Male",0,0,40,"Mexico","small"
41,"Private","Bachelors","Separated","Prof-specialty","Not-in-family","Black","Female",99999,0,60,"United-States","large"
74,"Self-emp-not-inc","Doctorate","Married-spouse-absent","Prof-specialty","Not-in-family","White","Male",0,0,25,"United-States","large"
65,"Local-gov","Masters","Married-civ-spouse","Prof-specialty","Husband","White","Male",0,1648,4,"Greece","small"
44,"Federal-gov","HS-grad","Married-civ-spouse","Adm-clerical","Husband","White","Male",0,0,40,"United-States","large"
23,"Local-gov","Bachelors","Never-married","Prof-specialty","Own-child","White","Female",0,0,45,"United-States","small"
29,"Private","10th","Divorced","Machine-op-inspct","Not-in-family","Black","Female",0,0,25,"United-States","small"
41,"Private","Some-college","Never-married","Craft-repair","Own-child","Asian-Pac-Islander","Male",0,0,40,"United-States","small"
25,"Private","10th","Married-civ-spouse","Exec-managerial","Husband","White","Male",0,0,40,"United-States","small"
65,"Self-emp-inc","Bachelors","Married-civ-spouse","Exec-managerial","Husband","White","Male",0,0,40,"United-States","large"
37,"Private","Doctorate","Married-civ-spouse","Prof-specialty","Husband","White","Male",0,0,99,"France","large"
62,"Private","Some-college","Married-civ-spouse","Adm-clerical","Wife","White","Female",0,0,40,"United-States","small"
28,"Private","Some-college","Married-civ-spouse","Sales","Husband","White","Male",0,0,40,"United-States","small"
26,"Private","Some-college","Never-married","Adm-clerical","Other-relative","White","Male",0,0,40,"Mexico","small"
46,"Local-gov","Bachelors","Married-civ-spouse","Protective-serv","Husband","White","Male",0,0,40,"United-States","large"
43,"Private","HS-grad","Divorced","Machine-op-inspct","Unmarried","White","Female",0,0,50,"United-States","small"
31,"Private","HS-grad","Separated","Craft-repair","Not-in-family","Black","Male",0,0,40,"United-States","small"
26,"Private","HS-grad","Never-married","Adm-clerical","Not-in-family","White","Female",0,0,40,"United-States","small"
35,"Private","Some-college","Married-civ-spouse","Handlers-cleaners","Husband","White","Male",0,0,40,"United-States","small"
34,"Private","HS-grad","Never-married","Craft-repair","Own-child","White","Male",0,0,40,"United-States","small"
23,"Private","Masters","Married-civ-spouse","Prof-specialty","Husband","Asian-Pac-Islander","Male",0,1887,50,"India","large"
49,"Private","HS-grad","Married-civ-spouse","Craft-repair","Husband","White","Male",5013,0,60,"United-States","small"
51,"Private","Bachelors","Married-civ-spouse","Farming-fishing","Husband","White","Male",0,0,40,"Canada","small"
54,"State-gov","Assoc-voc","Married-civ-spouse","Protective-serv","Husband","White","Male",0,0,40,"United-States","small"
18,"Private","HS-grad","Never-married","Other-service","Own-child","White","Male",0,0,25,"Canada","small"
24,"Private","Bachelors","Never-married","Sales","Not-in-family","White","Male",0,0,40,"United-States","small"
33,"Private","Bachelors","Married-civ-spouse","Prof-specialty","Husband","White","Male",0,0,65,"United-States","small"
37,"Private","Bachelors","Married-civ-spouse","Exec-managerial","Husband","White","Male",0,0,45,"United-States","large"
45,"Federal-gov","Some-college","Never-married","Adm-clerical","Own-child","White","Male",0,0,40,"United-States","small"
40,"Private","Prof-school","Married-civ-spouse","Prof-specialty","Husband","White","Male",0,0,40,"United-States","large"
48,"Private","Prof-school","Married-civ-spouse","Prof-specialty","Husband","White","Male",0,1977,45,"United-States","large"
62,"Private","HS-grad","Divorced","Priv-house-serv","Unmarried","Black","Female",0,0,99,"United-States","small"
61,"Private","Preschool","Married-spouse-absent","Other-service","Not-in-family","Asian-Pac-Islander","Male",0,0,40,"China","small"
52,"Self-emp-not-inc","Some-college","Never-married","Prof-specialty","Own-child","White","Female",0,0,35,"United-States","small"
36,"Private","HS-grad","Never-married","Other-service","Not-in-family","White","Female",0,0,18,"United-States","small"
23,"Private","9th","Never-married","Handlers-cleaners","Other-relative","White","Male",0,0,39,"Mexico","small"
45,"Private","HS-grad","Married-civ-spouse","Craft-repair","Husband","White","Male",0,0,47,"United-States","large"
57,"Local-gov","HS-grad","Divorced","Handlers-cleaners","Not-in-family","Black","Female",0,0,30,"United-States","small"
60,"Private","Some-college","Separated","Transport-moving","Not-in-family","Amer-Indian-Eskimo","Female",0,0,30,"United-States","small"
54,"Private","Bachelors","Married-civ-spouse","Transport-moving","Husband","White","Male",0,0,40,"United-States","small"
31,"Private","HS-grad","Divorced","Exec-managerial","Not-in-family","White","Male",0,0,50,"United-States","small"
69,"State-gov","Masters","Married-civ-spouse","Prof-specialty","Husband","White","Male",0,0,11,"United-States","small"
25,"Private","Preschool","Never-married","Farming-fishing","Not-in-family","White","Male",0,0,35,"Mexico","small"
21,"Private","Assoc-acdm","Never-married","Other-service","Own-child","White","Female",0,0,9,"United-States","small"
35,"Private","Bachelors","Married-civ-spouse","Adm-clerical","Husband","White","Male",0,0,40,"United-States","large"
35,"Private","Some-college","Never-married","Transport-moving","Own-child","White","Male",0,0,40,"United-States","small"
27,"Federal-gov","HS-grad","Never-married","Craft-repair","Not-in-family","Black","Male",0,1980,40,"United-States","small"
63,"Private","Bachelors","Married-civ-spouse","Prof-specialty","Husband","White","Male",15024,0,45,"United-States","large"
21,"Private","10th","Never-married","Other-service","Own-child","Black","Male",0,0,25,"United-States","small"
19,"Private","HS-grad","Never-married","Handlers-cleaners","Own-child","White","Male",0,0,50,"United-States","small"
65,"Local-gov","12th","Widowed","Exec-managerial","Not-in-family","White","Male",2009,0,44,"United-States","small"
32,"Private","HS-grad","Married-civ-spouse","Sales","Husband","White","Male",0,0,50,"United-States","small"
51,"Private","HS-grad","Separated","Adm-clerical","Other-relative","White","Female",0,0,40,"United-States","small"
53,"Private","HS-grad","Divorced","Exec-managerial","Not-in-family","Black","Female",0,0,40,"United-States","small"
23,"Self-emp-inc","Bachelors","Never-married","Adm-clerical","Own-child","White","Female",0,0,35,"United-States","small"
38,"Private","9th","Married-spouse-absent","Handlers-cleaners","Not-in-family","White","Male",0,0,40,"Mexico","small"
40,"Private","Prof-school","Never-married","Exec-managerial","Not-in-family","White","Female",0,0,40,"Cuba","small"
30,"Private","Bachelors","Married-civ-spouse","Exec-managerial","Husband","White","Male",0,0,43,"United-States","small"
50,"Local-gov","HS-grad","Married-civ-spouse","Transport-moving","Husband","White","Male",0,0,40,"United-States","small"
37,"Private","Bachelors","Never-married","Sales","Not-in-family","Black","Female",0,0,40,"United-States","small"
29,"Private","Assoc-voc","Separated","Craft-repair","Not-in-family","White","Male",0,0,40,"United-States","small"
29,"Self-emp-not-inc","Bachelors","Married-civ-spouse","Sales","Husband","White","Male",0,0,70,"United-States","large"
40,"Private","HS-grad","Married-civ-spouse","Craft-repair","Husband","White","Male",0,0,40,"United-States","large"
58,"Private","HS-grad","Married-civ-spouse","Craft-repair","Husband","White","Male",0,0,40,"United-States","large"
35,"Private","Assoc-acdm","Divorced","Other-service","Own-child","White","Female",0,0,40,"United-States","small"
17,"Private","12th","Never-married","Sales","Own-child","White","Male",0,0,20,"United-States","small"
45,"Private","HS-grad","Never-married","Machine-op-inspct","Unmarried","White","Female",0,0,40,"Canada","small"
37,"Private","HS-grad","Divorced","Other-service","Not-in-family","White","Female",0,0,30,"United-States","small"
40,"Private","HS-grad","Separated","Handlers-cleaners","Not-in-family","Black","Male",0,0,30,"United-States","small"
50,"Self-emp-not-inc","Bachelors","Married-civ-spouse","Farming-fishing","Husband","White","Male",0,0,80,"United-States","small"
37,"Private","HS-grad","Widowed","Adm-clerical","Unmarried","White","Female",0,0,68,"United-States","small"
42,"Private","11th","Married-civ-spouse","Machine-op-inspct","Husband","White","Male",0,0,40,"United-States","small"
61,"Private","HS-grad","Divorced","Adm-clerical","Not-in-family","White","Female",0,0,40,"Canada","small"
41,"Private","Some-college","Separated","Craft-repair","Not-in-family","Black","Male",0,0,40,"United-States","small"
40,"Private","HS-grad","Divorced","Sales","Not-in-family","White","Female",0,0,40,"United-States","small"
58,"Private","HS-grad","Never-married","Other-service","Not-in-family","White","Male",0,0,40,"United-States","small"
25,"Private","Some-college","Never-married","Other-service","Own-child","White","Female",0,0,40,"United-States","small"
39,"Private","Some-college","Married-spouse-absent","Craft-repair","Unmarried","White","Male",0,0,40,"United-States","large"
17,"Private","9th","Never-married","Handlers-cleaners","Own-child","White","Male",0,1719,15,"United-States","small"
28,"State-gov","Some-college","Divorced","Other-service","Unmarried","White","Male",0,0,40,"United-States","small"
24,"Private","Some-college","Married-civ-spouse","Tech-support","Husband","White","Male",0,0,40,"United-States","small"
38,"Private","HS-grad","Divorced","Sales","Not-in-family","White","Male",0,0,80,"United-States","small"
27,"Private","Bachelors","Never-married","Tech-support","Not-in-family","White","Female",0,0,40,"United-States","small"
33,"Self-emp-not-inc","HS-grad","Never-married","Other-service","Not-in-family","White","Female",0,0,35,"United-States","small"
36,"Private","Bachelors","Married-civ-spouse","Prof-specialty","Wife","Asian-Pac-Islander","Female",0,0,35,"Philippines","large"
21,"Private","HS-grad","Never-married","Craft-repair","Own-child","Black","Male",0,0,40,"United-States","small"
56,"Private","HS-grad","Married-civ-spouse","Craft-repair","Husband","White","Male",2885,0,45,"United-States","small"
45,"Private","HS-grad","Never-married","Craft-repair","Not-in-family","White","Male",0,0,40,"United-States","small"
34,"Private","Bachelors","Married-civ-spouse","Exec-managerial","Husband","White","Male",0,0,48,"United-States","large"
25,"Private","10th","Never-married","Machine-op-inspct","Not-in-family","White","Female",0,0,40,"Columbia","small"
38,"Private","Bachelors","Married-civ-spouse","Exec-managerial","Husband","White","Male",7688,0,55,"United-States","large"
48,"Self-emp-inc","Bachelors","Married-civ-spouse","Farming-fishing","Husband","White","Male",0,0,70,"United-States","large"
31,"Private","10th","Never-married","Adm-clerical","Unmarried","White","Female",0,0,40,"United-States","small"
32,"Private","HS-grad","Never-married","Sales","Not-in-family","White","Female",0,0,45,"United-States","small"
30,"Self-emp-inc","Assoc-voc","Married-civ-spouse","Sales","Husband","White","Male",0,0,35,"United-States","small"
23,"Private","Assoc-acdm","Never-married","Other-service","Own-child","White","Female",0,0,20,"United-States","small"
30,"Local-gov","HS-grad","Married-civ-spouse","Protective-serv","Husband","White","Male",0,0,40,"United-States","large"
41,"Private","Some-college","Married-civ-spouse","Adm-clerical","Husband","White","Male",0,0,45,"United-States","large"
21,"Private","Some-college","Never-married","Machine-op-inspct","Own-child","White","Female",0,0,70,"United-States","small"
45,"Private","Some-college","Married-civ-spouse","Sales","Husband","White","Male",0,0,65,"United-States","large"
25,"Private","Masters","Never-married","Sales","Not-in-family","White","Male",0,0,55,"United-States","small"
34,"Private","Bachelors","Never-married","Sales","Not-in-family","White","Female",0,0,40,"United-States","small"
55,"Private","Some-college","Divorced","Craft-repair","Not-in-family","White","Male",0,0,40,"United-States","small"
62,"Self-emp-not-inc","Some-college","Married-civ-spouse","Exec-managerial","Husband","White","Male",0,0,10,"United-States","small"
24,"Private","1st-4th","Married-civ-spouse","Other-service","Own-child","Asian-Pac-Islander","Female",0,0,5,"Vietnam","small"
36,"Private","Bachelors","Married-civ-spouse","Sales","Husband","White","Male",0,0,50,"United-States","large"
47,"Private","7th-8th","Married-civ-spouse","Craft-repair","Husband","Black","Male",0,0,60,"United-States","large"
33,"Private","HS-grad","Never-married","Farming-fishing","Not-in-family","White","Male",0,0,40,"United-States","small"
44,"Self-emp-not-inc","Masters","Married-civ-spouse","Exec-managerial","Wife","White","Female",0,1902,60,"United-States","large"
22,"Private","HS-grad","Never-married","Adm-clerical","Own-child","White","Male",0,0,40,"United-States","small"
71,"Private","HS-grad","Never-married","Handlers-cleaners","Not-in-family","White","Male",0,0,17,"United-States","small"
28,"Private","HS-grad","Never-married","Craft-repair","Not-in-family","White","Male",0,0,40,"United-States","small"
55,"Private","Bachelors","Married-civ-spouse","Sales","Husband","White","Male",0,0,40,"United-States","small"
32,"Self-emp-inc","HS-grad","Married-civ-spouse","Sales","Husband","White","Male",0,0,50,"United-States","small"
46,"Private","Doctorate","Married-civ-spouse","Prof-specialty","Husband","White","Male",0,0,70,"United-States","small"
28,"State-gov","HS-grad","Married-civ-spouse","Adm-clerical","Own-child","White","Female",0,0,40,"United-States","small"
23,"Private","Some-college","Never-married","Sales","Own-child","White","Female",0,0,12,"United-States","small"
26,"Self-emp-not-inc","HS-grad","Never-married","Prof-specialty","Own-child","Black","Female",0,0,40,"United-States","small"
34,"Private","Bachelors","Married-civ-spouse","Exec-managerial","Husband","White","Male",0,0,40,"United-States","large"
26,"Private","HS-grad","Divorced","Machine-op-inspct","Not-in-family","White","Female",0,0,40,"United-States","small"
22,"Self-emp-inc","7th-8th","Married-civ-spouse","Craft-repair","Husband","White","Male",2580,0,40,"United-States","small"
57,"Self-emp-not-inc","Doctorate","Married-civ-spouse","Prof-specialty","Husband","White","Male",0,0,35,"United-States","small"
25,"Private","Bachelors","Never-married","Prof-specialty","Not-in-family","White","Male",3674,0,30,"United-States","small"
32,"Private","Assoc-voc","Married-civ-spouse","Prof-specialty","Wife","White","Female",0,0,40,"United-States","large"
30,"Self-emp-not-inc","Some-college","Married-civ-spouse","Sales","Husband","Amer-Indian-Eskimo","Male",0,0,55,"United-States","large"
25,"Private","HS-grad","Divorced","Craft-repair","Not-in-family","White","Male",0,0,40,"United-States","small"
22,"Private","10th","Never-married","Craft-repair","Own-child","White","Male",0,0,40,"United-States","small"
49,"Self-emp-not-inc","Bachelors","Married-civ-spouse","Craft-repair","Husband","White","Male",0,0,50,"United-States","large"
50,"Self-emp-inc","Some-college","Married-civ-spouse","Craft-repair","Husband","White","Male",0,0,70,"United-States","small"
68,"Private","HS-grad","Married-civ-spouse","Protective-serv","Husband","White","Male",0,0,24,"United-States","small"
50,"Self-emp-not-inc","Bachelors","Married-civ-spouse","Sales","Husband","White","Male",0,0,8,"United-States","small"
59,"Private","HS-grad","Divorced","Machine-op-inspct","Own-child","White","Female",0,0,40,"United-States","small"
21,"Private","Some-college","Never-married","Adm-clerical","Not-in-family","White","Female",0,0,40,"United-States","small"
41,"Self-emp-not-inc","HS-grad","Divorced","Craft-repair","Not-in-family","White","Male",0,0,40,"United-States","small"
19,"Private","HS-grad","Never-married","Handlers-cleaners","Own-child","White","Male",0,0,50,"United-States","small"
45,"Private","Some-college","Never-married","Machine-op-inspct","Own-child","White","Male",0,0,45,"United-States","small"
18,"Private","11th","Never-married","Other-service","Unmarried","White","Female",0,0,28,"United-States","small"
42,"Private","Bachelors","Married-civ-spouse","Prof-specialty","Husband","White","Male",0,0,40,"United-States","small"
73,"Self-emp-not-inc","12th","Married-civ-spouse","Farming-fishing","Husband","White","Male",0,0,18,"United-States","small"
24,"Private","HS-grad","Never-married","Prof-specialty","Own-child","White","Female",0,0,45,"United-States","small"
40,"Private","Bachelors","Married-civ-spouse","Exec-managerial","Husband","White","Male",0,0,40,"United-States","large"
31,"Self-emp-not-inc","HS-grad","Married-civ-spouse","Craft-repair","Husband","White","Male",0,0,40,"United-States","large"
34,"State-gov","Bachelors","Never-married","Prof-specialty","Own-child","White","Male",0,0,50,"United-States","small"
33,"Private","HS-grad","Never-married","Other-service","Not-in-family","White","Female",0,0,35,"United-States","small"
20,"Private","Some-college","Never-married","Handlers-cleaners","Not-in-family","Black","Male",0,0,15,"United-States","small"
26,"Private","11th","Never-married","Machine-op-inspct","Unmarried","White","Male",6497,0,48,"United-States","small"
56,"Self-emp-not-inc","Some-college","Divorced","Other-service","Not-in-family","White","Female",0,0,40,"United-States","small"
22,"Private","HS-grad","Never-married","Adm-clerical","Other-relative","Black","Male",0,0,40,"United-States","small"
25,"Private","HS-grad","Married-civ-spouse","Machine-op-inspct","Husband","White","Male",0,0,40,"United-States","small"
22,"Private","HS-grad","Never-married","Machine-op-inspct","Unmarried","Black","Female",0,0,40,"United-States","small"
31,"Private","Some-college","Married-civ-spouse","Prof-specialty","Husband","White","Male",0,0,50,"United-States","small"
18,"Private","10th","Never-married","Other-service","Own-child","White","Male",0,0,20,"United-States","small"
46,"State-gov","HS-grad","Married-civ-spouse","Other-service","Wife","Black","Female",0,0,40,"United-States","small"
19,"Private","Some-college","Never-married","Sales","Own-child","White","Female",0,0,40,"United-States","small"
29,"Private","HS-grad","Married-civ-spouse","Sales","Husband","White","Male",0,0,50,"United-States","small"
28,"Private","Some-college","Never-married","Sales","Not-in-family","Other","Male",0,0,40,"India","small"
37,"Local-gov","Some-college","Separated","Protective-serv","Own-child","Other","Male",0,0,52,"United-States","small"
28,"Private","12th","Divorced","Machine-op-inspct","Not-in-family","White","Female",0,0,40,"United-States","small"
35,"Private","Bachelors","Never-married","Adm-clerical","Own-child","White","Female",0,0,40,"United-States","small"
49,"Private","HS-grad","Widowed","Adm-clerical","Unmarried","White","Female",0,0,20,"United-States","small"
48,"Private","HS-grad","Divorced","Sales","Unmarried","White","Female",0,0,30,"United-States","small"
51,"Private","HS-grad","Divorced","Craft-repair","Not-in-family","White","Male",0,0,38,"United-States","small"
53,"Private","Masters","Divorced","Sales","Not-in-family","White","Female",0,0,40,"United-States","small"
28,"Private","Bachelors","Married-civ-spouse","Tech-support","Husband","White","Male",0,0,40,"United-States","small"
18,"Private","11th","Never-married","Other-service","Own-child","White","Female",0,0,16,"United-States","small"
38,"Private","HS-grad","Married-civ-spouse","Transport-moving","Husband","White","Male",0,0,99,"United-States","small"
36,"Private","Some-college","Married-civ-spouse","Craft-repair","Husband","White","Male",0,0,56,"United-States","small"
35,"Private","Some-college","Married-civ-spouse","Exec-managerial","Husband","White","Male",0,0,40,"United-States","large"
48,"Private","Some-college","Divorced","Exec-managerial","Not-in-family","White","Female",0,0,38,"United-States","small"
46,"Private","Some-college","Divorced","Craft-repair","Unmarried","White","Male",0,0,40,"United-States","large"
34,"Private","Some-college","Never-married","Adm-clerical","Not-in-family","White","Male",0,0,40,"United-States","small"
27,"Private","HS-grad","Never-married","Machine-op-inspct","Not-in-family","White","Male",0,0,40,"United-States","small"
29,"Local-gov","HS-grad","Never-married","Other-service","Own-child","White","Male",0,0,20,"United-States","small"
47,"Private","Assoc-voc","Married-civ-spouse","Prof-specialty","Husband","White","Male",0,0,40,"United-States","large"
42,"Private","HS-grad","Married-civ-spouse","Sales","Husband","White","Male",0,0,40,"United-States","small"
33,"Private","HS-grad","Divorced","Exec-managerial","Not-in-family","White","Female",0,0,45,"United-States","small"
22,"Private","10th","Married-civ-spouse","Machine-op-inspct","Wife","White","Female",0,0,40,"United-States","small"
29,"Private","HS-grad","Married-civ-spouse","Prof-specialty","Husband","White","Male",0,0,40,"United-States","large"
35,"Private","Some-college","Married-civ-spouse","Exec-managerial","Husband","White","Male",0,0,50,"United-States","small"
35,"Local-gov","HS-grad","Married-civ-spouse","Other-service","Husband","White","Male",0,0,40,"United-States","small"
38,"Self-emp-not-inc","Assoc-acdm","Married-civ-spouse","Transport-moving","Husband","White","Male",0,0,40,"United-States","small"
43,"Local-gov","Some-college","Married-civ-spouse","Tech-support","Husband","White","Male",4386,0,99,"United-States","large"
35,"Private","HS-grad","Never-married","Craft-repair","Unmarried","White","Male",0,0,35,"United-States","small"
31,"Private","Some-college","Never-married","Exec-managerial","Not-in-family","Black","Female",0,0,40,"United-States","small"
17,"Private","10th","Never-married","Tech-support","Own-child","White","Male",0,0,10,"United-States","small"
43,"Private","Some-college","Married-civ-spouse","Craft-repair","Husband","Black","Male",0,0,40,"United-States","small"
19,"Private","HS-grad","Never-married","Sales","Not-in-family","White","Male",0,0,50,"United-States","small"
36,"Self-emp-inc","HS-grad","Married-civ-spouse","Transport-moving","Husband","White","Male",0,0,57,"United-States","small"
51,"Private","HS-grad","Widowed","Prof-specialty","Unmarried","White","Female",0,0,35,"United-States","small"
43,"Private","Bachelors","Married-civ-spouse","Sales","Husband","White","Male",0,1887,40,"United-States","large"
45,"Private","Masters","Divorced","Exec-managerial","Not-in-family","White","Female",0,0,40,"United-States","large"
29,"Private","Bachelors","Married-civ-spouse","Sales","Husband","White","Male",0,0,40,"United-States","large"
17,"Private","10th","Never-married","Other-service","Own-child","Black","Female",0,0,12,"United-States","small"
26,"Local-gov","Bachelors","Never-married","Prof-specialty","Not-in-family","White","Female",0,0,38,"United-States","small"
25,"Private","10th","Separated","Other-service","Own-child","White","Female",0,0,25,"United-States","small"
32,"Private","HS-grad","Married-civ-spouse","Craft-repair","Husband","White","Male",99999,0,40,"United-States","large"
42,"Self-emp-not-inc","Prof-school","Married-civ-spouse","Prof-specialty","Husband","White","Male",0,1902,50,"United-States","large"
28,"Private","10th","Never-married","Other-service","Unmarried","White","Female",0,0,15,"United-States","small"
36,"Private","HS-grad","Separated","Adm-clerical","Unmarried","White","Female",0,0,37,"United-States","small"
22,"Private","Some-college","Never-married","Adm-clerical","Not-in-family","White","Female",0,0,40,"United-States","small"
57,"Local-gov","HS-grad","Divorced","Adm-clerical","Not-in-family","White","Female",0,0,16,"United-States","small"
53,"Local-gov","Assoc-acdm","Never-married","Adm-clerical","Not-in-family","Black","Male",0,0,40,"United-States","small"
30,"Self-emp-not-inc","HS-grad","Married-civ-spouse","Prof-specialty","Husband","White","Male",0,0,25,"United-States","small"
45,"Private","HS-grad","Married-civ-spouse","Adm-clerical","Husband","White","Male",0,0,35,"United-States","small"
39,"Federal-gov","Some-college","Divorced","Exec-managerial","Unmarried","Black","Female",0,0,40,"United-States","small"
39,"Private","HS-grad","Married-civ-spouse","Machine-op-inspct","Husband","White","Male",0,1887,40,"United-States","large"
32,"Private","12th","Married-civ-spouse","Machine-op-inspct","Husband","White","Male",0,0,40,"United-States","small"
46,"Self-emp-not-inc","HS-grad","Divorced","Craft-repair","Own-child","White","Male",0,0,50,"United-States","small"
53,"Federal-gov","HS-grad","Married-civ-spouse","Tech-support","Husband","White","Male",0,0,40,"France","large"
38,"Private","Bachelors","Married-civ-spouse","Prof-specialty","Wife","White","Female",15024,0,40,"United-States","large"
39,"Private","Assoc-acdm","Divorced","Prof-specialty","Unmarried","White","Female",0,1380,40,"United-States","small"
32,"Self-emp-inc","HS-grad","Married-civ-spouse","Sales","Husband","White","Male",0,0,65,"United-States","large"
67,"State-gov","7th-8th","Married-civ-spouse","Transport-moving","Husband","White","Male",0,0,35,"United-States","small"
30,"Private","HS-grad","Never-married","Other-service","Unmarried","White","Female",0,0,40,"United-States","small"
26,"Local-gov","HS-grad","Never-married","Adm-clerical","Not-in-family","White","Female",0,0,40,"United-States","small"
40,"Private","HS-grad","Divorced","Exec-managerial","Unmarried","White","Female",0,0,50,"United-States","small"
38,"Private","Some-college","Married-civ-spouse","Transport-moving","Husband","White","Male",0,0,40,"United-States","large"
54,"Self-emp-not-inc","HS-grad","Married-civ-spouse","Sales","Husband","Black","Male",0,0,40,"United-States","small"
42,"Private","HS-grad","Divorced","Prof-specialty","Not-in-family","White","Female",0,0,45,"United-States","small"
50,"Private","Assoc-acdm","Married-civ-spouse","Sales","Wife","White","Female",3942,0,40,"United-States","small"
39,"Private","Bachelors","Married-civ-spouse","Exec-managerial","Husband","White","Male",0,0,40,"United-States","large"
38,"Private","Bachelors","Never-married","Exec-managerial","Not-in-family","White","Male",0,0,50,"United-States","small"
59,"Private","Some-college","Married-civ-spouse","Sales","Husband","White","Male",0,0,50,"United-States","small"
19,"Private","HS-grad","Never-married","Sales","Own-child","White","Female",0,0,35,"United-States","small"
56,"Private","7th-8th","Never-married","Other-service","Own-child","White","Female",0,0,30,"United-States","small"
31,"Federal-gov","Bachelors","Divorced","Protective-serv","Not-in-family","White","Male",0,0,50,"United-States","large"
40,"Local-gov","HS-grad","Married-civ-spouse","Exec-managerial","Husband","White","Male",0,0,40,"United-States","small"
32,"Private","HS-grad","Married-civ-spouse","Other-service","Husband","White","Male",0,0,25,"Ireland","small"
34,"Local-gov","HS-grad","Married-civ-spouse","Protective-serv","Husband","White","Male",4064,0,50,"United-States","small"
28,"Private","HS-grad","Never-married","Other-service","Own-child","White","Female",0,0,25,"United-States","small"
28,"Private","10th","Never-married","Machine-op-inspct","Unmarried","White","Female",0,0,40,"United-States","small"
29,"Private","Assoc-voc","Married-civ-spouse","Machine-op-inspct","Husband","White","Male",0,0,40,"United-States","small"
59,"Private","Masters","Married-civ-spouse","Sales","Husband","White","Male",7298,0,55,"United-States","large"
30,"Private","Bachelors","Never-married","Prof-specialty","Other-relative","White","Female",0,0,40,"United-States","small"
47,"Private","HS-grad","Married-civ-spouse","Craft-repair","Husband","Asian-Pac-Islander","Male",0,0,60,"Japan","small"
18,"Private","HS-grad","Never-married","Sales","Not-in-family","White","Male",0,0,30,"United-States","small"
40,"Self-emp-not-inc","HS-grad","Divorced","Exec-managerial","Not-in-family","Black","Male",0,0,50,"United-States","small"
60,"State-gov","HS-grad","Widowed","Adm-clerical","Not-in-family","White","Female",0,0,35,"United-States","small"
19,"Private","HS-grad","Separated","Adm-clerical","Own-child","White","Female",0,0,30,"United-States","small"
49,"Private","12th","Married-civ-spouse","Machine-op-inspct","Husband","White","Male",0,0,39,"United-States","small"
34,"Private","HS-grad","Never-married","Machine-op-inspct","Unmarried","Black","Female",0,0,48,"United-States","small"
54,"Private","7th-8th","Married-civ-spouse","Machine-op-inspct","Husband","White","Male",0,0,40,"United-States","small"
54,"Private","7th-8th","Married-civ-spouse","Craft-repair","Husband","White","Male",0,0,40,"United-States","small"
18,"Private","11th","Never-married","Other-service","Own-child","White","Female",0,0,20,"United-States","small"
45,"Private","Assoc-acdm","Married-civ-spouse","Handlers-cleaners","Husband","White","Male",0,0,40,"United-States","small"
50,"Federal-gov","Some-college","Never-married","Adm-clerical","Not-in-family","White","Male",0,0,40,"United-States","small"
17,"Private","11th","Never-married","Sales","Own-child","White","Female",0,0,8,"United-States","small"
47,"Private","Bachelors","Married-civ-spouse","Tech-support","Husband","White","Male",15024,0,40,"United-States","large"
22,"Private","Some-college","Never-married","Sales","Not-in-family","White","Female",0,0,30,"United-States","small"
18,"Private","12th","Never-married","Sales","Own-child","White","Female",0,0,20,"United-States","small"
47,"Private","Some-college","Married-civ-spouse","Craft-repair","Husband","White","Male",0,0,40,"United-States","small"
44,"Private","Assoc-acdm","Married-civ-spouse","Farming-fishing","Husband","White","Male",0,0,60,"United-States","large"
43,"Private","HS-grad","Divorced","Exec-managerial","Not-in-family","White","Female",0,0,40,"United-States","small"
24,"Local-gov","10th","Never-married","Other-service","Not-in-family","White","Male",0,0,40,"United-States","small"
21,"Private","HS-grad","Never-married","Craft-repair","Own-child","White","Male",594,0,40,"United-States","small"
37,"Private","Bachelors","Married-civ-spouse","Exec-managerial","Husband","White","Male",0,0,50,"United-States","large"
28,"Private","HS-grad","Married-civ-spouse","Farming-fishing","Husband","White","Male",0,0,50,"United-States","small"
25,"Private","Bachelors","Never-married","Prof-specialty","Not-in-family","White","Female",0,0,40,"United-States","small"
36,"Private","Some-college","Never-married","Craft-repair","Own-child","White","Male",2174,0,60,"United-States","small"
29,"Private","Some-college","Never-married","Craft-repair","Not-in-family","White","Female",0,0,40,"United-States","small"
37,"State-gov","HS-grad","Married-spouse-absent","Other-service","Unmarried","White","Female",0,0,20,"United-States","small"
31,"Private","HS-grad","Never-married","Adm-clerical","Not-in-family","White","Male",2174,0,40,"United-States","small"
27,"Private","HS-grad","Married-civ-spouse","Machine-op-inspct","Husband","White","Male",5013,0,46,"Canada","small"
58,"Private","HS-grad","Married-civ-spouse","Sales","Wife","White","Female",0,0,40,"Greece","small"
43,"Private","Bachelors","Married-civ-spouse","Transport-moving","Husband","White","Male",0,0,45,"United-States","small"
41,"Private","Bachelors","Never-married","Prof-specialty","Not-in-family","Black","Male",0,0,40,"United-States","small"
67,"Local-gov","HS-grad","Divorced","Other-service","Not-in-family","White","Female",0,0,24,"United-States","small"
30,"Private","7th-8th","Never-married","Machine-op-inspct","Unmarried","White","Male",0,0,42,"United-States","small"
20,"Private","Some-college","Never-married","Other-service","Not-in-family","White","Female",0,0,25,"United-States","small"
43,"Private","Masters","Married-civ-spouse","Prof-specialty","Husband","Other","Male",0,0,50,"United-States","small"
29,"Private","Assoc-voc","Married-civ-spouse","Machine-op-inspct","Husband","White","Male",0,0,48,"United-States","small"
50,"Self-emp-inc","HS-grad","Married-civ-spouse","Craft-repair","Husband","White","Male",0,1672,60,"United-States","small"
47,"Private","Assoc-acdm","Married-civ-spouse","Adm-clerical","Wife","White","Female",0,0,40,"Italy","large"
59,"Private","HS-grad","Divorced","Tech-support","Unmarried","White","Female",0,0,40,"United-States","small"
36,"Private","HS-grad","Married-civ-spouse","Transport-moving","Husband","White","Male",0,0,33,"United-States","small"
40,"Private","Some-college","Divorced","Exec-managerial","Not-in-family","White","Male",0,0,40,"United-States","small"
50,"Private","7th-8th","Divorced","Other-service","Other-relative","White","Female",0,0,40,"United-States","small"
65,"Private","HS-grad","Widowed","Adm-clerical","Not-in-family","White","Female",0,810,36,"United-States","small"
30,"Private","HS-grad","Never-married","Craft-repair","Not-in-family","White","Male",0,0,40,"United-States","small"
22,"Private","HS-grad","Never-married","Farming-fishing","Not-in-family","White","Male",0,0,25,"United-States","small"
39,"Private","Bachelors","Married-civ-spouse","Prof-specialty","Not-in-family","White","Male",0,0,60,"United-States","small"
50,"Private","Prof-school","Married-civ-spouse","Prof-specialty","Husband","White","Male",0,0,36,"United-States","large"
23,"Private","HS-grad","Separated","Craft-repair","Own-child","White","Male",0,0,53,"United-States","small"
44,"Self-emp-not-inc","HS-grad","Married-civ-spouse","Farming-fishing","Husband","White","Male",0,0,60,"United-States","small"
23,"Private","Some-college","Never-married","Handlers-cleaners","Unmarried","Amer-Indian-Eskimo","Female",0,0,35,"United-States","small"
35,"Private","HS-grad","Married-civ-spouse","Exec-managerial","Husband","White","Male",0,0,48,"United-States","small"
19,"Private","HS-grad","Never-married","Other-service","Unmarried","White","Male",0,0,40,"United-States","small"
33,"Federal-gov","Some-college","Never-married","Exec-managerial","Not-in-family","White","Male",0,0,50,"United-States","small"
50,"Private","HS-grad","Married-civ-spouse","Transport-moving","Husband","White","Male",0,0,50,"United-States","large"
71,"Self-emp-not-inc","10th","Married-civ-spouse","Craft-repair","Husband","White","Male",0,0,8,"United-States","small"
35,"State-gov","Bachelors","Married-civ-spouse","Exec-managerial","Wife","White","Female",0,0,35,"United-States","large"
54,"Private","HS-grad","Married-civ-spouse","Sales","Husband","White","Male",0,0,40,"United-States","small"
29,"Private","HS-grad","Married-spouse-absent","Adm-clerical","Own-child","White","Female",0,0,40,"United-States","small"
50,"Private","Some-college","Divorced","Tech-support","Not-in-family","White","Female",0,0,36,"United-States","small"
28,"Private","Assoc-voc","Married-civ-spouse","Tech-support","Husband","White","Male",0,0,70,"United-States","large"
23,"Private","Some-college","Never-married","Prof-specialty","Own-child","White","Female",0,0,25,"United-States","small"
51,"Private","HS-grad","Never-married","Exec-managerial","Other-relative","White","Female",0,0,40,"United-States","small"
47,"Private","Bachelors","Married-civ-spouse","Adm-clerical","Husband","White","Male",0,0,40,"United-States","large"
62,"Local-gov","Bachelors","Divorced","Prof-specialty","Not-in-family","Black","Female",0,0,40,"United-States","small"
33,"Private","Some-college","Never-married","Exec-managerial","Not-in-family","White","Male",0,0,40,"United-States","small"
58,"Private","5th-6th","Married-civ-spouse","Machine-op-inspct","Husband","White","Male",0,0,40,"United-States","small"
30,"Private","Bachelors","Never-married","Tech-support","Not-in-family","White","Male",0,0,60,"Hungary","small"
44,"Private","Bachelors","Married-civ-spouse","Exec-managerial","Husband","Asian-Pac-Islander","Male",0,0,40,"United-States","small"
62,"Private","Bachelors","Married-civ-spouse","Prof-specialty","Husband","White","Male",0,0,50,"United-States","large"
26,"Private","Bachelors","Never-married","Craft-repair","Other-relative","White","Male",0,0,40,"United-States","small"
20,"Private","Some-college","Never-married","Other-service","Own-child","Black","Male",0,0,40,"United-States","small"
25,"Self-emp-not-inc","HS-grad","Never-married","Other-service","Not-in-family","White","Male",0,0,8,"United-States","small"
24,"Private","Assoc-voc","Never-married","Tech-support","Own-child","White","Male",0,0,40,"United-States","small"
22,"Self-emp-inc","Some-college","Never-married","Craft-repair","Own-child","White","Male",0,0,35,"United-States","small"
20,"State-gov","HS-grad","Never-married","Other-service","Other-relative","Other","Male",0,0,40,"United-States","small"
51,"Private","Masters","Married-civ-spouse","Craft-repair","Husband","White","Male",0,0,40,"United-States","large"
20,"Private","11th","Never-married","Other-service","Own-child","White","Female",0,0,40,"United-States","small"
20,"Private","7th-8th","Never-married","Machine-op-inspct","Other-relative","White","Male",0,0,40,"United-States","small"
31,"Private","Some-college","Married-civ-spouse","Prof-specialty","Husband","White","Male",0,0,50,"United-States","large"
34,"Private","HS-grad","Divorced","Adm-clerical","Not-in-family","Black","Male",0,0,42,"United-States","small"
44,"Private","Masters","Married-civ-spouse","Exec-managerial","Husband","White","Male",0,0,40,"United-States","large"
57,"Private","Some-college","Married-civ-spouse","Sales","Husband","White","Male",5013,0,50,"United-States","small"
46,"Private","HS-grad","Married-civ-spouse","Machine-op-inspct","Husband","Black","Male",0,0,40,"United-States","small"
39,"Private","Bachelors","Married-civ-spouse","Exec-managerial","Husband","White","Male",0,0,60,"United-States","small"
36,"Federal-gov","HS-grad","Married-civ-spouse","Adm-clerical","Husband","White","Male",0,0,40,"United-States","small"
17,"Private","10th","Never-married","Other-service","Not-in-family","White","Male",0,0,20,"El-Salvador","small"
27,"Private","HS-grad","Married-civ-spouse","Handlers-cleaners","Husband","White","Male",0,0,40,"Mexico","small"
56,"Self-emp-not-inc","Some-college","Married-civ-spouse","Craft-repair","Husband","White","Male",0,0,60,"United-States","small"
47,"Local-gov","Some-college","Divorced","Prof-specialty","Not-in-family","White","Female",0,1876,40,"United-States","small"
28,"Private","Some-college","Divorced","Adm-clerical","Not-in-family","White","Female",0,0,40,"United-States","small"
21,"Private","Some-college","Never-married","Other-service","Own-child","White","Female",0,0,40,"United-States","small"
32,"Self-emp-inc","Bachelors","Married-civ-spouse","Other-service","Husband","Asian-Pac-Islander","Male",0,0,50,"Iran","large"
21,"Private","HS-grad","Never-married","Transport-moving","Own-child","Black","Male",0,0,20,"United-States","small"
31,"Private","Bachelors","Never-married","Exec-managerial","Not-in-family","Black","Female",0,0,40,"United-States","small"
29,"Private","Some-college","Never-married","Adm-clerical","Not-in-family","White","Female",0,0,40,"Japan","small"
25,"Private","Bachelors","Married-civ-spouse","Prof-specialty","Wife","White","Female",0,0,32,"United-States","small"
27,"Private","Assoc-acdm","Never-married","Sales","Not-in-family","White","Male",0,0,40,"United-States","small"
41,"Private","Bachelors","Married-civ-spouse","Adm-clerical","Husband","White","Male",0,0,40,"United-States","small"
30,"Private","Some-college","Married-civ-spouse","Machine-op-inspct","Husband","White","Male",0,0,40,"United-States","small"
38,"Private","Bachelors","Never-married","Adm-clerical","Not-in-family","White","Female",0,0,50,"United-States","small"
19,"Private","HS-grad","Never-married","Handlers-cleaners","Own-child","White","Male",0,0,30,"United-States","small"
52,"Private","Bachelors","Married-civ-spouse","Prof-specialty","Husband","White","Male",0,0,40,"United-States","large"
32,"Self-emp-not-inc","Bachelors","Married-civ-spouse","Prof-specialty","Husband","White","Male",0,0,50,"United-States","large"
56,"Private","Bachelors","Married-civ-spouse","Prof-specialty","Husband","White","Male",0,0,40,"United-States","large"
35,"Private","Prof-school","Married-civ-spouse","Prof-specialty","Husband","White","Male",0,0,45,"United-States","large"
17,"Private","12th","Never-married","Other-service","Own-child","White","Female",0,1721,25,"United-States","small"
28,"Private","7th-8th","Married-civ-spouse","Craft-repair","Husband","White","Male",0,0,30,"United-States","small"
56,"Private","HS-grad","Never-married","Prof-specialty","Not-in-family","White","Female",0,0,45,"United-States","small"
45,"Federal-gov","Assoc-acdm","Never-married","Exec-managerial","Not-in-family","White","Male",0,0,40,"United-States","small"
27,"Private","HS-grad","Never-married","Machine-op-inspct","Other-relative","White","Male",0,0,1,"United-States","small"
27,"Private","HS-grad","Never-married","Sales","Not-in-family","White","Male",0,0,50,"United-States","small"
69,"Private","HS-grad","Widowed","Adm-clerical","Not-in-family","White","Female",0,0,24,"United-States","small"
18,"Private","11th","Never-married","Other-service","Own-child","White","Female",0,0,16,"United-States","small"
38,"Private","HS-grad","Separated","Other-service","Unmarried","Black","Female",0,0,32,"United-States","small"
65,"Private","Assoc-voc","Divorced","Exec-managerial","Not-in-family","White","Female",0,0,40,"United-States","small"
41,"Private","Prof-school","Married-civ-spouse","Exec-managerial","Wife","White","Female",0,0,50,"Japan","large"
54,"Private","Some-college","Married-civ-spouse","Tech-support","Husband","White","Male",7688,0,40,"United-States","large"
38,"Private","Bachelors","Never-married","Exec-managerial","Not-in-family","White","Female",0,0,38,"United-States","small"
45,"Private","Assoc-voc","Never-married","Sales","Not-in-family","White","Female",0,0,38,"United-States","small"
28,"Private","10th","Married-civ-spouse","Craft-repair","Wife","Other","Female",0,0,48,"Guatemala","small"
35,"Private","HS-grad","Married-civ-spouse","Handlers-cleaners","Husband","White","Male",0,0,50,"United-States","small"
42,"Self-emp-inc","Bachelors","Married-civ-spouse","Exec-managerial","Husband","White","Male",0,0,70,"United-States","small"
41,"Private","HS-grad","Married-civ-spouse","Exec-managerial","Husband","White","Male",0,0,40,"United-States","large"
21,"Private","HS-grad","Never-married","Other-service","Own-child","White","Male",0,0,40,"United-States","small"
30,"Private","Some-college","Divorced","Adm-clerical","Not-in-family","White","Female",0,0,45,"United-States","small"
32,"Private","5th-6th","Married-civ-spouse","Machine-op-inspct","Wife","Asian-Pac-Islander","Female",0,0,40,"Laos","large"
28,"Federal-gov","Bachelors","Never-married","Exec-managerial","Not-in-family","Black","Male",0,0,40,"United-States","small"
33,"Private","Some-college","Never-married","Adm-clerical","Unmarried","White","Male",0,0,40,"United-States","small"
53,"State-gov","HS-grad","Married-civ-spouse","Adm-clerical","Husband","White","Male",15024,0,35,"United-States","large"
35,"Private","Bachelors","Married-civ-spouse","Sales","Husband","White","Male",15024,0,50,"United-States","large"
54,"Private","Some-college","Widowed","Craft-repair","Unmarried","White","Female",0,0,50,"United-States","small"
51,"Self-emp-not-inc","HS-grad","Married-civ-spouse","Farming-fishing","Husband","White","Male",0,0,50,"United-States","small"
35,"Private","7th-8th","Widowed","Other-service","Unmarried","White","Female",0,0,80,"United-States","small"
51,"Private","Some-college","Married-civ-spouse","Sales","Husband","White","Male",0,0,40,"United-States","small"
58,"Self-emp-inc","10th","Married-civ-spouse","Transport-moving","Wife","White","Female",0,0,40,"United-States","small"
56,"Private","HS-grad","Married-civ-spouse","Transport-moving","Husband","White","Male",0,0,60,"United-States","small"
34,"Private","HS-grad","Married-civ-spouse","Handlers-cleaners","Husband","White","Male",0,0,40,"United-States","small"
54,"Local-gov","10th","Married-civ-spouse","Protective-serv","Husband","White","Male",0,0,45,"United-States","small"
32,"Private","7th-8th","Married-civ-spouse","Craft-repair","Husband","White","Male",0,0,35,"United-States","small"
30,"Private","10th","Never-married","Machine-op-inspct","Other-relative","Asian-Pac-Islander","Male",0,0,40,"Vietnam","small"
21,"State-gov","Some-college","Never-married","Prof-specialty","Not-in-family","White","Female",0,0,20,"United-States","small"
21,"Private","Some-college","Never-married","Craft-repair","Own-child","White","Male",0,0,40,"United-States","small"
46,"Private","HS-grad","Married-civ-spouse","Protective-serv","Husband","White","Male",0,0,40,"United-States","small"
21,"Private","HS-grad","Never-married","Other-service","Own-child","White","Female",0,0,40,"United-States","small"
29,"Private","Some-college","Never-married","Other-service","Not-in-family","Black","Female",0,0,30,"Jamaica","small"
32,"Private","HS-grad","Married-civ-spouse","Machine-op-inspct","Husband","White","Male",0,0,40,"United-States","small"
20,"Private","HS-grad","Never-married","Other-service","Own-child","White","Male",0,0,40,"United-States","small"
30,"Private","HS-grad","Married-civ-spouse","Handlers-cleaners","Husband","White","Male",0,0,40,"United-States","small"
34,"Private","Some-college","Married-civ-spouse","Transport-moving","Husband","White","Male",0,0,40,"United-States","small"
20,"Private","HS-grad","Never-married","Adm-clerical","Own-child","White","Female",0,0,30,"United-States","small"
43,"Private","Bachelors","Divorced","Other-service","Not-in-family","White","Female",0,0,35,"United-States","small"
43,"Private","Some-college","Married-civ-spouse","Transport-moving","Husband","White","Male",0,0,42,"United-States","small"
59,"Private","HS-grad","Married-civ-spouse","Craft-repair","Husband","White","Male",0,0,40,"United-States","large"
56,"Federal-gov","Doctorate","Married-civ-spouse","Prof-specialty","Husband","White","Male",0,0,40,"United-States","large"
58,"State-gov","Bachelors","Married-civ-spouse","Prof-specialty","Wife","White","Female",0,0,20,"United-States","large"
37,"Private","Assoc-acdm","Married-civ-spouse","Prof-specialty","Wife","White","Female",0,0,13,"United-States","large"
42,"Private","HS-grad","Never-married","Other-service","Not-in-family","White","Female",0,0,24,"United-States","small"
28,"Private","HS-grad","Never-married","Craft-repair","Own-child","White","Male",0,0,70,"United-States","small"
22,"Private","HS-grad","Never-married","Exec-managerial","Not-in-family","White","Female",0,0,55,"United-States","small"
51,"Private","Some-college","Married-civ-spouse","Prof-specialty","Husband","White","Male",0,0,40,"United-States","large"
35,"Private","HS-grad","Divorced","Exec-managerial","Not-in-family","White","Male",0,0,50,"United-States","small"
47,"Private","Some-college","Divorced","Exec-managerial","Unmarried","White","Female",0,0,40,"Germany","small"
42,"Private","Assoc-voc","Divorced","Adm-clerical","Unmarried","White","Female",0,0,40,"United-States","small"
41,"Private","HS-grad","Married-civ-spouse","Machine-op-inspct","Husband","White","Male",2885,0,40,"United-States","small"
43,"Private","HS-grad","Married-civ-spouse","Craft-repair","Husband","White","Male",0,0,40,"United-States","small"
52,"Private","Some-college","Married-civ-spouse","Craft-repair","Husband","White","Male",0,0,40,"United-States","large"
20,"Private","Some-college","Never-married","Tech-support","Own-child","White","Female",0,0,15,"United-States","small"
47,"Self-emp-not-inc","Bachelors","Never-married","Exec-managerial","Not-in-family","Black","Male",10520,0,45,"United-States","large"
20,"Private","Some-college","Never-married","Other-service","Own-child","White","Male",0,0,16,"United-States","small"
27,"Private","Bachelors","Never-married","Tech-support","Not-in-family","White","Female",0,0,36,"United-States","small"
27,"Private","Bachelors","Never-married","Prof-specialty","Not-in-family","White","Female",0,0,60,"United-States","small"
38,"Private","Bachelors","Married-civ-spouse","Prof-specialty","Husband","Amer-Indian-Eskimo","Male",0,0,70,"United-States","large"
33,"Private","HS-grad","Never-married","Other-service","Own-child","Black","Male",0,0,36,"United-States","small"
56,"Self-emp-not-inc","Some-college","Married-civ-spouse","Farming-fishing","Husband","White","Male",0,0,50,"United-States","small"
36,"Private","HS-grad","Divorced","Machine-op-inspct","Unmarried","White","Female",0,0,40,"United-States","small"
50,"Self-emp-not-inc","Assoc-acdm","Married-civ-spouse","Machine-op-inspct","Husband","White","Male",3103,0,40,"United-States","large"
19,"Private","HS-grad","Divorced","Other-service","Not-in-family","White","Female",0,0,40,"United-States","small"
20,"Private","HS-grad","Never-married","Handlers-cleaners","Own-child","Black","Male",0,0,35,"United-States","small"
28,"Private","Some-college","Never-married","Craft-repair","Not-in-family","Black","Male",0,0,40,"United-States","small"
41,"Private","Bachelors","Divorced","Exec-managerial","Not-in-family","White","Male",0,0,50,"United-States","large"
25,"Self-emp-not-inc","HS-grad","Never-married","Other-service","Unmarried","White","Female",0,0,30,"United-States","small"
38,"Private","HS-grad","Separated","Protective-serv","Not-in-family","Black","Male",0,0,40,"United-States","small"
60,"Self-emp-not-inc","Some-college","Married-civ-spouse","Craft-repair","Husband","White","Male",0,0,24,"United-States","small"
37,"Private","HS-grad","Married-civ-spouse","Farming-fishing","Husband","White","Male",0,0,30,"United-States","small"
24,"Federal-gov","Some-college","Never-married","Exec-managerial","Own-child","White","Male",0,0,40,"United-States","small"
39,"Private","Some-college","Separated","Other-service","Unmarried","White","Female",0,0,75,"United-States","small"
31,"Private","HS-grad","Married-civ-spouse","Machine-op-inspct","Wife","White","Female",0,0,55,"United-States","small"
40,"State-gov","Masters","Divorced","Exec-managerial","Unmarried","White","Female",1506,0,40,"United-States","small"
27,"Private","HS-grad","Never-married","Sales","Own-child","Asian-Pac-Islander","Male",0,0,40,"United-States","small"
37,"Private","10th","Divorced","Craft-repair","Unmarried","White","Female",0,0,40,"United-States","small"
60,"Private","HS-grad","Married-civ-spouse","Craft-repair","Husband","White","Male",15024,0,40,"United-States","large"
34,"Private","HS-grad","Never-married","Prof-specialty","Not-in-family","White","Female",0,0,30,"United-States","small"
33,"Private","Bachelors","Married-civ-spouse","Craft-repair","Husband","White","Male",0,0,45,"United-States","small"
23,"Private","Some-college","Never-married","Other-service","Own-child","Black","Male",2202,0,80,"United-States","small"
35,"Private","Bachelors","Never-married","Exec-managerial","Not-in-family","White","Male",0,0,45,"United-States","small"
48,"Private","Some-college","Married-civ-spouse","Sales","Husband","White","Male",0,0,40,"United-States","large"
18,"Private","11th","Never-married","Handlers-cleaners","Own-child","White","Male",0,0,12,"United-States","small"
45,"Private","12th","Never-married","Other-service","Own-child","White","Male",0,0,10,"Mexico","small"
49,"Private","HS-grad","Divorced","Exec-managerial","Unmarried","White","Male",0,0,50,"United-States","small"
23,"Federal-gov","Some-college","Never-married","Craft-repair","Unmarried","Amer-Indian-Eskimo","Male",0,0,40,"United-States","small"
39,"Self-emp-inc","Some-college","Married-civ-spouse","Farming-fishing","Husband","White","Male",0,0,65,"United-States","small"
55,"Private","HS-grad","Divorced","Adm-clerical","Not-in-family","White","Female",0,0,29,"United-States","small"
23,"Local-gov","Assoc-acdm","Never-married","Protective-serv","Not-in-family","White","Male",0,0,52,"United-States","small"
32,"Private","Some-college","Married-civ-spouse","Craft-repair","Husband","White","Male",0,0,40,"United-States","small"
30,"Private","Bachelors","Married-civ-spouse","Other-service","Wife","Asian-Pac-Islander","Female",0,0,40,"Philippines","small"
23,"Private","Some-college","Never-married","Handlers-cleaners","Not-in-family","White","Male",0,0,40,"United-States","small"
43,"Self-emp-not-inc","Bachelors","Married-civ-spouse","Exec-managerial","Husband","White","Male",0,0,50,"Germany","small"
46,"Private","HS-grad","Divorced","Prof-specialty","Not-in-family","White","Female",0,0,40,"United-States","small"
51,"Private","Bachelors","Separated","Adm-clerical","Unmarried","White","Female",0,0,40,"United-States","small"
26,"Private","Some-college","Never-married","Handlers-cleaners","Other-relative","Asian-Pac-Islander","Male",0,0,44,"Philippines","small"
41,"Local-gov","Bachelors","Married-civ-spouse","Prof-specialty","Husband","White","Male",0,0,35,"United-States","large"
58,"Self-emp-not-inc","HS-grad","Married-civ-spouse","Exec-managerial","Husband","White","Male",0,0,40,"United-States","small"
22,"Private","Some-college","Never-married","Sales","Not-in-family","Asian-Pac-Islander","Male",0,0,20,"Philippines","small"
52,"Private","Some-college","Widowed","Sales","Not-in-family","White","Female",0,0,40,"United-States","small"
56,"Private","7th-8th","Widowed","Machine-op-inspct","Unmarried","Other","Female",0,0,40,"Dominican-Republic","small"
41,"Private","Masters","Married-civ-spouse","Prof-specialty","Husband","White","Male",15024,0,40,"United-States","large"
57,"Self-emp-not-inc","Assoc-voc","Married-civ-spouse","Craft-repair","Husband","White","Male",0,0,40,"United-States","large"
41,"Private","Some-college","Divorced","Craft-repair","Not-in-family","White","Male",0,0,40,"United-States","large"
20,"Private","Some-college","Never-married","Sales","Not-in-family","White","Male",0,0,30,"United-States","small"
32,"State-gov","Assoc-acdm","Married-civ-spouse","Other-service","Husband","White","Male",0,0,35,"United-States","small"
61,"Private","Masters","Married-civ-spouse","Sales","Husband","White","Male",0,0,60,"United-States","large"
43,"Self-emp-not-inc","Assoc-voc","Married-civ-spouse","Craft-repair","Husband","White","Male",0,0,40,"United-States","small"
24,"Private","Masters","Never-married","Exec-managerial","Own-child","White","Male",6849,0,90,"United-States","small"
23,"Private","Preschool","Never-married","Other-service","Own-child","White","Female",0,0,15,"United-States","small"
35,"Private","HS-grad","Married-civ-spouse","Farming-fishing","Husband","White","Male",0,1672,50,"United-States","small"
24,"Private","Bachelors","Married-civ-spouse","Exec-managerial","Wife","White","Female",7688,0,45,"United-States","large"
43,"Private","HS-grad","Separated","Exec-managerial","Unmarried","Black","Female",0,0,40,"United-States","small"
35,"Private","HS-grad","Married-civ-spouse","Transport-moving","Husband","White","Male",0,0,50,"United-States","large"
50,"Private","Some-college","Married-civ-spouse","Craft-repair","Husband","White","Male",0,0,40,"United-States","large"
40,"Private","HS-grad","Married-civ-spouse","Transport-moving","Husband","White","Male",0,0,35,"United-States","small"
57,"Federal-gov","HS-grad","Separated","Adm-clerical","Other-relative","Black","Female",0,0,35,"United-States","small"
39,"Self-emp-not-inc","HS-grad","Married-civ-spouse","Transport-moving","Husband","White","Male",0,0,60,"United-States","large"
35,"Private","HS-grad","Never-married","Other-service","Unmarried","Black","Female",0,0,40,"United-States","small"
31,"Private","Masters","Married-civ-spouse","Tech-support","Husband","White","Male",0,1902,40,"United-States","large"
38,"Private","Some-college","Never-married","Adm-clerical","Own-child","Black","Female",0,0,40,"United-States","small"
39,"Federal-gov","Assoc-voc","Married-civ-spouse","Prof-specialty","Husband","White","Male",0,0,50,"United-States","small"
48,"Private","HS-grad","Married-civ-spouse","Transport-moving","Husband","White","Male",0,0,45,"United-States","small"
27,"Private","Some-college","Never-married","Adm-clerical","Other-relative","Asian-Pac-Islander","Male",0,0,40,"India","small"
23,"State-gov","Bachelors","Never-married","Prof-specialty","Not-in-family","White","Female",0,0,40,"United-States","small"
29,"Private","Some-college","Never-married","Sales","Not-in-family","Black","Male",0,0,55,"Outlying-US(Guam-USVI-etc)","small"
21,"Private","HS-grad","Never-married","Other-service","Not-in-family","White","Female",0,0,28,"United-States","small"
18,"Self-emp-not-inc","10th","Never-married","Farming-fishing","Own-child","White","Male",0,0,40,"United-States","small"
39,"Local-gov","HS-grad","Never-married","Exec-managerial","Own-child","Amer-Indian-Eskimo","Female",0,0,40,"United-States","small"
45,"Private","Some-college","Married-civ-spouse","Adm-clerical","Wife","White","Female",0,0,24,"Canada","large"
17,"Self-emp-inc","9th","Never-married","Sales","Own-child","White","Female",0,0,40,"United-States","small"
49,"Private","Some-college","Married-civ-spouse","Prof-specialty","Husband","White","Male",0,0,22,"United-States","small"
42,"Private","5th-6th","Married-civ-spouse","Other-service","Husband","White","Male",0,0,44,"Mexico","small"
28,"Private","HS-grad","Never-married","Prof-specialty","Not-in-family","White","Male",0,0,40,"United-States","small"
30,"Private","Bachelors","Never-married","Sales","Not-in-family","White","Female",0,0,45,"United-States","small"
56,"Private","Bachelors","Married-civ-spouse","Exec-managerial","Husband","White","Male",0,0,50,"United-States","large"
22,"Private","HS-grad","Never-married","Craft-repair","Own-child","White","Male",0,0,50,"United-States","small"
41,"Self-emp-inc","Assoc-voc","Married-civ-spouse","Sales","Husband","Other","Male",0,2179,84,"Mexico","small"
17,"Private","11th","Never-married","Adm-clerical","Own-child","White","Female",0,0,23,"United-States","small"
37,"Private","HS-grad","Married-civ-spouse","Other-service","Husband","White","Male",0,0,30,"Mexico","small"
62,"Private","10th","Divorced","Prof-specialty","Unmarried","White","Female",0,0,40,"United-States","small"
43,"Private","HS-grad","Divorced","Other-service","Own-child","Asian-Pac-Islander","Female",0,0,40,"South","small"
27,"Private","HS-grad","Married-civ-spouse","Prof-specialty","Husband","White","Male",0,1848,45,"United-States","large"
37,"Private","Assoc-voc","Married-civ-spouse","Transport-moving","Husband","White","Male",15024,0,50,"United-States","large"
38,"Private","Masters","Married-civ-spouse","Prof-specialty","Husband","White","Male",0,0,40,"United-States","large"
29,"Private","HS-grad","Married-civ-spouse","Other-service","Wife","White","Female",0,0,40,"United-States","small"
39,"Private","HS-grad","Divorced","Machine-op-inspct","Unmarried","White","Female",0,0,40,"United-States","small"
17,"Private","11th","Never-married","Other-service","Own-child","White","Female",0,0,16,"United-States","small"
47,"Private","Masters","Married-civ-spouse","Exec-managerial","Husband","White","Male",0,0,50,"United-States","large"
19,"Private","HS-grad","Never-married","Sales","Own-child","Black","Male",0,0,25,"United-States","small"
55,"Private","Assoc-voc","Married-civ-spouse","Craft-repair","Husband","White","Male",0,0,40,"United-States","large"
34,"Private","HS-grad","Married-civ-spouse","Other-service","Husband","White","Male",0,0,40,"United-States","small"
49,"Private","7th-8th","Divorced","Other-service","Unmarried","White","Female",0,0,35,"United-States","small"
18,"Private","HS-grad","Never-married","Adm-clerical","Own-child","White","Female",0,0,35,"United-States","small"
19,"Private","12th","Never-married","Handlers-cleaners","Not-in-family","White","Male",0,0,40,"United-States","small"
85,"Private","HS-grad","Widowed","Sales","Unmarried","White","Male",0,0,35,"United-States","small"
32,"Private","HS-grad","Separated","Craft-repair","Unmarried","Black","Male",0,0,40,"United-States","small"
34,"Self-emp-not-inc","Bachelors","Married-civ-spouse","Sales","Husband","Asian-Pac-Islander","Male",0,0,60,"South","small"
29,"Private","Masters","Never-married","Prof-specialty","Not-in-family","White","Male",0,0,55,"Scotland","small"
51,"Self-emp-not-inc","Assoc-acdm","Married-civ-spouse","Exec-managerial","Husband","White","Male",0,0,40,"United-States","small"
33,"Private","HS-grad","Married-civ-spouse","Machine-op-inspct","Husband","White","Male",0,0,40,"United-States","large"
39,"Private","HS-grad","Never-married","Machine-op-inspct","Not-in-family","White","Female",0,0,10,"United-States","small"
44,"Private","10th","Married-spouse-absent","Adm-clerical","Unmarried","Black","Female",0,0,30,"United-States","small"
44,"Private","Masters","Married-civ-spouse","Prof-specialty","Husband","White","Male",0,0,40,"United-States","large"
34,"Private","Prof-school","Married-civ-spouse","Prof-specialty","Husband","White","Male",0,1977,55,"United-States","large"
30,"Private","Bachelors","Never-married","Prof-specialty","Not-in-family","White","Male",0,0,40,"United-States","small"
24,"Private","HS-grad","Never-married","Other-service","Not-in-family","White","Female",0,0,30,"United-States","small"
47,"Private","HS-grad","Never-married","Machine-op-inspct","Unmarried","Amer-Indian-Eskimo","Male",0,0,56,"Puerto-Rico","small"
37,"Private","HS-grad","Married-civ-spouse","Craft-repair","Husband","White","Male",0,0,35,"Mexico","large"
40,"Private","Bachelors","Married-civ-spouse","Exec-managerial","Husband","White","Male",0,0,50,"United-States","large"
61,"Self-emp-not-inc","Bachelors","Married-civ-spouse","Prof-specialty","Husband","White","Male",0,0,50,"United-States","large"
32,"Private","HS-grad","Divorced","Other-service","Not-in-family","White","Female",0,0,40,"United-States","small"
35,"Private","HS-grad","Never-married","Handlers-cleaners","Not-in-family","White","Female",0,0,40,"United-States","small"
67,"Private","1st-4th","Widowed","Machine-op-inspct","Not-in-family","White","Female",2062,0,34,"Ecuador","small"
49,"Private","HS-grad","Never-married","Craft-repair","Unmarried","White","Female",0,0,40,"Puerto-Rico","small"
51,"Local-gov","Some-college","Married-civ-spouse","Protective-serv","Husband","White","Male",0,0,40,"United-States","large"
21,"Private","Some-college","Never-married","Exec-managerial","Not-in-family","Black","Male",0,0,48,"Mexico","small"
28,"Private","Bachelors","Never-married","Sales","Not-in-family","White","Female",0,0,48,"United-States","small"
24,"Private","Bachelors","Never-married","Adm-clerical","Own-child","White","Male",0,0,40,"United-States","small"
66,"Private","11th","Married-civ-spouse","Sales","Husband","White","Male",0,0,26,"United-States","small"
39,"Private","HS-grad","Married-civ-spouse","Transport-moving","Husband","White","Male",0,0,55,"United-States","small"
42,"Self-emp-not-inc","Some-college","Never-married","Craft-repair","Unmarried","White","Male",0,0,40,"United-States","small"
29,"Private","Bachelors","Married-civ-spouse","Exec-managerial","Husband","White","Male",0,0,45,"United-States","large"
23,"Private","Bachelors","Never-married","Other-service","Not-in-family","White","Female",0,0,40,"United-States","small"
48,"Private","HS-grad","Married-civ-spouse","Exec-managerial","Husband","White","Male",0,0,50,"United-States","large"
19,"Private","Some-college","Never-married","Adm-clerical","Own-child","White","Female",0,0,10,"United-States","small"
49,"Private","Assoc-voc","Married-civ-spouse","Craft-repair","Husband","White","Male",0,0,45,"Greece","small"
25,"Private","Bachelors","Never-married","Craft-repair","Own-child","White","Male",0,0,30,"Canada","small"
20,"Private","Some-college","Never-married","Adm-clerical","Not-in-family","White","Male",0,0,25,"United-States","small"
38,"Private","Assoc-acdm","Divorced","Adm-clerical","Not-in-family","White","Female",0,0,16,"United-States","small"
39,"Private","Some-college","Married-civ-spouse","Craft-repair","Husband","White","Male",0,0,45,"United-States","large"
24,"Private","Bachelors","Never-married","Adm-clerical","Own-child","White","Female",0,0,40,"United-States","small"
21,"Private","Some-college","Never-married","Adm-clerical","Own-child","White","Female",0,0,35,"United-States","small"
34,"Private","HS-grad","Married-civ-spouse","Sales","Husband","White","Male",0,0,50,"United-States","small"
82,"Private","HS-grad","Widowed","Exec-managerial","Not-in-family","White","Female",0,4356,18,"United-States","small"
45,"Private","Assoc-voc","Divorced","Adm-clerical","Not-in-family","White","Female",0,0,40,"United-States","small"
32,"Private","Some-college","Married-civ-spouse","Exec-managerial","Own-child","White","Female",2597,0,40,"Japan","small"
44,"Self-emp-not-inc","12th","Married-civ-spouse","Handlers-cleaners","Husband","Black","Male",0,0,40,"United-States","large"
20,"Private","HS-grad","Never-married","Sales","Own-child","White","Female",0,0,23,"United-States","small"
56,"Private","Some-college","Never-married","Adm-clerical","Not-in-family","White","Female",0,0,40,"Canada","small"
53,"Private","HS-grad","Married-civ-spouse","Transport-moving","Husband","Black","Male",0,0,60,"United-States","small"
34,"Private","Some-college","Never-married","Adm-clerical","Not-in-family","Asian-Pac-Islander","Female",0,0,35,"Japan","small"
19,"Private","HS-grad","Never-married","Other-service","Own-child","White","Male",0,0,20,"United-States","small"
37,"Private","HS-grad","Divorced","Sales","Not-in-family","White","Male",0,0,40,"United-States","small"
45,"Private","5th-6th","Never-married","Machine-op-inspct","Own-child","White","Female",0,0,35,"United-States","small"
20,"Private","Some-college","Never-married","Farming-fishing","Own-child","White","Male",0,0,40,"United-States","small"
24,"Private","Bachelors","Never-married","Tech-support","Own-child","White","Male",0,0,40,"United-States","small"
39,"Local-gov","Masters","Divorced","Prof-specialty","Not-in-family","Black","Male",0,0,40,"Dominican-Republic","small"
35,"Private","Bachelors","Married-civ-spouse","Exec-managerial","Husband","White","Male",7688,0,50,"United-States","large"
23,"Local-gov","Bachelors","Never-married","Prof-specialty","Own-child","Asian-Pac-Islander","Female",0,0,35,"China","small"
60,"Private","Masters","Married-civ-spouse","Transport-moving","Husband","White","Male",0,0,10,"United-States","small"
30,"Private","Bachelors","Married-civ-spouse","Prof-specialty","Husband","White","Male",0,1740,45,"United-States","small"
31,"Private","10th","Never-married","Other-service","Not-in-family","White","Female",0,0,40,"United-States","small"
44,"Private","5th-6th","Married-civ-spouse","Handlers-cleaners","Husband","White","Male",0,0,40,"Mexico","small"
20,"Private","HS-grad","Married-civ-spouse","Handlers-cleaners","Husband","White","Male",0,0,50,"United-States","small"
55,"Private","HS-grad","Married-civ-spouse","Farming-fishing","Husband","White","Male",0,0,45,"United-States","large"
35,"Federal-gov","Some-college","Divorced","Exec-managerial","Unmarried","Asian-Pac-Islander","Female",0,0,40,"Philippines","small"
60,"Federal-gov","Some-college","Divorced","Prof-specialty","Not-in-family","Amer-Indian-Eskimo","Female",0,0,40,"United-States","small"
23,"Private","HS-grad","Never-married","Exec-managerial","Not-in-family","White","Male",0,0,45,"United-States","small"
30,"Private","Some-college","Married-civ-spouse","Transport-moving","Husband","White","Male",0,0,60,"United-States","small"
47,"Self-emp-not-inc","Bachelors","Married-civ-spouse","Prof-specialty","Husband","White","Male",0,2002,30,"United-States","small"
38,"Local-gov","Bachelors","Married-civ-spouse","Exec-managerial","Husband","White","Male",0,0,40,"United-States","large"
20,"Local-gov","Some-college","Never-married","Farming-fishing","Own-child","White","Male",0,0,40,"United-States","small"
49,"Local-gov","Masters","Separated","Prof-specialty","Unmarried","White","Female",0,0,70,"United-States","small"
28,"Private","12th","Never-married","Sales","Not-in-family","Black","Male",0,0,40,"United-States","small"
43,"Private","Assoc-voc","Married-civ-spouse","Exec-managerial","Husband","White","Male",3103,0,48,"United-States","large"
26,"Private","HS-grad","Never-married","Machine-op-inspct","Not-in-family","White","Male",0,0,40,"United-States","small"
31,"Private","Bachelors","Never-married","Prof-specialty","Not-in-family","White","Female",0,0,40,"United-States","small"
38,"Local-gov","HS-grad","Married-civ-spouse","Adm-clerical","Wife","White","Female",0,0,35,"United-States","large"
44,"Private","Masters","Married-civ-spouse","Prof-specialty","Husband","White","Male",0,0,45,"United-States","large"
61,"Local-gov","Masters","Divorced","Prof-specialty","Not-in-family","White","Female",0,0,40,"United-States","large"
18,"Private","9th","Never-married","Sales","Own-child","Other","Female",0,0,32,"United-States","small"
31,"Self-emp-not-inc","Assoc-voc","Divorced","Craft-repair","Own-child","White","Male",0,0,20,"United-States","small"
50,"Private","HS-grad","Separated","Other-service","Unmarried","White","Female",0,0,35,"United-States","small"
38,"Private","HS-grad","Married-civ-spouse","Tech-support","Husband","White","Male",0,0,40,"United-States","large"
45,"Self-emp-not-inc","Some-college","Never-married","Farming-fishing","Not-in-family","White","Male",0,0,50,"United-States","small"
48,"State-gov","Doctorate","Married-civ-spouse","Prof-specialty","Wife","White","Female",0,1902,46,"United-States","large"
58,"Self-emp-not-inc","10th","Married-civ-spouse","Craft-repair","Husband","White","Male",0,0,40,"United-States","small"
49,"Self-emp-not-inc","Prof-school","Married-civ-spouse","Prof-specialty","Husband","White","Male",99999,0,35,"United-States","large"
51,"Private","HS-grad","Divorced","Exec-managerial","Not-in-family","White","Male",0,0,44,"United-States","small"
25,"Private","Some-college","Married-civ-spouse","Machine-op-inspct","Husband","White","Male",0,0,40,"United-States","small"
33,"Local-gov","Bachelors","Married-civ-spouse","Protective-serv","Husband","Black","Male",0,0,70,"United-States","large"
17,"Local-gov","11th","Never-married","Protective-serv","Own-child","White","Male",0,0,30,"United-States","small"
56,"Private","Bachelors","Married-spouse-absent","Prof-specialty","Unmarried","White","Female",0,0,40,"United-States","small"
47,"Private","Bachelors","Married-civ-spouse","Sales","Husband","White","Male",0,0,60,"United-States","large"
47,"Private","HS-grad","Married-civ-spouse","Craft-repair","Husband","White","Male",0,1977,45,"United-States","large"
36,"Private","HS-grad","Married-civ-spouse","Machine-op-inspct","Husband","White","Male",0,0,40,"United-States","small"
52,"Self-emp-inc","HS-grad","Married-civ-spouse","Exec-managerial","Husband","White","Male",15024,0,40,"United-States","large"
32,"Private","Bachelors","Divorced","Craft-repair","Not-in-family","White","Male",0,0,50,"United-States","large"
55,"Private","HS-grad","Divorced","Sales","Not-in-family","White","Female",0,0,37,"United-States","small"
23,"Private","HS-grad","Divorced","Craft-repair","Not-in-family","White","Male",0,0,40,"United-States","small"
52,"Self-emp-not-inc","HS-grad","Widowed","Other-service","Other-relative","Black","Female",0,0,40,"United-States","small"
53,"Private","Some-college","Widowed","Sales","Unmarried","White","Female",0,0,30,"United-States","small"
36,"Private","10th","Never-married","Craft-repair","Not-in-family","White","Male",0,0,40,"United-States","small"
46,"Self-emp-inc","HS-grad","Married-spouse-absent","Farming-fishing","Not-in-family","White","Male",3325,0,45,"United-States","small"
78,"Self-emp-not-inc","Bachelors","Never-married","Exec-managerial","Not-in-family","White","Male",99999,0,20,"United-States","large"
31,"Private","Preschool","Never-married","Other-service","Other-relative","White","Female",0,0,35,"Mexico","small"
24,"Private","HS-grad","Never-married","Craft-repair","Own-child","White","Male",0,0,40,"United-States","small"
52,"Self-emp-not-inc","Masters","Married-civ-spouse","Exec-managerial","Husband","Asian-Pac-Islander","Male",0,0,40,"Philippines","small"
57,"Self-emp-inc","HS-grad","Married-civ-spouse","Sales","Husband","White","Male",0,1902,30,"United-States","large"
30,"Private","HS-grad","Separated","Adm-clerical","Not-in-family","White","Female",0,0,40,"United-States","small"
46,"Private","HS-grad","Never-married","Craft-repair","Not-in-family","White","Female",0,0,48,"United-States","small"
30,"Local-gov","HS-grad","Married-civ-spouse","Handlers-cleaners","Other-relative","White","Male",0,0,25,"United-States","small"
32,"Private","Some-college","Married-civ-spouse","Exec-managerial","Husband","White","Male",0,0,50,"Germany","small"
39,"Private","Bachelors","Widowed","Prof-specialty","Unmarried","White","Female",0,0,50,"Poland","large"
25,"Private","Assoc-voc","Married-civ-spouse","Sales","Husband","White","Male",0,0,41,"United-States","small"
36,"Private","HS-grad","Married-civ-spouse","Handlers-cleaners","Husband","White","Male",0,0,48,"United-States","small"
54,"Private","5th-6th","Married-civ-spouse","Sales","Husband","White","Male",0,0,51,"United-States","small"
34,"Private","Bachelors","Married-civ-spouse","Exec-managerial","Husband","White","Male",0,0,40,"United-States","large"
51,"Federal-gov","Some-college","Divorced","Prof-specialty","Not-in-family","Black","Female",0,0,40,"United-States","small"
21,"Private","Some-college","Married-civ-spouse","Adm-clerical","Husband","White","Male",0,0,40,"United-States","small"
28,"Private","HS-grad","Married-civ-spouse","Transport-moving","Husband","Black","Male",0,0,40,"United-States","small"
31,"Private","Bachelors","Married-civ-spouse","Sales","Husband","White","Male",0,0,55,"United-States","small"
26,"Private","HS-grad","Married-civ-spouse","Machine-op-inspct","Husband","White","Male",0,0,96,"United-States","small"
38,"Self-emp-not-inc","HS-grad","Married-civ-spouse","Craft-repair","Husband","White","Male",0,0,60,"United-States","small"
39,"Private","Masters","Never-married","Prof-specialty","Not-in-family","White","Male",6849,0,40,"United-States","small"
28,"Private","10th","Never-married","Handlers-cleaners","Other-relative","Black","Male",0,0,40,"United-States","small"
32,"Private","7th-8th","Married-civ-spouse","Craft-repair","Husband","White","Male",0,0,40,"United-States","small"
75,"Self-emp-not-inc","Assoc-voc","Widowed","Exec-managerial","Not-in-family","White","Female",0,0,30,"United-States","small"
35,"Private","11th","Divorced","Transport-moving","Not-in-family","White","Male",0,0,40,"United-States","small"
39,"Private","HS-grad","Married-civ-spouse","Transport-moving","Husband","White","Male",0,0,40,"United-States","small"
45,"Private","Doctorate","Married-civ-spouse","Prof-specialty","Wife","White","Female",0,1977,30,"United-States","large"
44,"Private","7th-8th","Married-civ-spouse","Machine-op-inspct","Husband","Other","Male",0,0,40,"Nicaragua","small"
23,"Private","Some-college","Never-married","Exec-managerial","Not-in-family","White","Male",0,0,45,"United-States","small"
55,"Private","9th","Married-civ-spouse","Machine-op-inspct","Other-relative","Asian-Pac-Islander","Male",0,0,40,"Philippines","small"
36,"Private","Bachelors","Married-civ-spouse","Exec-managerial","Husband","Black","Male",0,0,45,"United-States","large"
17,"Self-emp-not-inc","10th","Never-married","Farming-fishing","Own-child","White","Male",0,0,35,"United-States","small"
19,"Private","Some-college","Never-married","Other-service","Own-child","White","Female",0,0,20,"United-States","small"
25,"Local-gov","Some-college","Married-civ-spouse","Other-service","Husband","White","Male",0,0,40,"United-States","small"
47,"Federal-gov","Bachelors","Married-civ-spouse","Exec-managerial","Wife","White","Female",0,0,40,"United-States","large"
20,"Private","Some-college","Never-married","Prof-specialty","Own-child","White","Male",0,0,15,"United-States","small"
50,"Self-emp-inc","Bachelors","Married-civ-spouse","Exec-managerial","Husband","White","Male",15024,0,60,"United-States","large"
28,"Private","Bachelors","Never-married","Machine-op-inspct","Not-in-family","White","Male",0,0,40,"United-States","small"
32,"Private","HS-grad","Married-civ-spouse","Protective-serv","Husband","White","Male",0,0,40,"United-States","small"
32,"Private","Assoc-voc","Married-civ-spouse","Transport-moving","Husband","White","Male",0,0,40,"United-States","small"
42,"Private","HS-grad","Married-civ-spouse","Craft-repair","Husband","White","Male",0,0,50,"United-States","large"
66,"Private","Some-college","Married-civ-spouse","Sales","Husband","White","Male",0,0,24,"United-States","large"
29,"Private","7th-8th","Married-civ-spouse","Farming-fishing","Husband","White","Male",0,2042,40,"United-States","small"
39,"Private","HS-grad","Married-civ-spouse","Craft-repair","Husband","White","Male",7298,0,40,"United-States","large"
52,"Private","Assoc-voc","Married-civ-spouse","Craft-repair","Husband","White","Male",0,1902,40,"United-States","large"
55,"Federal-gov","Bachelors","Married-civ-spouse","Exec-managerial","Husband","White","Male",0,0,40,"United-States","large"
56,"Private","HS-grad","Married-civ-spouse","Handlers-cleaners","Husband","White","Male",0,0,40,"United-States","large"
46,"Local-gov","Bachelors","Married-civ-spouse","Protective-serv","Husband","White","Male",0,0,40,"United-States","large"
28,"Private","12th","Never-married","Sales","Unmarried","Black","Female",0,0,40,"United-States","small"
51,"Private","Assoc-acdm","Divorced","Exec-managerial","Unmarried","White","Male",0,0,55,"Germany","small"
32,"Private","HS-grad","Married-civ-spouse","Craft-repair","Husband","White","Male",0,0,50,"United-States","large"
36,"Private","Some-college","Never-married","Craft-repair","Not-in-family","Black","Male",0,0,55,"United-States","small"
45,"Private","5th-6th","Divorced","Transport-moving","Unmarried","White","Male",0,0,40,"United-States","small"
32,"Self-emp-inc","Bachelors","Married-civ-spouse","Sales","Husband","White","Male",7688,0,55,"Mexico","large"
32,"Private","HS-grad","Never-married","Handlers-cleaners","Own-child","White","Female",0,0,40,"United-States","small"
23,"Private","Some-college","Separated","Craft-repair","Not-in-family","White","Male",0,0,40,"United-States","small"
25,"Private","HS-grad","Never-married","Other-service","Own-child","White","Female",0,0,25,"United-States","small"
17,"Private","9th","Never-married","Other-service","Own-child","Black","Male",0,0,40,"United-States","small"
29,"Private","Some-college","Married-civ-spouse","Exec-managerial","Husband","White","Male",0,0,40,"United-States","small"
32,"State-gov","Some-college","Divorced","Protective-serv","Unmarried","White","Female",0,1726,38,"United-States","small"
37,"Self-emp-not-inc","Some-college","Never-married","Prof-specialty","Not-in-family","Black","Male",0,0,40,"United-States","small"
22,"Private","HS-grad","Never-married","Sales","Not-in-family","White","Male",0,0,45,"Canada","small"
60,"Private","7th-8th","Divorced","Other-service","Not-in-family","White","Female",0,0,40,"United-States","small"
32,"Private","Assoc-acdm","Never-married","Adm-clerical","Own-child","White","Male",0,0,30,"United-States","small"
50,"Self-emp-not-inc","Bachelors","Married-civ-spouse","Tech-support","Wife","White","Female",0,0,50,"United-States","large"
33,"Private","HS-grad","Never-married","Adm-clerical","Not-in-family","White","Female",0,0,50,"United-States","small"
28,"Private","HS-grad","Married-civ-spouse","Machine-op-inspct","Wife","White","Female",0,0,40,"United-States","small"
37,"Private","Assoc-acdm","Married-civ-spouse","Exec-managerial","Husband","White","Male",7688,0,50,"United-States","large"
32,"Private","HS-grad","Married-civ-spouse","Craft-repair","Husband","White","Male",0,0,40,"United-States","large"
39,"Private","Bachelors","Married-civ-spouse","Tech-support","Husband","White","Male",15024,0,40,"United-States","large"
36,"Self-emp-inc","Some-college","Married-civ-spouse","Exec-managerial","Husband","White","Male",0,0,50,"United-States","large"
57,"Private","Masters","Married-civ-spouse","Exec-managerial","Husband","White","Male",0,0,60,"United-States","large"
42,"Self-emp-inc","HS-grad","Married-civ-spouse","Exec-managerial","Husband","White","Male",0,1977,60,"Italy","large"
31,"Private","Some-college","Never-married","Craft-repair","Not-in-family","White","Male",0,0,40,"United-States","small"
41,"Private","Some-college","Divorced","Adm-clerical","Unmarried","Black","Female",0,0,37,"United-States","small"
45,"Private","Some-college","Divorced","Adm-clerical","Not-in-family","White","Female",0,0,40,"United-States","small"
25,"Private","Bachelors","Separated","Exec-managerial","Not-in-family","White","Male",0,0,40,"United-States","small"
44,"Self-emp-not-inc","Some-college","Married-civ-spouse","Sales","Husband","Asian-Pac-Islander","Male",0,0,80,"Philippines","large"
55,"Private","HS-grad","Married-civ-spouse","Transport-moving","Husband","White","Male",0,0,32,"United-States","small"
42,"Private","Assoc-acdm","Married-spouse-absent","Exec-managerial","Unmarried","Asian-Pac-Islander","Female",0,0,31,"Laos","small"
36,"State-gov","Assoc-voc","Married-spouse-absent","Protective-serv","Own-child","White","Female",0,0,40,"Germany","small"
57,"Self-emp-inc","Bachelors","Married-civ-spouse","Prof-specialty","Husband","White","Male",0,0,45,"United-States","large"
28,"Private","HS-grad","Married-civ-spouse","Exec-managerial","Husband","White","Male",0,0,45,"United-States","large"
31,"Private","HS-grad","Married-civ-spouse","Exec-managerial","Husband","White","Male",0,0,40,"United-States","large"
27,"Private","Assoc-voc","Separated","Adm-clerical","Unmarried","White","Female",0,0,40,"United-States","small"
43,"Self-emp-inc","Some-college","Married-civ-spouse","Exec-managerial","Husband","White","Male",0,0,40,"United-States","small"
34,"Self-emp-not-inc","HS-grad","Married-civ-spouse","Farming-fishing","Husband","White","Male",0,0,45,"United-States","small"
22,"Private","Some-college","Never-married","Tech-support","Not-in-family","White","Female",0,0,60,"United-States","small"
23,"Private","Some-college","Separated","Sales","Own-child","White","Female",0,0,40,"United-States","small"
28,"Local-gov","Assoc-voc","Married-civ-spouse","Protective-serv","Husband","Black","Male",0,0,46,"United-States","small"
33,"Federal-gov","Prof-school","Married-civ-spouse","Prof-specialty","Wife","White","Female",0,0,40,"United-States","large"
45,"Private","HS-grad","Widowed","Machine-op-inspct","Unmarried","Other","Male",0,0,40,"Columbia","small"
52,"Private","HS-grad","Never-married","Sales","Not-in-family","White","Female",0,0,36,"United-States","small"
49,"Private","Some-college","Married-civ-spouse","Machine-op-inspct","Husband","Black","Male",0,0,60,"United-States","small"
49,"Self-emp-inc","Some-college","Married-civ-spouse","Exec-managerial","Husband","White","Male",15024,0,50,"United-States","large"
24,"Federal-gov","Assoc-acdm","Married-civ-spouse","Exec-managerial","Wife","White","Female",0,0,40,"United-States","small"
44,"Self-emp-inc","Doctorate","Married-civ-spouse","Prof-specialty","Husband","White","Male",0,0,60,"United-States","small"
26,"Private","HS-grad","Never-married","Transport-moving","Not-in-family","White","Male",0,0,40,"United-States","small"
39,"Private","Bachelors","Married-civ-spouse","Prof-specialty","Husband","White","Male",0,0,45,"United-States","large"
50,"Private","Bachelors","Married-civ-spouse","Sales","Husband","White","Male",0,0,40,"United-States","large"
24,"Private","Bachelors","Never-married","Sales","Not-in-family","White","Male",0,0,45,"United-States","small"
32,"Private","Bachelors","Married-civ-spouse","Exec-managerial","Husband","White","Male",0,0,40,"United-States","small"
54,"Private","Some-college","Divorced","Adm-clerical","Unmarried","White","Female",0,0,40,"United-States","small"
63,"Private","HS-grad","Widowed","Adm-clerical","Unmarried","White","Female",0,0,40,"United-States","small"
38,"Private","Some-college","Never-married","Adm-clerical","Unmarried","White","Female",6497,0,35,"United-States","small"
40,"Federal-gov","Masters","Never-married","Exec-managerial","Not-in-family","White","Female",14084,0,55,"United-States","large"
37,"Private","HS-grad","Married-civ-spouse","Adm-clerical","Wife","White","Female",0,0,40,"United-States","small"
28,"Private","HS-grad","Married-civ-spouse","Craft-repair","Husband","White","Male",0,0,50,"United-States","small"
51,"Private","7th-8th","Separated","Machine-op-inspct","Not-in-family","Black","Female",0,0,30,"United-States","small"
45,"Self-emp-inc","Prof-school","Divorced","Prof-specialty","Unmarried","White","Male",25236,0,36,"United-States","large"
34,"Self-emp-inc","Bachelors","Divorced","Sales","Unmarried","White","Female",0,0,40,"United-States","small"
40,"Private","10th","Separated","Transport-moving","Own-child","White","Male",0,0,35,"United-States","small"
45,"Private","Masters","Divorced","Prof-specialty","Not-in-family","White","Male",0,0,45,"United-States","small"
24,"Private","HS-grad","Separated","Other-service","Unmarried","Black","Female",0,0,40,"United-States","small"
31,"Private","Bachelors","Never-married","Tech-support","Not-in-family","White","Male",0,0,45,"United-States","small"
47,"Private","HS-grad","Married-civ-spouse","Transport-moving","Husband","White","Male",0,1887,45,"United-States","large"
55,"Private","Some-college","Married-civ-spouse","Craft-repair","Husband","Black","Male",15024,0,40,"United-States","large"
28,"Private","Some-college","Never-married","Adm-clerical","Own-child","White","Female",0,0,26,"United-States","small"
47,"Private","HS-grad","Married-civ-spouse","Transport-moving","Husband","White","Male",0,0,50,"United-States","large"
19,"Private","12th","Never-married","Other-service","Other-relative","White","Female",0,0,30,"United-States","small"
23,"Private","7th-8th","Married-civ-spouse","Transport-moving","Husband","White","Male",0,0,32,"United-States","small"
57,"Self-emp-not-inc","HS-grad","Married-civ-spouse","Craft-repair","Husband","White","Male",0,0,50,"United-States","large"
22,"Local-gov","Some-college","Never-married","Adm-clerical","Not-in-family","Asian-Pac-Islander","Female",0,0,40,"Vietnam","small"
28,"Private","11th","Divorced","Other-service","Unmarried","White","Female",0,0,40,"United-States","small"
52,"Self-emp-not-inc","HS-grad","Married-civ-spouse","Craft-repair","Husband","Asian-Pac-Islander","Male",0,0,40,"United-States","small"
44,"Private","Some-college","Married-civ-spouse","Machine-op-inspct","Husband","White","Male",3103,0,40,"United-States","large"
17,"Private","11th","Never-married","Other-service","Own-child","White","Male",0,0,25,"United-States","small"
35,"Private","HS-grad","Married-civ-spouse","Machine-op-inspct","Husband","White","Male",0,0,40,"United-States","small"
35,"Private","HS-grad","Married-civ-spouse","Machine-op-inspct","Wife","Black","Female",0,0,40,"United-States","small"
50,"Private","Some-college","Married-civ-spouse","Sales","Husband","White","Male",0,0,60,"United-States","small"
30,"Private","Some-college","Divorced","Adm-clerical","Unmarried","White","Male",0,0,40,"United-States","small"
22,"Private","Bachelors","Never-married","Adm-clerical","Own-child","White","Female",0,0,40,"United-States","small"
41,"Local-gov","Some-college","Married-civ-spouse","Craft-repair","Husband","White","Male",0,0,40,"United-States","small"
61,"Private","Some-college","Married-civ-spouse","Sales","Husband","White","Male",0,0,45,"United-States","large"
49,"Private","HS-grad","Divorced","Adm-clerical","Not-in-family","White","Female",0,0,40,"United-States","small"
40,"Private","HS-grad","Never-married","Sales","Own-child","Black","Male",0,0,40,"United-States","small"
18,"Private","10th","Never-married","Other-service","Other-relative","White","Female",0,0,40,"United-States","small"
58,"Federal-gov","10th","Married-civ-spouse","Craft-repair","Husband","White","Male",0,0,40,"United-States","small"
33,"Local-gov","Masters","Married-civ-spouse","Prof-specialty","Wife","White","Female",7688,0,35,"United-States","large"
45,"Private","12th","Married-civ-spouse","Craft-repair","Husband","White","Male",0,0,40,"United-States","small"
27,"Private","Some-college","Married-civ-spouse","Handlers-cleaners","Husband","White","Male",0,0,30,"United-States","small"
22,"State-gov","Some-college","Married-civ-spouse","Adm-clerical","Wife","White","Female",0,0,20,"United-States","small"
57,"Self-emp-not-inc","Some-college","Married-civ-spouse","Craft-repair","Husband","White","Male",3137,0,40,"United-States","small"
34,"Self-emp-not-inc","7th-8th","Never-married","Craft-repair","Own-child","White","Male",0,0,40,"United-States","small"
26,"Private","Bachelors","Never-married","Tech-support","Not-in-family","White","Male",0,0,40,"United-States","small"
32,"Private","Prof-school","Married-civ-spouse","Prof-specialty","Wife","Asian-Pac-Islander","Female",15024,0,50,"United-States","large"
59,"Private","HS-grad","Never-married","Adm-clerical","Not-in-family","White","Male",0,0,50,"Guatemala","small"
46,"Private","7th-8th","Married-civ-spouse","Other-service","Husband","Asian-Pac-Islander","Male",0,1651,40,"China","small"
48,"Private","HS-grad","Married-civ-spouse","Adm-clerical","Husband","White","Male",0,0,70,"United-States","large"
46,"Private","Assoc-voc","Married-civ-spouse","Exec-managerial","Husband","White","Male",0,0,40,"United-States","large"
46,"Private","HS-grad","Divorced","Transport-moving","Not-in-family","White","Male",0,0,54,"United-States","small"
18,"State-gov","11th","Never-married","Other-service","Own-child","White","Male",0,0,8,"United-States","small"
29,"Private","Some-college","Never-married","Machine-op-inspct","Own-child","White","Male",0,0,45,"United-States","small"
53,"Private","Some-college","Married-civ-spouse","Exec-managerial","Husband","White","Male",0,0,45,"United-States","large"
37,"Private","Assoc-voc","Married-civ-spouse","Machine-op-inspct","Husband","White","Male",0,0,42,"United-States","large"
34,"Private","11th","Divorced","Handlers-cleaners","Not-in-family","White","Male",0,0,43,"United-States","small"
70,"Local-gov","Some-college","Widowed","Adm-clerical","Not-in-family","White","Female",0,0,17,"United-States","small"
32,"Private","Bachelors","Never-married","Sales","Not-in-family","White","Female",0,1590,40,"United-States","small"
20,"Private","HS-grad","Never-married","Sales","Not-in-family","White","Male",0,0,30,"United-States","small"
45,"Private","Bachelors","Married-civ-spouse","Exec-managerial","Husband","Asian-Pac-Islander","Male",0,0,60,"China","large"
28,"Private","12th","Married-civ-spouse","Machine-op-inspct","Other-relative","Other","Male",0,0,40,"Ecuador","small"
30,"Private","Some-college","Married-civ-spouse","Other-service","Wife","White","Female",0,0,40,"United-States","small"
36,"Self-emp-not-inc","HS-grad","Married-civ-spouse","Farming-fishing","Husband","White","Male",0,1977,65,"United-States","large"
33,"Private","Assoc-voc","Married-civ-spouse","Machine-op-inspct","Husband","White","Male",0,0,50,"United-States","small"
44,"Private","Some-college","Married-civ-spouse","Craft-repair","Husband","White","Male",7688,0,45,"United-States","large"
49,"Self-emp-inc","Some-college","Married-civ-spouse","Exec-managerial","Husband","White","Male",15024,0,50,"United-States","large"
29,"Private","HS-grad","Never-married","Adm-clerical","Not-in-family","White","Female",0,0,44,"United-States","small"
37,"Private","HS-grad","Married-civ-spouse","Other-service","Husband","White","Male",0,0,44,"United-States","large"
35,"Private","10th","Married-civ-spouse","Craft-repair","Husband","White","Male",0,0,40,"United-States","small"
28,"Private","HS-grad","Married-civ-spouse","Machine-op-inspct","Own-child","White","Male",0,0,40,"United-States","small"
34,"Private","HS-grad","Never-married","Adm-clerical","Not-in-family","White","Female",0,0,36,"United-States","small"
21,"Private","HS-grad","Never-married","Machine-op-inspct","Own-child","White","Male",0,0,40,"United-States","small"
35,"Private","HS-grad","Never-married","Other-service","Own-child","White","Male",0,0,30,"United-States","small"
31,"Private","HS-grad","Never-married","Transport-moving","Unmarried","Black","Female",0,0,30,"United-States","small"
49,"Private","Some-college","Never-married","Exec-managerial","Unmarried","White","Female",0,0,40,"United-States","small"
31,"Private","HS-grad","Married-civ-spouse","Transport-moving","Husband","White","Male",0,0,40,"United-States","small"
41,"Local-gov","Assoc-voc","Divorced","Adm-clerical","Unmarried","White","Female",0,0,44,"United-States","small"
52,"Private","Assoc-voc","Married-civ-spouse","Exec-managerial","Husband","White","Male",0,0,40,"United-States","large"
32,"Private","Bachelors","Never-married","Exec-managerial","Not-in-family","White","Male",0,0,55,"United-States","large"
43,"Private","Bachelors","Married-civ-spouse","Exec-managerial","Husband","White","Male",0,0,45,"United-States","large"
18,"Local-gov","7th-8th","Never-married","Farming-fishing","Own-child","White","Male",0,0,40,"United-States","small"
29,"Self-emp-not-inc","Some-college","Divorced","Craft-repair","Not-in-family","White","Male",2202,0,50,"United-States","small"
23,"Private","HS-grad","Never-married","Sales","Not-in-family","White","Female",0,0,40,"United-States","small"
41,"Local-gov","HS-grad","Divorced","Prof-specialty","Unmarried","Asian-Pac-Islander","Female",0,0,40,"United-States","small"
40,"Private","Some-college","Married-civ-spouse","Other-service","Wife","White","Female",0,0,40,"Scotland","small"
58,"Private","Bachelors","Widowed","Exec-managerial","Unmarried","White","Male",8614,0,40,"United-States","large"
48,"Private","HS-grad","Married-civ-spouse","Transport-moving","Husband","White","Male",0,0,55,"United-States","large"
37,"Private","HS-grad","Married-civ-spouse","Exec-managerial","Husband","White","Male",0,1902,55,"United-States","large"
33,"Private","HS-grad","Never-married","Machine-op-inspct","Unmarried","Black","Female",0,0,40,"United-States","small"
58,"State-gov","HS-grad","Married-civ-spouse","Adm-clerical","Husband","Black","Male",0,0,40,"United-States","large"
36,"Private","Bachelors","Married-civ-spouse","Sales","Husband","White","Male",0,1977,35,"United-States","large"
38,"Local-gov","Bachelors","Married-civ-spouse","Exec-managerial","Husband","White","Male",0,0,42,"United-States","large"
28,"Private","Bachelors","Never-married","Prof-specialty","Own-child","White","Female",0,0,15,"United-States","small"
55,"Local-gov","Bachelors","Widowed","Prof-specialty","Not-in-family","White","Female",0,0,48,"United-States","small"
47,"Private","9th","Married-spouse-absent","Handlers-cleaners","Unmarried","White","Male",0,0,40,"El-Salvador","small"
38,"Self-emp-not-inc","Some-college","Married-civ-spouse","Prof-specialty","Husband","White","Male",3137,0,50,"United-States","small"
25,"Private","Bachelors","Married-civ-spouse","Prof-specialty","Husband","White","Male",0,0,40,"United-States","small"
32,"Private","Some-college","Never-married","Adm-clerical","Not-in-family","White","Female",0,0,40,"United-States","small"
51,"Self-emp-not-inc","7th-8th","Married-civ-spouse","Exec-managerial","Husband","White","Male",0,0,42,"United-States","small"
32,"Private","HS-grad","Married-civ-spouse","Craft-repair","Husband","White","Male",3781,0,40,"United-States","small"
34,"Private","Some-college","Married-civ-spouse","Tech-support","Husband","White","Male",0,0,40,"United-States","large"
41,"State-gov","HS-grad","Married-civ-spouse","Transport-moving","Husband","Black","Male",0,0,40,"United-States","small"
32,"Private","12th","Married-civ-spouse","Machine-op-inspct","Husband","White","Male",0,0,40,"Mexico","small"
58,"Self-emp-inc","Assoc-voc","Divorced","Sales","Not-in-family","White","Male",2202,0,56,"United-States","small"
23,"Private","11th","Separated","Other-service","Unmarried","White","Female",0,0,40,"United-States","small"
31,"Private","HS-grad","Married-civ-spouse","Other-service","Husband","White","Male",0,0,35,"United-States","small"
60,"Private","HS-grad","Divorced","Tech-support","Unmarried","White","Female",2597,0,40,"United-States","small"
29,"Local-gov","Bachelors","Never-married","Protective-serv","Not-in-family","White","Male",0,0,56,"United-States","small"
38,"Private","HS-grad","Married-civ-spouse","Machine-op-inspct","Husband","White","Male",0,0,48,"United-States","small"
23,"Private","Some-college","Never-married","Adm-clerical","Own-child","White","Male",0,0,40,"United-States","small"
48,"Private","HS-grad","Married-civ-spouse","Sales","Husband","White","Male",0,0,40,"United-States","small"
50,"Private","Bachelors","Married-civ-spouse","Craft-repair","Husband","White","Male",0,0,50,"United-States","small"
36,"Private","HS-grad","Married-civ-spouse","Craft-repair","Husband","White","Male",0,0,52,"United-States","small"
41,"Private","HS-grad","Divorced","Sales","Unmarried","White","Female",0,0,40,"United-States","small"
65,"Private","7th-8th","Married-civ-spouse","Craft-repair","Husband","White","Male",0,0,40,"United-States","small"
25,"Private","Some-college","Never-married","Sales","Own-child","White","Male",0,0,42,"United-States","small"
65,"Private","HS-grad","Married-civ-spouse","Farming-fishing","Husband","White","Male",0,0,24,"United-States","small"
30,"Self-emp-not-inc","Some-college","Married-civ-spouse","Adm-clerical","Wife","White","Female",0,0,55,"United-States","large"
38,"Private","Some-college","Married-civ-spouse","Exec-managerial","Wife","White","Female",0,0,38,"United-States","large"
34,"Private","Bachelors","Married-civ-spouse","Exec-managerial","Husband","White","Male",0,0,40,"United-States","small"
21,"Private","HS-grad","Never-married","Handlers-cleaners","Not-in-family","White","Male",0,0,40,"United-States","small"
43,"Private","HS-grad","Married-civ-spouse","Machine-op-inspct","Wife","Black","Female",0,0,21,"Trinadad&Tobago","small"
28,"Private","Some-college","Never-married","Adm-clerical","Unmarried","Black","Female",0,0,40,"United-States","small"
41,"Private","Assoc-acdm","Married-civ-spouse","Exec-managerial","Wife","White","Female",0,0,50,"United-States","large"
45,"Private","Assoc-acdm","Married-civ-spouse","Craft-repair","Husband","White","Male",0,0,45,"United-States","large"
42,"Private","Bachelors","Married-civ-spouse","Prof-specialty","Wife","White","Female",0,0,55,"United-States","small"
54,"Local-gov","HS-grad","Married-civ-spouse","Transport-moving","Husband","Black","Male",0,0,40,"United-States","small"
17,"Private","12th","Never-married","Other-service","Own-child","White","Male",0,0,16,"United-States","small"
50,"Private","Bachelors","Married-civ-spouse","Exec-managerial","Husband","White","Male",0,0,40,"United-States","large"
51,"Private","HS-grad","Married-civ-spouse","Craft-repair","Husband","White","Male",0,0,40,"United-States","small"
40,"Private","HS-grad","Never-married","Other-service","Not-in-family","White","Male",0,0,40,"United-States","small"
46,"Private","HS-grad","Married-civ-spouse","Craft-repair","Husband","Black","Male",0,1902,40,"United-States","large"
40,"Private","11th","Separated","Machine-op-inspct","Not-in-family","Black","Male",0,0,36,"United-States","small"
35,"Self-emp-not-inc","HS-grad","Divorced","Craft-repair","Own-child","Amer-Indian-Eskimo","Male",0,0,15,"United-States","small"
36,"Private","HS-grad","Married-civ-spouse","Other-service","Husband","White","Male",0,0,50,"United-States","small"
24,"Private","HS-grad","Married-civ-spouse","Craft-repair","Husband","White","Male",0,0,40,"United-States","small"
44,"Private","1st-4th","Never-married","Other-service","Own-child","White","Male",0,0,10,"United-States","small"
28,"Private","Prof-school","Never-married","Prof-specialty","Not-in-family","White","Male",0,0,60,"United-States","small"
55,"Local-gov","Prof-school","Divorced","Prof-specialty","Not-in-family","White","Female",0,0,39,"United-States","small"
33,"State-gov","HS-grad","Married-civ-spouse","Tech-support","Husband","White","Male",0,0,40,"United-States","small"
58,"Self-emp-inc","HS-grad","Married-civ-spouse","Sales","Wife","White","Female",15024,0,35,"United-States","large"
38,"Private","HS-grad","Married-civ-spouse","Exec-managerial","Other-relative","White","Male",0,0,40,"United-States","large"
31,"Private","HS-grad","Married-civ-spouse","Adm-clerical","Husband","White","Male",0,0,40,"United-States","small"
41,"Self-emp-not-inc","Masters","Married-civ-spouse","Exec-managerial","Husband","White","Male",7298,0,70,"United-States","large"
36,"Private","HS-grad","Married-civ-spouse","Craft-repair","Husband","White","Male",0,0,40,"United-States","large"
44,"Private","Bachelors","Married-civ-spouse","Prof-specialty","Husband","White","Male",0,0,55,"United-States","large"
31,"Private","HS-grad","Married-civ-spouse","Machine-op-inspct","Husband","White","Male",0,0,40,"United-States","large"
45,"Private","Bachelors","Divorced","Adm-clerical","Unmarried","White","Female",0,0,40,"Germany","small"
59,"Self-emp-not-inc","HS-grad","Married-civ-spouse","Sales","Husband","White","Male",0,0,60,"United-States","small"
52,"Self-emp-not-inc","HS-grad","Never-married","Prof-specialty","Not-in-family","White","Male",0,0,50,"United-States","small"
58,"Private","Doctorate","Married-civ-spouse","Prof-specialty","Husband","White","Male",0,0,50,"United-States","large"
24,"Private","HS-grad","Never-married","Exec-managerial","Other-relative","White","Male",4101,0,50,"United-States","small"
35,"Private","HS-grad","Divorced","Farming-fishing","Not-in-family","White","Male",0,0,65,"United-States","small"
55,"Self-emp-not-inc","Some-college","Married-civ-spouse","Farming-fishing","Husband","White","Male",0,0,99,"United-States","large"
66,"Self-emp-inc","Bachelors","Married-civ-spouse","Exec-managerial","Husband","White","Male",10605,0,40,"United-States","large"
18,"Private","11th","Never-married","Handlers-cleaners","Own-child","White","Male",0,0,12,"United-States","small"
59,"Federal-gov","Bachelors","Married-spouse-absent","Exec-managerial","Not-in-family","White","Female",0,0,40,"United-States","small"
17,"Private","Some-college","Never-married","Craft-repair","Own-child","White","Male",0,0,16,"United-States","small"
39,"Self-emp-inc","Masters","Married-civ-spouse","Prof-specialty","Wife","White","Female",0,0,40,"United-States","large"
30,"Private","HS-grad","Married-civ-spouse","Transport-moving","Husband","White","Male",0,0,40,"United-States","small"
49,"Private","HS-grad","Divorced","Machine-op-inspct","Not-in-family","White","Male",0,0,40,"United-States","small"
45,"Private","HS-grad","Divorced","Other-service","Not-in-family","White","Male",0,1980,40,"United-States","small"
21,"Private","Some-college","Never-married","Tech-support","Not-in-family","White","Female",0,0,50,"United-States","small"
56,"Private","7th-8th","Married-civ-spouse","Machine-op-inspct","Wife","White","Female",5013,0,45,"United-States","small"
37,"Private","HS-grad","Married-civ-spouse","Exec-managerial","Husband","White","Male",0,0,40,"United-States","large"
39,"Private","Bachelors","Married-civ-spouse","Exec-managerial","Husband","White","Male",0,0,45,"United-States","large"
41,"Private","Bachelors","Married-civ-spouse","Exec-managerial","Husband","White","Male",0,0,40,"United-States","large"
58,"Private","9th","Married-civ-spouse","Handlers-cleaners","Husband","White","Male",0,0,50,"United-States","large"
54,"Private","HS-grad","Married-civ-spouse","Craft-repair","Husband","White","Male",0,0,40,"United-States","large"
47,"Private","7th-8th","Married-civ-spouse","Craft-repair","Husband","White","Male",0,0,40,"Mexico","small"
24,"State-gov","Some-college","Never-married","Tech-support","Not-in-family","White","Male",0,0,50,"United-States","small"
36,"State-gov","Some-college","Never-married","Tech-support","Unmarried","Black","Female",0,0,40,"United-States","small"
42,"Local-gov","Bachelors","Married-civ-spouse","Prof-specialty","Wife","White","Female",0,0,45,"United-States","large"
32,"Private","Bachelors","Never-married","Exec-managerial","Not-in-family","White","Male",0,0,40,"United-States","small"
32,"Private","Some-college","Never-married","Craft-repair","Own-child","White","Male",0,0,40,"United-States","small"
57,"Private","Assoc-acdm","Divorced","Machine-op-inspct","Not-in-family","White","Male",0,0,75,"United-States","small"
27,"Private","Bachelors","Never-married","Adm-clerical","Not-in-family","White","Male",0,0,35,"United-States","small"
37,"Private","Assoc-voc","Divorced","Tech-support","Own-child","White","Male",0,0,40,"United-States","small"
50,"Local-gov","HS-grad","Married-civ-spouse","Craft-repair","Husband","White","Male",0,1977,35,"United-States","large"
39,"Private","HS-grad","Married-civ-spouse","Handlers-cleaners","Husband","White","Male",0,0,40,"United-States","small"
27,"Private","Prof-school","Never-married","Prof-specialty","Not-in-family","White","Female",0,0,65,"United-States","large"
47,"Self-emp-not-inc","HS-grad","Married-civ-spouse","Farming-fishing","Husband","White","Male",0,0,56,"United-States","large"
39,"Self-emp-not-inc","HS-grad","Never-married","Sales","Other-relative","White","Female",0,0,4,"United-States","small"
63,"Self-emp-not-inc","Masters","Married-civ-spouse","Farming-fishing","Husband","White","Male",41310,0,50,"United-States","small"
34,"Private","HS-grad","Married-civ-spouse","Exec-managerial","Husband","White","Male",0,0,40,"United-States","small"
36,"Self-emp-not-inc","HS-grad","Married-civ-spouse","Farming-fishing","Husband","White","Male",0,0,70,"United-States","small"
19,"Private","Some-college","Never-married","Adm-clerical","Own-child","White","Female",0,0,20,"United-States","small"
55,"Private","HS-grad","Married-civ-spouse","Machine-op-inspct","Husband","White","Male",0,0,40,"United-States","large"
29,"Private","HS-grad","Never-married","Adm-clerical","Not-in-family","White","Female",0,0,40,"United-States","small"
36,"Private","Some-college","Divorced","Sales","Not-in-family","White","Female",3325,0,45,"United-States","small"
38,"Private","HS-grad","Never-married","Adm-clerical","Unmarried","White","Female",0,0,40,"United-States","small"
51,"Private","HS-grad","Divorced","Prof-specialty","Unmarried","White","Male",0,0,40,"United-States","small"
32,"Private","Some-college","Married-civ-spouse","Protective-serv","Husband","Black","Male",0,0,16,"United-States","small"
31,"Private","Bachelors","Married-civ-spouse","Exec-managerial","Husband","White","Male",0,1977,55,"United-States","large"
56,"Local-gov","Some-college","Divorced","Exec-managerial","Not-in-family","White","Female",0,0,40,"United-States","small"
56,"Private","HS-grad","Married-civ-spouse","Sales","Wife","White","Female",0,0,35,"United-States","small"
38,"Private","12th","Never-married","Other-service","Unmarried","White","Female",0,0,17,"United-States","small"
30,"Private","Bachelors","Married-civ-spouse","Exec-managerial","Husband","White","Male",99999,0,50,"United-States","large"
27,"Private","Some-college","Married-civ-spouse","Sales","Husband","White","Male",0,0,40,"United-States","small"
36,"Private","HS-grad","Married-civ-spouse","Transport-moving","Husband","White","Male",0,0,70,"United-States","large"
41,"Private","Masters","Never-married","Exec-managerial","Not-in-family","White","Male",27828,0,50,"United-States","large"
26,"Private","Some-college","Never-married","Other-service","Other-relative","White","Male",0,0,40,"Nicaragua","small"
33,"Private","Assoc-voc","Married-civ-spouse","Farming-fishing","Husband","White","Male",0,0,45,"United-States","small"
21,"Private","HS-grad","Never-married","Farming-fishing","Own-child","White","Male",0,0,24,"United-States","small"
18,"Private","11th","Never-married","Adm-clerical","Own-child","White","Female",0,0,20,"United-States","small"
50,"Federal-gov","Some-college","Married-civ-spouse","Exec-managerial","Husband","White","Male",0,0,40,"United-States","large"
47,"Private","HS-grad","Divorced","Other-service","Unmarried","White","Female",0,0,37,"Puerto-Rico","small"
35,"Private","Some-college","Never-married","Craft-repair","Not-in-family","White","Male",0,0,45,"Germany","small"
68,"Local-gov","HS-grad","Widowed","Protective-serv","Not-in-family","White","Male",0,1668,20,"United-States","small"
39,"Private","Bachelors","Married-civ-spouse","Prof-specialty","Wife","White","Female",7688,0,32,"United-States","large"
32,"Private","Bachelors","Never-married","Prof-specialty","Own-child","White","Male",0,0,40,"United-States","small"
26,"Private","HS-grad","Never-married","Other-service","Not-in-family","White","Male",0,0,40,"Mexico","small"
49,"Self-emp-not-inc","HS-grad","Married-civ-spouse","Sales","Husband","White","Male",0,0,60,"Greece","small"
20,"Private","Some-college","Married-civ-spouse","Sales","Husband","Black","Male",0,0,35,"United-States","small"
38,"Private","Bachelors","Married-civ-spouse","Sales","Husband","White","Male",0,0,40,"United-States","large"
29,"Self-emp-not-inc","HS-grad","Separated","Craft-repair","Not-in-family","White","Male",0,0,35,"United-States","small"
34,"Private","HS-grad","Separated","Handlers-cleaners","Unmarried","White","Female",0,0,40,"United-States","small"
26,"Private","Assoc-acdm","Never-married","Adm-clerical","Not-in-family","White","Female",0,0,8,"United-States","small"
19,"Private","HS-grad","Never-married","Other-service","Other-relative","Black","Male",0,0,40,"United-States","small"
24,"Private","Bachelors","Never-married","Sales","Not-in-family","White","Male",0,0,30,"United-States","small"
28,"Private","Prof-school","Never-married","Prof-specialty","Not-in-family","Black","Male",0,0,50,"United-States","small"
59,"Private","HS-grad","Divorced","Craft-repair","Not-in-family","White","Male",0,0,38,"United-States","large"
48,"Local-gov","HS-grad","Married-civ-spouse","Craft-repair","Husband","White","Male",0,0,60,"United-States","small"
46,"State-gov","HS-grad","Separated","Adm-clerical","Unmarried","White","Female",0,0,38,"United-States","small"
47,"Self-emp-not-inc","Bachelors","Divorced","Sales","Not-in-family","White","Male",0,0,50,"United-States","small"
52,"Private","Some-college","Married-civ-spouse","Exec-managerial","Husband","White","Male",15024,0,55,"Canada","large"
31,"State-gov","Assoc-acdm","Married-civ-spouse","Tech-support","Husband","White","Male",0,0,40,"United-States","large"
19,"Private","Some-college","Never-married","Other-service","Own-child","White","Female",0,0,15,"United-States","small"
48,"Private","Bachelors","Divorced","Priv-house-serv","Not-in-family","White","Female",0,0,44,"Germany","small"
28,"Private","HS-grad","Married-civ-spouse","Exec-managerial","Husband","White","Male",0,0,40,"United-States","small"
46,"Local-gov","Assoc-acdm","Married-civ-spouse","Exec-managerial","Husband","White","Male",0,0,44,"United-States","large"
20,"Private","Some-college","Never-married","Sales","Own-child","Black","Female",0,0,20,"United-States","small"
39,"Private","Some-college","Divorced","Adm-clerical","Unmarried","Black","Female",0,0,40,"United-States","small"
35,"Private","HS-grad","Married-civ-spouse","Farming-fishing","Husband","White","Male",0,0,40,"United-States","small"
41,"Private","HS-grad","Married-civ-spouse","Craft-repair","Husband","White","Male",0,0,40,"United-States","small"
60,"Local-gov","11th","Married-civ-spouse","Transport-moving","Husband","White","Male",0,0,20,"United-States","small"
23,"Private","Some-college","Divorced","Sales","Own-child","Black","Female",0,0,40,"United-States","small"
45,"Private","Some-college","Widowed","Exec-managerial","Unmarried","White","Female",0,0,55,"United-States","small"
42,"Private","Bachelors","Married-civ-spouse","Exec-managerial","Husband","White","Male",0,0,40,"United-States","small"
36,"Private","HS-grad","Married-civ-spouse","Transport-moving","Husband","White","Male",7298,0,60,"United-States","large"
23,"Private","Assoc-acdm","Never-married","Sales","Own-child","Black","Female",0,0,36,"United-States","small"
21,"Private","Some-college","Never-married","Tech-support","Own-child","White","Male",0,0,35,"United-States","small"
37,"Private","HS-grad","Married-civ-spouse","Machine-op-inspct","Husband","White","Male",0,0,46,"United-States","small"
46,"Private","Assoc-voc","Married-civ-spouse","Craft-repair","Husband","Black","Male",0,0,40,"United-States","large"
32,"Private","HS-grad","Married-civ-spouse","Machine-op-inspct","Husband","White","Male",0,0,40,"United-States","large"
25,"State-gov","HS-grad","Never-married","Adm-clerical","Own-child","White","Female",0,0,40,"United-States","small"
34,"Private","Some-college","Divorced","Adm-clerical","Not-in-family","White","Female",0,0,40,"United-States","small"
66,"Federal-gov","10th","Married-civ-spouse","Craft-repair","Husband","White","Male",3471,0,40,"United-States","small"
18,"Private","11th","Never-married","Prof-specialty","Own-child","White","Male",0,0,20,"United-States","small"
44,"Private","7th-8th","Married-civ-spouse","Machine-op-inspct","Husband","White","Male",0,0,40,"United-States","small"
43,"Private","HS-grad","Married-civ-spouse","Machine-op-inspct","Husband","White","Male",0,1977,52,"United-States","large"
59,"Private","Prof-school","Married-spouse-absent","Prof-specialty","Unmarried","White","Male",0,0,50,"United-States","small"
34,"Private","HS-grad","Married-civ-spouse","Machine-op-inspct","Husband","White","Male",0,0,44,"United-States","large"
70,"Self-emp-not-inc","Bachelors","Married-civ-spouse","Prof-specialty","Husband","White","Male",20051,0,35,"United-States","large"
39,"State-gov","HS-grad","Separated","Adm-clerical","Unmarried","White","Female",0,625,35,"United-States","small"
63,"Private","Some-college","Married-civ-spouse","Protective-serv","Husband","White","Male",0,0,40,"United-States","small"
65,"Local-gov","HS-grad","Married-civ-spouse","Craft-repair","Husband","White","Male",0,0,40,"United-States","small"
50,"Self-emp-not-inc","Bachelors","Divorced","Exec-managerial","Not-in-family","White","Male",0,0,30,"United-States","small"
48,"Local-gov","Bachelors","Divorced","Prof-specialty","Unmarried","White","Female",0,0,60,"United-States","small"
33,"Private","Bachelors","Never-married","Sales","Not-in-family","White","Female",0,0,40,"United-States","small"
38,"Private","Bachelors","Married-civ-spouse","Sales","Husband","White","Male",0,0,50,"United-States","large"
39,"Private","Assoc-voc","Divorced","Adm-clerical","Unmarried","Black","Female",0,0,40,"United-States","small"
37,"Self-emp-not-inc","Bachelors","Married-civ-spouse","Tech-support","Husband","White","Male",0,0,40,"United-States","large"
48,"Private","Bachelors","Divorced","Sales","Unmarried","White","Male",0,0,40,"United-States","large"
48,"Private","10th","Married-civ-spouse","Transport-moving","Husband","White","Male",0,0,40,"United-States","large"
39,"State-gov","Assoc-voc","Never-married","Exec-managerial","Unmarried","White","Female",0,0,50,"United-States","small"
18,"Private","Some-college","Never-married","Other-service","Own-child","White","Female",0,0,16,"United-States","small"
35,"Private","Some-college","Married-civ-spouse","Sales","Husband","White","Male",0,0,40,"United-States","small"
61,"Self-emp-not-inc","Prof-school","Married-civ-spouse","Prof-specialty","Husband","White","Male",0,0,35,"United-States","large"
28,"Private","11th","Never-married","Adm-clerical","Not-in-family","White","Male",0,0,40,"United-States","small"
37,"Private","Bachelors","Married-civ-spouse","Exec-managerial","Wife","White","Female",0,0,37,"United-States","large"
25,"Private","10th","Married-civ-spouse","Other-service","Wife","White","Female",0,0,40,"United-States","small"
74,"Private","Some-college","Married-civ-spouse","Sales","Husband","White","Male",0,0,20,"United-States","large"
26,"Self-emp-not-inc","HS-grad","Divorced","Farming-fishing","Unmarried","White","Male",0,0,65,"United-States","small"
34,"Private","Assoc-acdm","Never-married","Sales","Unmarried","White","Male",0,0,50,"United-States","small"
25,"Private","Some-college","Never-married","Exec-managerial","Own-child","Asian-Pac-Islander","Male",0,0,40,"China","small"
57,"Self-emp-not-inc","HS-grad","Married-civ-spouse","Craft-repair","Husband","White","Male",0,0,50,"United-States","small"
52,"Private","11th","Married-civ-spouse","Craft-repair","Husband","White","Male",0,0,40,"United-States","large"
27,"Private","Bachelors","Never-married","Sales","Own-child","White","Male",0,0,35,"United-States","small"
54,"Private","Some-college","Married-civ-spouse","Handlers-cleaners","Husband","Black","Male",0,0,40,"United-States","small"
38,"Private","Assoc-voc","Married-civ-spouse","Craft-repair","Husband","White","Male",0,0,50,"United-States","small"
58,"Private","11th","Widowed","Other-service","Not-in-family","White","Female",0,0,40,"United-States","small"
56,"Self-emp-not-inc","Some-college","Married-civ-spouse","Exec-managerial","Husband","White","Male",0,0,50,"United-States","large"
52,"Private","HS-grad","Never-married","Sales","Not-in-family","White","Male",0,1876,50,"United-States","small"
23,"Private","HS-grad","Never-married","Craft-repair","Unmarried","White","Female",0,0,33,"United-States","small"
81,"Private","1st-4th","Married-civ-spouse","Prof-specialty","Husband","White","Male",0,0,15,"Poland","small"
47,"Private","10th","Married-civ-spouse","Sales","Husband","White","Male",0,0,65,"United-States","small"
63,"Private","10th","Married-civ-spouse","Adm-clerical","Husband","White","Male",0,0,45,"United-States","small"
21,"Private","Some-college","Never-married","Adm-clerical","Own-child","White","Male",0,0,30,"United-States","small"
45,"Local-gov","HS-grad","Never-married","Adm-clerical","Unmarried","White","Female",0,0,40,"United-States","small"
62,"Self-emp-not-inc","HS-grad","Married-civ-spouse","Craft-repair","Husband","White","Male",0,1740,40,"United-States","small"
22,"Private","Assoc-voc","Never-married","Other-service","Not-in-family","White","Female",0,0,30,"United-States","small"
20,"Private","HS-grad","Married-civ-spouse","Sales","Other-relative","White","Male",0,0,20,"United-States","small"
31,"Private","HS-grad","Married-civ-spouse","Transport-moving","Husband","White","Male",0,0,38,"United-States","small"
42,"Private","5th-6th","Separated","Adm-clerical","Other-relative","White","Male",0,0,40,"El-Salvador","small"
38,"Private","Some-college","Divorced","Adm-clerical","Unmarried","White","Female",0,0,40,"United-States","small"
23,"Private","Bachelors","Never-married","Tech-support","Not-in-family","White","Male",0,0,40,"United-States","small"
53,"Private","HS-grad","Widowed","Machine-op-inspct","Not-in-family","White","Female",0,0,40,"United-States","small"
38,"Private","HS-grad","Divorced","Prof-specialty","Not-in-family","White","Male",0,0,45,"United-States","small"
57,"Self-emp-not-inc","Doctorate","Married-civ-spouse","Sales","Husband","White","Male",0,1902,40,"United-States","large"
45,"Private","Bachelors","Married-civ-spouse","Sales","Husband","White","Male",0,1887,60,"United-States","large"
27,"Private","HS-grad","Married-civ-spouse","Adm-clerical","Wife","Black","Female",0,1887,40,"United-States","large"
34,"Private","11th","Married-civ-spouse","Handlers-cleaners","Husband","White","Male",0,0,40,"United-States","small"
62,"Private","Some-college","Married-civ-spouse","Other-service","Husband","White","Male",0,0,40,"United-States","small"
54,"Private","Masters","Married-civ-spouse","Prof-specialty","Husband","Asian-Pac-Islander","Male",7298,0,40,"India","large"
38,"Private","Some-college","Married-civ-spouse","Other-service","Wife","White","Female",0,0,40,"United-States","small"
38,"Private","11th","Married-civ-spouse","Handlers-cleaners","Husband","White","Male",0,0,48,"United-States","large"
32,"Private","HS-grad","Married-civ-spouse","Craft-repair","Husband","White","Male",5178,0,48,"United-States","large"
19,"Private","Some-college","Never-married","Handlers-cleaners","Own-child","White","Male",0,0,16,"United-States","small"
19,"Self-emp-not-inc","Some-college","Never-married","Farming-fishing","Own-child","White","Male",0,0,50,"United-States","small"
34,"Self-emp-inc","HS-grad","Married-civ-spouse","Exec-managerial","Husband","White","Male",0,0,40,"United-States","large"
57,"Private","Assoc-acdm","Widowed","Adm-clerical","Not-in-family","White","Female",0,0,35,"United-States","small"
44,"Private","HS-grad","Separated","Other-service","Unmarried","White","Female",0,0,39,"United-States","small"
18,"Private","10th","Never-married","Machine-op-inspct","Own-child","White","Male",0,0,30,"United-States","small"
35,"Private","HS-grad","Separated","Exec-managerial","Not-in-family","White","Female",0,0,36,"United-States","small"
68,"Private","Bachelors","Married-civ-spouse","Exec-managerial","Husband","White","Male",0,0,40,"United-States","large"
61,"Private","HS-grad","Married-civ-spouse","Transport-moving","Husband","White","Male",0,0,20,"United-States","small"
40,"Private","Some-college","Married-civ-spouse","Transport-moving","Husband","White","Male",0,0,43,"United-States","small"
58,"Private","HS-grad","Divorced","Adm-clerical","Not-in-family","White","Female",0,0,40,"United-States","small"
51,"Private","Masters","Married-civ-spouse","Exec-managerial","Husband","White","Male",15024,0,60,"United-States","large"
45,"Private","Assoc-acdm","Married-civ-spouse","Craft-repair","Husband","White","Male",0,0,66,"Yugoslavia","small"
34,"Private","Some-college","Married-civ-spouse","Adm-clerical","Wife","White","Female",0,2057,40,"United-States","small"
37,"Private","Prof-school","Married-civ-spouse","Prof-specialty","Husband","White","Male",0,0,40,"United-States","large"
34,"State-gov","Bachelors","Married-civ-spouse","Adm-clerical","Husband","White","Male",0,0,20,"Italy","small"
42,"Private","9th","Married-civ-spouse","Craft-repair","Husband","White","Male",0,0,40,"Mexico","small"
25,"Private","Bachelors","Never-married","Prof-specialty","Not-in-family","White","Male",0,1741,40,"United-States","small"
25,"Private","Bachelors","Never-married","Craft-repair","Not-in-family","White","Male",0,0,40,"Mexico","small"
47,"Private","Some-college","Married-civ-spouse","Exec-managerial","Husband","White","Male",0,0,40,"United-States","large"
18,"Private","HS-grad","Never-married","Sales","Not-in-family","White","Female",0,1721,40,"United-States","small"
39,"Private","Some-college","Married-civ-spouse","Exec-managerial","Husband","White","Male",0,0,40,"United-States","small"
48,"Local-gov","Masters","Married-civ-spouse","Prof-specialty","Husband","White","Male",0,0,40,"United-States","large"
23,"Private","Some-college","Never-married","Adm-clerical","Not-in-family","White","Female",0,0,40,"United-States","small"
47,"Private","HS-grad","Married-civ-spouse","Sales","Husband","White","Male",0,0,45,"United-States","large"
41,"Private","Masters","Married-civ-spouse","Prof-specialty","Husband","White","Male",15024,0,50,"United-States","large"
44,"Federal-gov","Some-college","Married-civ-spouse","Craft-repair","Husband","White","Male",0,0,40,"United-States","small"
39,"Private","Some-college","Never-married","Other-service","Unmarried","Black","Female",0,0,40,"United-States","small"
30,"Self-emp-not-inc","Some-college","Never-married","Adm-clerical","Not-in-family","White","Female",0,0,60,"United-States","small"
24,"Private","HS-grad","Never-married","Craft-repair","Own-child","White","Male",0,0,50,"United-States","small"
21,"Private","HS-grad","Never-married","Prof-specialty","Unmarried","White","Female",0,0,55,"United-States","small"
26,"Self-emp-not-inc","Some-college","Married-civ-spouse","Craft-repair","Husband","White","Male",0,0,45,"United-States","small"
32,"Private","1st-4th","Never-married","Craft-repair","Not-in-family","White","Male",3674,0,40,"Guatemala","small"
36,"Private","Some-college","Married-civ-spouse","Craft-repair","Husband","White","Male",7298,0,44,"United-States","large"
21,"State-gov","Some-college","Never-married","Other-service","Own-child","White","Female",0,0,10,"United-States","small"
33,"Private","Bachelors","Never-married","Prof-specialty","Not-in-family","White","Male",0,0,40,"Canada","small"
30,"Self-emp-not-inc","11th","Never-married","Craft-repair","Not-in-family","White","Male",0,0,45,"United-States","large"
26,"Private","HS-grad","Never-married","Sales","Own-child","White","Male",0,0,40,"United-States","small"
18,"Self-emp-inc","HS-grad","Never-married","Transport-moving","Own-child","White","Male",0,0,60,"United-States","small"
27,"Private","Assoc-voc","Never-married","Machine-op-inspct","Unmarried","White","Male",0,0,45,"United-States","small"
61,"Private","10th","Married-civ-spouse","Machine-op-inspct","Husband","White","Male",0,0,40,"United-States","small"
55,"Private","HS-grad","Divorced","Adm-clerical","Unmarried","White","Male",0,0,25,"United-States","small"
30,"State-gov","Bachelors","Never-married","Prof-specialty","Other-relative","White","Male",0,0,35,"United-States","small"
37,"Private","Prof-school","Married-civ-spouse","Prof-specialty","Husband","White","Male",0,0,60,"United-States","large"
17,"Private","10th","Never-married","Other-service","Own-child","White","Female",0,0,10,"United-States","small"
60,"Self-emp-not-inc","Some-college","Married-civ-spouse","Sales","Husband","White","Male",0,0,50,"United-States","small"
21,"Private","Some-college","Never-married","Transport-moving","Own-child","White","Male",0,0,30,"United-States","small"
35,"Private","Prof-school","Married-civ-spouse","Prof-specialty","Husband","White","Male",0,1977,80,"United-States","large"
56,"Private","HS-grad","Married-civ-spouse","Transport-moving","Husband","White","Male",0,0,44,"United-States","large"
37,"Private","HS-grad","Never-married","Other-service","Not-in-family","White","Female",0,0,40,"United-States","small"
24,"Private","Bachelors","Married-civ-spouse","Prof-specialty","Husband","White","Male",5013,0,30,"United-States","small"
21,"Private","HS-grad","Separated","Other-service","Own-child","White","Female",0,0,35,"United-States","small"
18,"Local-gov","12th","Never-married","Protective-serv","Own-child","White","Male",0,0,40,"United-States","small"
28,"Private","HS-grad","Married-civ-spouse","Craft-repair","Husband","White","Male",0,1740,30,"United-States","small"
23,"Private","Some-college","Never-married","Other-service","Own-child","White","Female",0,0,15,"United-States","small"
23,"Private","Bachelors","Married-civ-spouse","Prof-specialty","Husband","White","Male",0,0,40,"United-States","small"
49,"Private","HS-grad","Married-civ-spouse","Craft-repair","Husband","White","Male",0,0,45,"United-States","large"
26,"Private","10th","Married-civ-spouse","Handlers-cleaners","Husband","White","Male",0,0,40,"United-States","small"
50,"Self-emp-inc","Some-college","Married-civ-spouse","Exec-managerial","Husband","White","Male",0,0,99,"United-States","large"
55,"Private","Bachelors","Married-civ-spouse","Exec-managerial","Husband","White","Male",0,1887,40,"United-States","large"
26,"Private","Some-college","Never-married","Prof-specialty","Not-in-family","White","Female",0,0,35,"United-States","small"
25,"Local-gov","Bachelors","Never-married","Tech-support","Unmarried","Asian-Pac-Islander","Female",0,0,40,"Vietnam","small"
21,"Private","Some-college","Never-married","Adm-clerical","Not-in-family","White","Female",0,0,30,"Columbia","small"
36,"Private","Bachelors","Married-civ-spouse","Craft-repair","Husband","White","Male",0,0,48,"United-States","large"
56,"Private","Some-college","Widowed","Exec-managerial","Not-in-family","White","Male",4416,0,60,"United-States","small"
22,"Private","HS-grad","Divorced","Sales","Own-child","White","Female",0,0,33,"United-States","small"
23,"Private","11th","Never-married","Craft-repair","Own-child","Asian-Pac-Islander","Male",14344,0,40,"Vietnam","large"
33,"Private","HS-grad","Divorced","Other-service","Unmarried","White","Female",0,0,40,"United-States","small"
36,"Private","Bachelors","Married-civ-spouse","Exec-managerial","Husband","White","Male",5013,0,50,"United-States","small"
41,"Self-emp-not-inc","Assoc-voc","Divorced","Sales","Not-in-family","White","Male",0,0,60,"United-States","small"
51,"Private","HS-grad","Never-married","Machine-op-inspct","Not-in-family","White","Female",0,1590,40,"United-States","small"
48,"Private","HS-grad","Married-civ-spouse","Craft-repair","Husband","White","Male",0,0,40,"United-States","small"
17,"Private","11th","Never-married","Sales","Own-child","White","Female",1055,0,18,"India","small"
60,"Private","Some-college","Married-civ-spouse","Exec-managerial","Husband","White","Male",15024,0,40,"United-States","large"
26,"Self-emp-not-inc","HS-grad","Married-civ-spouse","Exec-managerial","Husband","White","Male",0,0,45,"United-States","small"
42,"Local-gov","Bachelors","Never-married","Prof-specialty","Not-in-family","White","Male",0,0,50,"United-States","small"
55,"Private","5th-6th","Married-civ-spouse","Machine-op-inspct","Husband","White","Male",0,0,40,"Mexico","small"
25,"Private","Some-college","Never-married","Exec-managerial","Not-in-family","White","Female",0,0,60,"United-States","small"
29,"Private","HS-grad","Married-civ-spouse","Craft-repair","Husband","White","Male",0,0,40,"United-States","small"
65,"Self-emp-inc","11th","Married-civ-spouse","Exec-managerial","Husband","White","Male",6418,0,35,"United-States","large"
52,"Federal-gov","Assoc-acdm","Married-civ-spouse","Other-service","Husband","White","Male",7298,0,40,"United-States","large"
40,"Self-emp-not-inc","Prof-school","Married-civ-spouse","Prof-specialty","Husband","White","Male",0,0,55,"United-States","large"
29,"Private","Bachelors","Married-civ-spouse","Prof-specialty","Husband","White","Male",0,0,40,"United-States","large"
50,"Self-emp-not-inc","Masters","Married-civ-spouse","Sales","Husband","White","Male",7688,0,45,"United-States","large"
34,"Private","HS-grad","Divorced","Craft-repair","Not-in-family","White","Male",3325,0,35,"United-States","small"
28,"Local-gov","HS-grad","Never-married","Exec-managerial","Unmarried","Amer-Indian-Eskimo","Female",0,0,35,"United-States","small"
33,"Private","HS-grad","Divorced","Adm-clerical","Unmarried","Black","Female",0,0,40,"United-States","small"
31,"Self-emp-not-inc","Some-college","Married-civ-spouse","Machine-op-inspct","Husband","White","Male",0,0,48,"United-States","small"
39,"Private","Some-college","Married-civ-spouse","Exec-managerial","Husband","White","Male",0,0,60,"United-States","small"
38,"Self-emp-not-inc","HS-grad","Married-civ-spouse","Prof-specialty","Husband","White","Male",0,0,50,"United-States","large"
33,"Private","HS-grad","Married-civ-spouse","Craft-repair","Husband","White","Male",0,0,45,"United-States","small"
34,"Private","Bachelors","Married-civ-spouse","Exec-managerial","Husband","White","Male",0,1977,45,"United-States","large"
73,"Private","HS-grad","Married-civ-spouse","Machine-op-inspct","Husband","White","Male",3471,0,40,"England","small"
45,"Private","HS-grad","Divorced","Adm-clerical","Not-in-family","White","Female",0,0,50,"United-States","small"
51,"Private","Bachelors","Married-civ-spouse","Machine-op-inspct","Husband","White","Male",0,0,25,"United-States","small"
32,"Private","Bachelors","Never-married","Prof-specialty","Not-in-family","White","Male",0,0,45,"United-States","small"
62,"Private","Assoc-voc","Divorced","Other-service","Not-in-family","White","Male",0,0,40,"United-States","small"
25,"State-gov","Masters","Never-married","Exec-managerial","Not-in-family","White","Male",0,0,40,"United-States","small"
41,"Self-emp-not-inc","Bachelors","Separated","Craft-repair","Not-in-family","White","Male",0,0,35,"United-States","small"
43,"Private","Masters","Never-married","Exec-managerial","Not-in-family","White","Female",0,0,25,"United-States","small"
34,"Private","Assoc-voc","Married-civ-spouse","Craft-repair","Husband","White","Male",0,0,40,"England","small"
48,"Private","10th","Separated","Machine-op-inspct","Own-child","White","Female",0,0,48,"United-States","small"
47,"Self-emp-not-inc","Bachelors","Married-civ-spouse","Exec-managerial","Husband","White","Male",0,0,30,"United-States","small"
41,"Private","HS-grad","Never-married","Adm-clerical","Own-child","White","Male",0,0,40,"United-States","small"
24,"Private","Some-college","Never-married","Handlers-cleaners","Own-child","White","Male",0,0,30,"United-States","small"
55,"Private","HS-grad","Married-civ-spouse","Craft-repair","Husband","White","Male",7688,0,40,"United-States","large"
36,"Federal-gov","Some-college","Married-civ-spouse","Adm-clerical","Husband","White","Male",0,0,35,"United-States","small"
40,"Local-gov","Bachelors","Married-civ-spouse","Prof-specialty","Husband","White","Male",7688,0,40,"United-States","large"
39,"Self-emp-not-inc","HS-grad","Married-civ-spouse","Sales","Wife","Black","Female",0,0,54,"Dominican-Republic","large"
53,"Self-emp-inc","Bachelors","Married-civ-spouse","Exec-managerial","Husband","White","Male",0,1902,48,"United-States","large"
33,"Private","10th","Never-married","Craft-repair","Unmarried","White","Female",0,0,35,"United-States","small"
64,"Private","Bachelors","Divorced","Exec-managerial","Not-in-family","White","Female",0,0,50,"United-States","small"
41,"Private","Some-college","Never-married","Tech-support","Unmarried","Asian-Pac-Islander","Female",0,0,40,"Philippines","small"
41,"Private","Some-college","Divorced","Craft-repair","Not-in-family","White","Male",0,0,46,"United-States","large"
38,"Private","Bachelors","Married-civ-spouse","Transport-moving","Husband","White","Male",4508,0,40,"United-States","small"
29,"Private","Bachelors","Married-civ-spouse","Prof-specialty","Husband","White","Male",0,0,40,"United-States","large"
28,"Private","HS-grad","Married-civ-spouse","Transport-moving","Husband","White","Male",0,0,40,"United-States","small"
34,"Private","Bachelors","Married-civ-spouse","Transport-moving","Husband","Asian-Pac-Islander","Male",0,0,40,"United-States","large"
28,"Local-gov","Bachelors","Married-civ-spouse","Protective-serv","Husband","Black","Male",0,0,42,"United-States","large"
34,"Self-emp-not-inc","Assoc-voc","Married-civ-spouse","Craft-repair","Husband","White","Male",0,0,45,"United-States","small"
46,"Private","Some-college","Married-civ-spouse","Transport-moving","Husband","White","Male",0,0,45,"United-States","large"
49,"State-gov","Bachelors","Married-civ-spouse","Prof-specialty","Other-relative","White","Female",0,0,45,"United-States","small"
38,"Private","HS-grad","Married-civ-spouse","Craft-repair","Husband","White","Male",0,0,40,"United-States","large"
58,"Self-emp-not-inc","HS-grad","Married-spouse-absent","Other-service","Unmarried","White","Female",0,0,45,"United-States","small"
57,"Private","HS-grad","Married-civ-spouse","Prof-specialty","Husband","White","Male",0,0,15,"United-States","small"
65,"Self-emp-not-inc","Some-college","Widowed","Craft-repair","Not-in-family","White","Female",0,0,35,"United-States","small"
35,"Private","HS-grad","Married-civ-spouse","Transport-moving","Husband","White","Male",0,0,30,"United-States","small"
43,"Private","Bachelors","Divorced","Sales","Not-in-family","White","Male",0,0,40,"United-States","large"
19,"Private","HS-grad","Never-married","Machine-op-inspct","Own-child","White","Male",0,0,24,"United-States","small"
42,"Private","Some-college","Married-civ-spouse","Craft-repair","Husband","White","Male",0,0,60,"United-States","large"
35,"Private","HS-grad","Married-civ-spouse","Other-service","Husband","White","Male",0,0,40,"Yugoslavia","large"
39,"Private","Some-college","Divorced","Machine-op-inspct","Own-child","White","Female",0,0,40,"United-States","small"
24,"Private","HS-grad","Never-married","Other-service","Unmarried","White","Female",0,0,35,"United-States","small"
31,"Private","Bachelors","Married-civ-spouse","Exec-managerial","Wife","White","Female",0,0,50,"United-States","large"
64,"Local-gov","HS-grad","Married-civ-spouse","Other-service","Husband","Asian-Pac-Islander","Male",0,0,35,"United-States","large"
28,"Private","HS-grad","Married-civ-spouse","Craft-repair","Husband","White","Male",0,1848,42,"United-States","large"
35,"Private","11th","Separated","Priv-house-serv","Unmarried","White","Female",0,0,8,"Mexico","small"
39,"Private","HS-grad","Divorced","Craft-repair","Own-child","White","Male",2174,0,40,"United-States","small"
53,"State-gov","Masters","Married-civ-spouse","Exec-managerial","Husband","White","Male",0,0,42,"United-States","large"
51,"Self-emp-not-inc","HS-grad","Married-civ-spouse","Sales","Husband","White","Male",0,0,40,"United-States","large"
61,"Private","HS-grad","Married-civ-spouse","Exec-managerial","Wife","White","Female",15024,0,38,"United-States","large"
35,"Federal-gov","9th","Married-civ-spouse","Farming-fishing","Husband","Black","Male",0,0,40,"United-States","small"
49,"Private","7th-8th","Widowed","Machine-op-inspct","Not-in-family","White","Female",0,0,40,"United-States","small"
24,"Private","HS-grad","Never-married","Other-service","Own-child","White","Male",0,0,40,"Mexico","small"
21,"Private","HS-grad","Never-married","Other-service","Not-in-family","White","Female",0,0,50,"United-States","small"
75,"Self-emp-not-inc","Prof-school","Married-civ-spouse","Prof-specialty","Husband","White","Male",0,0,35,"United-States","small"
75,"Self-emp-not-inc","Bachelors","Widowed","Prof-specialty","Unmarried","White","Male",0,0,48,"United-States","large"
30,"Federal-gov","HS-grad","Never-married","Adm-clerical","Not-in-family","Black","Female",0,0,50,"United-States","small"
25,"Local-gov","Assoc-voc","Never-married","Protective-serv","Own-child","White","Male",0,0,30,"United-States","small"
30,"Private","HS-grad","Divorced","Other-service","Other-relative","Asian-Pac-Islander","Female",0,0,40,"South","small"
44,"Self-emp-not-inc","Bachelors","Divorced","Exec-managerial","Not-in-family","White","Male",0,0,40,"United-States","small"
54,"Private","HS-grad","Married-civ-spouse","Sales","Husband","White","Male",0,0,40,"United-States","small"
36,"Self-emp-inc","Prof-school","Married-civ-spouse","Prof-specialty","Husband","White","Male",0,0,80,"United-States","large"
20,"Private","Some-college","Never-married","Adm-clerical","Not-in-family","Other","Female",0,0,35,"United-States","small"
49,"State-gov","Some-college","Divorced","Adm-clerical","Unmarried","White","Female",0,0,50,"United-States","small"
45,"Private","HS-grad","Married-civ-spouse","Machine-op-inspct","Husband","White","Male",0,0,52,"United-States","large"
29,"Private","HS-grad","Married-spouse-absent","Protective-serv","Not-in-family","White","Male",0,0,40,"United-States","small"
41,"Federal-gov","Bachelors","Married-civ-spouse","Prof-specialty","Husband","White","Male",0,0,38,"United-States","large"
45,"Private","Assoc-voc","Widowed","Adm-clerical","Not-in-family","Asian-Pac-Islander","Female",0,0,40,"United-States","small"
33,"Private","Assoc-voc","Married-civ-spouse","Sales","Husband","White","Male",0,0,40,"United-States","small"
27,"Private","Some-college","Divorced","Machine-op-inspct","Unmarried","White","Female",0,0,40,"United-States","small"
25,"Private","Bachelors","Never-married","Farming-fishing","Own-child","White","Male",27828,0,50,"United-States","large"
22,"Private","HS-grad","Never-married","Craft-repair","Not-in-family","White","Male",0,0,50,"United-States","small"
32,"Private","Assoc-voc","Divorced","Prof-specialty","Not-in-family","White","Male",0,0,40,"United-States","small"
53,"Private","7th-8th","Married-civ-spouse","Craft-repair","Husband","Asian-Pac-Islander","Male",0,0,40,"Vietnam","small"
39,"Self-emp-inc","9th","Married-civ-spouse","Exec-managerial","Husband","White","Male",0,1651,40,"Mexico","small"
53,"Private","Assoc-voc","Married-civ-spouse","Tech-support","Husband","White","Male",0,0,40,"United-States","large"
56,"Private","HS-grad","Widowed","Other-service","Unmarried","Black","Female",594,0,20,"United-States","small"
26,"Private","HS-grad","Never-married","Handlers-cleaners","Own-child","Black","Male",0,0,28,"United-States","small"
67,"Private","Assoc-voc","Divorced","Other-service","Not-in-family","White","Female",0,0,24,"United-States","small"
21,"Private","12th","Never-married","Handlers-cleaners","Own-child","White","Male",0,0,32,"United-States","small"
51,"Private","Bachelors","Married-civ-spouse","Prof-specialty","Husband","White","Male",0,0,40,"United-States","large"
27,"Local-gov","HS-grad","Married-civ-spouse","Handlers-cleaners","Other-relative","White","Male",0,0,50,"United-States","small"
53,"Private","Masters","Married-civ-spouse","Prof-specialty","Husband","White","Male",3103,0,40,"United-States","large"
54,"Private","HS-grad","Divorced","Transport-moving","Not-in-family","White","Male",0,0,56,"United-States","large"
25,"Private","12th","Never-married","Craft-repair","Not-in-family","White","Male",0,0,40,"United-States","small"
22,"Self-emp-not-inc","Some-college","Never-married","Sales","Own-child","Black","Male",99999,0,55,"United-States","large"
34,"Private","HS-grad","Divorced","Adm-clerical","Own-child","White","Male",0,0,40,"United-States","small"
38,"Private","Some-college","Divorced","Craft-repair","Not-in-family","White","Male",0,0,40,"Iran","small"
38,"Private","Some-college","Never-married","Craft-repair","Own-child","White","Female",0,0,25,"United-States","small"
84,"Private","HS-grad","Widowed","Other-service","Not-in-family","White","Female",0,0,13,"United-States","small"
44,"Private","Some-college","Married-civ-spouse","Craft-repair","Husband","White","Male",0,0,60,"United-States","large"
28,"Private","HS-grad","Married-civ-spouse","Machine-op-inspct","Husband","Amer-Indian-Eskimo","Male",0,0,45,"United-States","small"
21,"Private","HS-grad","Never-married","Adm-clerical","Not-in-family","White","Female",0,0,25,"United-States","small"
42,"Local-gov","Some-college","Married-civ-spouse","Exec-managerial","Husband","White","Male",15024,0,40,"United-States","large"
48,"Private","Bachelors","Married-civ-spouse","Exec-managerial","Husband","Asian-Pac-Islander","Male",0,0,40,"India","large"
36,"Private","12th","Never-married","Exec-managerial","Not-in-family","White","Male",4650,0,50,"United-States","small"
37,"Private","Some-college","Never-married","Adm-clerical","Not-in-family","White","Female",0,0,60,"United-States","small"
20,"Private","HS-grad","Married-civ-spouse","Tech-support","Other-relative","White","Male",0,0,40,"United-States","small"
28,"Private","Bachelors","Married-civ-spouse","Exec-managerial","Husband","White","Male",0,0,40,"United-States","small"
30,"Local-gov","Bachelors","Married-civ-spouse","Protective-serv","Husband","White","Male",0,0,40,"United-States","small"
21,"Private","HS-grad","Never-married","Transport-moving","Not-in-family","White","Male",0,0,60,"United-States","small"
62,"Local-gov","Doctorate","Widowed","Prof-specialty","Unmarried","White","Female",0,0,40,"Iran","small"
19,"Private","Some-college","Never-married","Machine-op-inspct","Not-in-family","White","Female",0,0,35,"United-States","small"
49,"Private","HS-grad","Married-civ-spouse","Craft-repair","Husband","White","Male",0,0,40,"United-States","large"
28,"Private","Assoc-voc","Married-civ-spouse","Adm-clerical","Husband","White","Male",2407,0,40,"United-States","small"
33,"Local-gov","Masters","Never-married","Prof-specialty","Not-in-family","White","Female",0,0,50,"United-States","small"
43,"Self-emp-not-inc","HS-grad","Married-civ-spouse","Farming-fishing","Husband","White","Male",0,0,30,"United-States","small"
60,"Self-emp-not-inc","Masters","Divorced","Prof-specialty","Unmarried","White","Female",0,0,10,"United-States","small"
54,"Private","Bachelors","Married-civ-spouse","Other-service","Husband","White","Male",0,0,40,"United-States","small"
42,"Private","Bachelors","Married-civ-spouse","Transport-moving","Husband","White","Male",0,0,40,"United-States","small"
63,"Self-emp-inc","Some-college","Married-civ-spouse","Exec-managerial","Husband","White","Male",0,0,45,"United-States","large"
75,"Self-emp-not-inc","Masters","Married-spouse-absent","Prof-specialty","Not-in-family","White","Female",0,0,50,"United-States","small"
17,"Private","10th","Never-married","Handlers-cleaners","Own-child","White","Male",0,0,10,"United-States","small"
20,"Private","Some-college","Never-married","Other-service","Own-child","White","Female",0,0,30,"United-States","small"
25,"Private","Assoc-acdm","Never-married","Other-service","Own-child","White","Male",0,0,43,"United-States","small"
53,"Private","Assoc-acdm","Divorced","Adm-clerical","Unmarried","White","Female",0,0,48,"United-States","small"
31,"Local-gov","Bachelors","Never-married","Sales","Own-child","White","Female",0,0,40,"United-States","small"
38,"Private","HS-grad","Separated","Sales","Not-in-family","White","Male",0,0,60,"United-States","small"
41,"Private","HS-grad","Never-married","Other-service","Own-child","White","Male",0,0,40,"United-States","small"
40,"Private","HS-grad","Married-civ-spouse","Handlers-cleaners","Husband","White","Male",0,0,63,"United-States","small"
46,"Private","Some-college","Married-civ-spouse","Farming-fishing","Husband","White","Male",0,0,40,"United-States","small"
30,"Private","HS-grad","Divorced","Transport-moving","Own-child","Black","Male",0,0,40,"United-States","small"
37,"Self-emp-not-inc","HS-grad","Married-civ-spouse","Craft-repair","Husband","White","Male",0,0,45,"United-States","small"
23,"Private","Bachelors","Never-married","Exec-managerial","Unmarried","White","Male",0,0,40,"United-States","small"
46,"Private","HS-grad","Divorced","Adm-clerical","Unmarried","White","Female",0,1590,43,"United-States","small"
45,"Private","HS-grad","Never-married","Exec-managerial","Not-in-family","Black","Female",0,0,40,"United-States","small"
73,"Private","HS-grad","Divorced","Other-service","Not-in-family","White","Female",0,0,20,"United-States","small"
25,"Private","10th","Never-married","Handlers-cleaners","Own-child","Black","Male",0,1602,40,"United-States","small"
50,"Private","Some-college","Divorced","Machine-op-inspct","Not-in-family","Black","Female",0,0,40,"United-States","small"
44,"Private","Bachelors","Married-civ-spouse","Exec-managerial","Husband","White","Male",0,0,40,"United-States","large"
25,"Private","HS-grad","Never-married","Handlers-cleaners","Own-child","Black","Male",0,0,23,"United-States","small"
30,"Private","HS-grad","Divorced","Adm-clerical","Not-in-family","White","Female",0,0,40,"United-States","small"
20,"Private","Some-college","Never-married","Farming-fishing","Not-in-family","White","Male",0,0,72,"United-States","small"
41,"Private","HS-grad","Never-married","Exec-managerial","Not-in-family","White","Female",0,0,40,"United-States","small"
22,"Private","9th","Never-married","Sales","Not-in-family","White","Male",0,0,40,"United-States","small"
55,"Private","Bachelors","Married-civ-spouse","Other-service","Other-relative","Asian-Pac-Islander","Male",0,0,35,"Philippines","small"
23,"Self-emp-not-inc","10th","Never-married","Craft-repair","Not-in-family","White","Male",0,0,60,"United-States","small"
24,"Private","HS-grad","Never-married","Craft-repair","Own-child","White","Male",0,1408,50,"United-States","small"
24,"Private","Bachelors","Never-married","Sales","Other-relative","White","Male",0,0,40,"United-States","small"
36,"Private","HS-grad","Married-civ-spouse","Transport-moving","Husband","White","Male",0,0,50,"United-States","small"
27,"Private","Bachelors","Married-civ-spouse","Sales","Other-relative","White","Male",0,0,40,"United-States","large"
23,"Private","10th","Never-married","Handlers-cleaners","Not-in-family","White","Male",0,0,40,"United-States","small"
42,"Private","HS-grad","Married-civ-spouse","Craft-repair","Husband","White","Male",0,0,40,"United-States","small"
19,"Local-gov","Some-college","Never-married","Adm-clerical","Own-child","White","Male",0,0,15,"United-States","small"
45,"Private","Assoc-voc","Married-civ-spouse","Machine-op-inspct","Husband","White","Male",0,0,40,"United-States","large"
42,"Private","Assoc-acdm","Divorced","Exec-managerial","Unmarried","White","Female",0,0,40,"United-States","small"
65,"Private","HS-grad","Divorced","Protective-serv","Not-in-family","White","Male",0,0,20,"United-States","small"
22,"State-gov","Some-college","Married-civ-spouse","Other-service","Husband","Black","Male",0,0,15,"United-States","small"
28,"Private","HS-grad","Married-civ-spouse","Sales","Husband","White","Male",0,1628,40,"United-States","small"
37,"Self-emp-inc","Bachelors","Married-civ-spouse","Craft-repair","Husband","White","Male",15024,0,55,"United-States","large"
50,"Private","HS-grad","Married-civ-spouse","Craft-repair","Husband","White","Male",0,0,40,"United-States","small"
45,"Private","9th","Married-civ-spouse","Handlers-cleaners","Husband","Asian-Pac-Islander","Male",0,0,40,"India","small"
42,"Private","HS-grad","Divorced","Sales","Not-in-family","White","Female",0,0,42,"United-States","small"
52,"Self-emp-inc","Some-college","Divorced","Exec-managerial","Not-in-family","White","Male",0,0,65,"United-States","large"
34,"Private","Some-college","Married-civ-spouse","Craft-repair","Husband","White","Male",0,0,50,"United-States","small"
18,"Private","11th","Never-married","Sales","Own-child","White","Male",0,0,18,"United-States","small"
26,"Federal-gov","Masters","Never-married","Prof-specialty","Not-in-family","White","Male",0,0,40,"United-States","small"
60,"Private","Prof-school","Married-civ-spouse","Exec-managerial","Husband","White","Male",0,0,40,"United-States","large"
53,"Local-gov","HS-grad","Married-civ-spouse","Adm-clerical","Husband","White","Male",0,0,40,"United-States","small"
36,"Private","HS-grad","Divorced","Exec-managerial","Unmarried","White","Female",0,0,50,"United-States","small"
39,"Local-gov","Bachelors","Married-civ-spouse","Prof-specialty","Husband","White","Male",0,1887,40,"United-States","large"
25,"Private","Some-college","Never-married","Adm-clerical","Not-in-family","White","Female",0,0,50,"United-States","small"
22,"Private","Bachelors","Never-married","Prof-specialty","Not-in-family","White","Female",0,0,15,"Germany","small"
40,"Private","HS-grad","Married-civ-spouse","Exec-managerial","Husband","White","Male",0,0,40,"United-States","large"
34,"Private","Some-college","Never-married","Craft-repair","Not-in-family","White","Male",0,0,40,"United-States","small"
48,"Self-emp-not-inc","Masters","Married-civ-spouse","Sales","Husband","White","Male",0,0,50,"England","small"
56,"Self-emp-not-inc","Masters","Married-civ-spouse","Exec-managerial","Husband","White","Male",0,0,25,"United-States","small"
28,"State-gov","HS-grad","Married-civ-spouse","Protective-serv","Husband","White","Male",0,0,40,"United-States","small"
26,"Private","Prof-school","Married-civ-spouse","Prof-specialty","Husband","White","Male",0,1977,40,"United-States","large"
32,"Private","9th","Separated","Other-service","Unmarried","White","Female",0,0,23,"Mexico","small"
35,"Private","Assoc-voc","Divorced","Transport-moving","Not-in-family","White","Male",0,0,50,"United-States","small"
31,"Private","Masters","Married-civ-spouse","Exec-managerial","Husband","White","Male",0,1977,48,"United-States","large"
27,"Private","5th-6th","Never-married","Priv-house-serv","Not-in-family","White","Female",0,0,65,"England","small"
35,"Private","Assoc-voc","Never-married","Transport-moving","Not-in-family","White","Male",0,0,40,"United-States","small"
49,"Private","Some-college","Married-civ-spouse","Farming-fishing","Husband","White","Male",0,0,50,"United-States","small"
39,"Self-emp-inc","HS-grad","Married-civ-spouse","Craft-repair","Husband","White","Male",5178,0,50,"United-States","large"
27,"Private","Bachelors","Divorced","Adm-clerical","Not-in-family","White","Female",0,0,35,"United-States","small"
29,"Private","HS-grad","Married-civ-spouse","Machine-op-inspct","Husband","Amer-Indian-Eskimo","Male",0,0,45,"United-States","small"
49,"Private","HS-grad","Married-civ-spouse","Transport-moving","Husband","White","Male",0,0,44,"United-States","small"
22,"Private","HS-grad","Never-married","Handlers-cleaners","Own-child","Black","Male",0,0,40,"United-States","small"
41,"Local-gov","HS-grad","Married-civ-spouse","Protective-serv","Husband","White","Male",0,0,40,"United-States","small"
31,"Private","9th","Married-civ-spouse","Machine-op-inspct","Husband","White","Male",3137,0,40,"Mexico","small"
57,"Self-emp-inc","Bachelors","Married-civ-spouse","Exec-managerial","Husband","White","Male",0,0,20,"United-States","small"
24,"Private","Assoc-voc","Married-civ-spouse","Craft-repair","Husband","White","Male",0,0,45,"United-States","small"
28,"Private","HS-grad","Married-civ-spouse","Craft-repair","Husband","White","Male",0,0,40,"United-States","small"
49,"Private","HS-grad","Married-civ-spouse","Machine-op-inspct","Husband","White","Male",0,0,40,"United-States","small"
34,"Self-emp-inc","Bachelors","Never-married","Exec-managerial","Not-in-family","White","Male",0,0,50,"United-States","small"
25,"Private","Some-college","Never-married","Craft-repair","Own-child","White","Female",0,0,50,"United-States","small"
19,"Private","HS-grad","Never-married","Other-service","Own-child","White","Female",0,0,30,"United-States","small"
67,"Self-emp-not-inc","HS-grad","Married-civ-spouse","Farming-fishing","Husband","White","Male",0,0,60,"United-States","small"
30,"Private","HS-grad","Never-married","Adm-clerical","Unmarried","White","Male",0,2001,42,"United-States","small"
63,"Self-emp-not-inc","Some-college","Married-civ-spouse","Prof-specialty","Wife","White","Female",20051,0,10,"United-States","large"
28,"Private","Bachelors","Married-civ-spouse","Exec-managerial","Husband","White","Male",0,0,40,"United-States","large"
46,"Private","HS-grad","Married-civ-spouse","Exec-managerial","Husband","White","Male",0,0,40,"United-States","large"
26,"Private","HS-grad","Never-married","Sales","Not-in-family","Black","Male",0,0,40,"United-States","small"
44,"Private","Bachelors","Married-civ-spouse","Prof-specialty","Husband","White","Male",0,0,40,"United-States","small"
54,"Self-emp-inc","Assoc-acdm","Married-civ-spouse","Sales","Husband","White","Male",0,0,50,"United-States","large"
22,"Private","Assoc-voc","Never-married","Adm-clerical","Own-child","White","Female",0,0,37,"United-States","small"
33,"Private","Bachelors","Never-married","Prof-specialty","Not-in-family","White","Male",0,0,40,"United-States","large"
42,"Private","HS-grad","Married-civ-spouse","Tech-support","Husband","White","Male",0,0,40,"United-States","large"
48,"Local-gov","Masters","Divorced","Prof-specialty","Unmarried","White","Female",0,0,80,"United-States","small"
38,"Private","HS-grad","Never-married","Adm-clerical","Unmarried","White","Female",0,0,35,"United-States","small"
29,"Private","Some-college","Never-married","Sales","Unmarried","White","Female",0,0,40,"United-States","small"
23,"Private","Some-college","Never-married","Other-service","Own-child","White","Female",0,0,40,"Dominican-Republic","small"
30,"Self-emp-not-inc","Some-college","Married-civ-spouse","Adm-clerical","Wife","White","Female",0,0,20,"United-States","large"
32,"Private","9th","Separated","Machine-op-inspct","Unmarried","White","Female",0,0,40,"Columbia","small"
42,"Local-gov","Masters","Divorced","Prof-specialty","Unmarried","White","Female",0,0,45,"United-States","small"
32,"Federal-gov","Some-college","Divorced","Adm-clerical","Unmarried","White","Female",0,0,40,"United-States","small"
49,"Private","Bachelors","Never-married","Prof-specialty","Unmarried","White","Female",0,0,40,"United-States","small"
40,"Private","HS-grad","Married-civ-spouse","Priv-house-serv","Wife","White","Female",0,0,45,"United-States","small"
55,"Private","HS-grad","Divorced","Exec-managerial","Not-in-family","White","Male",0,0,60,"United-States","large"
58,"Local-gov","HS-grad","Married-civ-spouse","Farming-fishing","Husband","White","Male",0,0,40,"United-States","small"
70,"Federal-gov","HS-grad","Married-civ-spouse","Adm-clerical","Husband","Black","Male",0,0,40,"United-States","small"
29,"Private","HS-grad","Never-married","Machine-op-inspct","Not-in-family","White","Male",0,0,48,"United-States","small"
36,"Private","Some-college","Married-civ-spouse","Adm-clerical","Husband","White","Male",0,0,40,"United-States","small"
22,"Private","Some-college","Never-married","Transport-moving","Not-in-family","White","Male",0,0,40,"United-States","small"
37,"Private","HS-grad","Married-civ-spouse","Other-service","Husband","White","Male",0,0,40,"Guatemala","small"
41,"Private","HS-grad","Never-married","Machine-op-inspct","Unmarried","Black","Female",0,0,40,"United-States","small"
34,"Private","12th","Married-spouse-absent","Handlers-cleaners","Unmarried","White","Male",0,0,35,"Mexico","small"
28,"Private","HS-grad","Never-married","Other-service","Not-in-family","White","Male",0,0,60,"United-States","small"
53,"Local-gov","Preschool","Never-married","Machine-op-inspct","Not-in-family","White","Female",0,0,35,"United-States","small"
25,"Private","11th","Married-spouse-absent","Handlers-cleaners","Not-in-family","White","Female",0,0,40,"Mexico","small"
22,"State-gov","Some-college","Never-married","Adm-clerical","Not-in-family","White","Female",0,0,15,"United-States","small"
30,"Private","Masters","Married-civ-spouse","Prof-specialty","Husband","White","Male",0,0,38,"United-States","small"
41,"State-gov","HS-grad","Married-civ-spouse","Adm-clerical","Wife","White","Female",0,0,40,"United-States","small"
39,"Private","HS-grad","Married-civ-spouse","Transport-moving","Husband","Black","Male",0,1887,40,"United-States","large"
25,"Private","Assoc-acdm","Never-married","Prof-specialty","Own-child","White","Female",0,0,40,"United-States","small"
17,"Private","11th","Never-married","Other-service","Own-child","White","Female",0,0,5,"United-States","small"
54,"Private","7th-8th","Married-civ-spouse","Craft-repair","Husband","White","Male",0,0,40,"United-States","small"
29,"State-gov","Masters","Married-civ-spouse","Adm-clerical","Husband","White","Male",0,0,36,"United-States","small"
36,"Self-emp-not-inc","HS-grad","Never-married","Transport-moving","Own-child","White","Male",0,0,40,"United-States","small"
29,"Private","Bachelors","Married-civ-spouse","Prof-specialty","Own-child","White","Male",0,0,75,"United-States","small"
30,"Private","Bachelors","Never-married","Prof-specialty","Not-in-family","White","Female",0,0,40,"United-States","small"
58,"Self-emp-not-inc","HS-grad","Widowed","Exec-managerial","Not-in-family","White","Male",0,0,50,"United-States","small"
28,"Private","Assoc-voc","Married-civ-spouse","Prof-specialty","Wife","White","Female",0,0,5,"United-States","small"
60,"Private","HS-grad","Married-civ-spouse","Craft-repair","Husband","White","Male",0,0,40,"United-States","large"
20,"Private","HS-grad","Never-married","Adm-clerical","Other-relative","White","Male",0,0,24,"United-States","small"
40,"Private","Prof-school","Never-married","Prof-specialty","Not-in-family","White","Female",14084,0,50,"United-States","large"
24,"Private","11th","Never-married","Transport-moving","Own-child","White","Male",0,0,40,"United-States","small"
33,"Private","HS-grad","Never-married","Machine-op-inspct","Unmarried","White","Male",0,0,40,"United-States","small"
29,"Private","HS-grad","Married-civ-spouse","Exec-managerial","Husband","White","Male",0,0,40,"Germany","small"
43,"Private","HS-grad","Divorced","Craft-repair","Not-in-family","White","Male",0,0,40,"United-States","small"
35,"Private","HS-grad","Divorced","Exec-managerial","Unmarried","White","Female",0,0,40,"United-States","small"
25,"Private","HS-grad","Never-married","Other-service","Own-child","White","Male",0,0,40,"El-Salvador","small"
21,"Private","Some-college","Never-married","Sales","Own-child","White","Male",0,0,35,"United-States","small"
31,"Private","Doctorate","Married-civ-spouse","Prof-specialty","Husband","White","Male",0,1977,99,"United-States","large"
32,"Private","11th","Never-married","Craft-repair","Not-in-family","Asian-Pac-Islander","Male",0,0,40,"India","small"
35,"Private","HS-grad","Married-civ-spouse","Sales","Husband","White","Male",0,0,40,"United-States","small"
47,"Self-emp-inc","Bachelors","Married-civ-spouse","Sales","Husband","White","Male",15024,0,60,"United-States","large"
36,"Private","HS-grad","Separated","Sales","Unmarried","Black","Female",0,0,17,"United-States","small"
41,"Local-gov","Some-college","Married-civ-spouse","Handlers-cleaners","Husband","White","Male",0,0,40,"United-States","small"
60,"Private","Bachelors","Married-civ-spouse","Sales","Husband","White","Male",0,0,40,"United-States","large"
50,"Private","Doctorate","Married-civ-spouse","Prof-specialty","Husband","White","Male",0,0,40,"United-States","large"
51,"State-gov","Masters","Married-civ-spouse","Exec-managerial","Husband","White","Male",0,0,40,"United-States","large"
42,"Private","HS-grad","Divorced","Machine-op-inspct","Not-in-family","Black","Male",0,0,40,"United-States","small"
19,"Private","HS-grad","Never-married","Adm-clerical","Not-in-family","White","Female",0,0,40,"United-States","small"
27,"Private","Some-college","Divorced","Adm-clerical","Own-child","White","Female",0,0,20,"United-States","small"
28,"Private","10th","Never-married","Handlers-cleaners","Not-in-family","White","Male",0,0,40,"United-States","small"
56,"Self-emp-inc","7th-8th","Married-civ-spouse","Craft-repair","Husband","White","Male",0,0,50,"United-States","large"
28,"Private","Some-college","Never-married","Priv-house-serv","Not-in-family","White","Female",0,0,40,"United-States","small"
69,"Private","HS-grad","Never-married","Transport-moving","Not-in-family","White","Male",15831,0,40,"United-States","large"
64,"Self-emp-not-inc","7th-8th","Married-civ-spouse","Craft-repair","Husband","White","Male",0,0,20,"United-States","small"
50,"Private","Some-college","Married-civ-spouse","Craft-repair","Husband","White","Male",0,0,40,"United-States","large"
36,"Private","Some-college","Divorced","Adm-clerical","Unmarried","Black","Female",0,0,40,"United-States","small"
31,"Private","Bachelors","Married-civ-spouse","Prof-specialty","Husband","White","Male",0,0,50,"United-States","small"
62,"Private","7th-8th","Married-civ-spouse","Prof-specialty","Husband","White","Male",0,0,20,"United-States","small"
36,"Private","Bachelors","Married-civ-spouse","Tech-support","Husband","White","Male",3103,0,42,"United-States","large"
39,"Private","HS-grad","Divorced","Other-service","Unmarried","White","Female",0,0,40,"United-States","small"
20,"Private","Some-college","Never-married","Sales","Own-child","Asian-Pac-Islander","Male",0,0,30,"Philippines","small"
21,"Private","HS-grad","Never-married","Craft-repair","Not-in-family","White","Male",0,0,35,"Mexico","small"
42,"Private","Doctorate","Never-married","Prof-specialty","Not-in-family","White","Male",0,0,36,"United-States","large"
32,"Self-emp-not-inc","HS-grad","Divorced","Sales","Own-child","White","Male",0,1590,62,"United-States","small"
39,"Self-emp-not-inc","Some-college","Married-civ-spouse","Farming-fishing","Husband","White","Male",0,0,60,"United-States","small"
60,"Private","5th-6th","Divorced","Machine-op-inspct","Not-in-family","White","Female",0,0,40,"Puerto-Rico","small"
43,"Private","Some-college","Married-civ-spouse","Protective-serv","Husband","White","Male",0,0,40,"United-States","small"
48,"Private","11th","Married-civ-spouse","Exec-managerial","Husband","White","Male",0,0,50,"United-States","small"
49,"Private","HS-grad","Divorced","Craft-repair","Not-in-family","White","Male",0,0,50,"United-States","small"
22,"Private","11th","Never-married","Craft-repair","Own-child","White","Male",0,0,35,"United-States","small"
31,"Private","Bachelors","Divorced","Prof-specialty","Not-in-family","White","Female",0,0,40,"United-States","small"
22,"Private","Some-college","Never-married","Other-service","Not-in-family","White","Female",0,0,30,"United-States","small"
31,"Self-emp-inc","Some-college","Never-married","Exec-managerial","Not-in-family","White","Male",0,0,65,"United-States","large"
68,"Self-emp-inc","Some-college","Married-civ-spouse","Exec-managerial","Husband","White","Male",10605,0,20,"United-States","large"
42,"Private","Some-college","Married-civ-spouse","Sales","Husband","White","Male",0,0,40,"United-States","small"
41,"Private","Bachelors","Married-civ-spouse","Craft-repair","Husband","White","Male",0,0,40,"United-States","large"
46,"Private","Bachelors","Married-civ-spouse","Sales","Husband","White","Male",0,0,50,"Germany","large"
31,"Private","11th","Married-civ-spouse","Machine-op-inspct","Husband","White","Male",0,0,40,"United-States","small"
23,"Private","Some-college","Never-married","Adm-clerical","Not-in-family","White","Female",0,0,24,"Greece","small"
29,"Private","HS-grad","Never-married","Craft-repair","Unmarried","White","Female",0,0,42,"United-States","small"
61,"Private","Some-college","Married-civ-spouse","Other-service","Husband","White","Male",0,0,6,"United-States","small"
36,"Private","HS-grad","Married-civ-spouse","Machine-op-inspct","Husband","White","Male",0,0,40,"United-States","small"
35,"Local-gov","HS-grad","Married-civ-spouse","Other-service","Husband","Amer-Indian-Eskimo","Male",0,0,40,"United-States","small"
42,"Private","HS-grad","Divorced","Machine-op-inspct","Not-in-family","White","Female",0,0,40,"United-States","small"
17,"Private","11th","Never-married","Sales","Own-child","White","Female",0,0,20,"United-States","small"
41,"Private","HS-grad","Married-civ-spouse","Craft-repair","Husband","White","Male",0,0,40,"United-States","small"
33,"Private","Assoc-acdm","Divorced","Adm-clerical","Not-in-family","White","Female",0,880,40,"United-States","small"
60,"Self-emp-not-inc","HS-grad","Divorced","Sales","Not-in-family","Black","Male",2597,0,55,"United-States","small"
68,"Private","10th","Married-civ-spouse","Sales","Husband","White","Male",0,0,16,"United-States","small"
26,"Self-emp-not-inc","Some-college","Never-married","Prof-specialty","Own-child","White","Female",0,0,35,"United-States","small"
52,"Private","Some-college","Never-married","Exec-managerial","Not-in-family","White","Male",0,0,40,"United-States","small"
33,"Private","Bachelors","Never-married","Prof-specialty","Not-in-family","White","Female",10520,0,45,"United-States","large"
35,"Private","HS-grad","Divorced","Sales","Not-in-family","White","Female",0,0,30,"United-States","small"
43,"State-gov","Bachelors","Married-civ-spouse","Prof-specialty","Husband","White","Male",0,0,50,"United-States","small"
54,"Private","10th","Married-civ-spouse","Transport-moving","Husband","White","Male",0,0,40,"United-States","small"
28,"Self-emp-inc","Bachelors","Never-married","Sales","Not-in-family","White","Male",0,0,50,"United-States","small"
53,"Private","12th","Divorced","Farming-fishing","Own-child","White","Male",0,0,40,"United-States","small"
32,"Private","HS-grad","Never-married","Machine-op-inspct","Not-in-family","White","Male",0,0,45,"United-States","small"
43,"Private","Assoc-voc","Separated","Sales","Unmarried","White","Female",0,0,45,"United-States","small"
33,"Private","Assoc-voc","Married-civ-spouse","Sales","Husband","White","Male",0,0,36,"United-States","small"
41,"Self-emp-not-inc","HS-grad","Never-married","Other-service","Not-in-family","Black","Male",0,0,60,"Jamaica","small"
43,"Private","Bachelors","Married-civ-spouse","Other-service","Husband","White","Male",0,0,40,"United-States","small"
34,"Private","Some-college","Married-civ-spouse","Craft-repair","Husband","White","Male",0,0,40,"United-States","large"
26,"Private","11th","Never-married","Other-service","Not-in-family","White","Male",0,0,40,"United-States","small"
64,"Private","HS-grad","Divorced","Other-service","Not-in-family","White","Female",0,0,15,"United-States","small"
40,"Federal-gov","Bachelors","Never-married","Prof-specialty","Not-in-family","White","Female",0,0,45,"United-States","small"
43,"State-gov","HS-grad","Divorced","Tech-support","Not-in-family","White","Female",0,0,40,"United-States","small"
21,"Private","Bachelors","Never-married","Sales","Own-child","White","Male",0,0,30,"United-States","small"
54,"Private","HS-grad","Married-civ-spouse","Adm-clerical","Husband","White","Male",0,0,40,"United-States","large"
30,"Private","Some-college","Never-married","Handlers-cleaners","Not-in-family","White","Male",0,0,40,"United-States","small"
49,"Private","Bachelors","Never-married","Tech-support","Unmarried","Asian-Pac-Islander","Female",0,0,40,"India","small"
26,"Private","HS-grad","Never-married","Machine-op-inspct","Not-in-family","White","Male",0,0,40,"United-States","small"
60,"Private","HS-grad","Married-civ-spouse","Craft-repair","Husband","White","Male",7298,0,40,"United-States","large"
65,"Private","HS-grad","Married-civ-spouse","Exec-managerial","Husband","White","Male",0,0,40,"United-States","large"
84,"Local-gov","Assoc-voc","Widowed","Adm-clerical","Not-in-family","White","Female",0,0,14,"United-States","small"
36,"Federal-gov","Some-college","Married-civ-spouse","Handlers-cleaners","Husband","White","Male",0,0,50,"United-States","small"
37,"Private","Assoc-voc","Married-civ-spouse","Craft-repair","Husband","White","Male",0,1977,40,"United-States","large"
27,"Private","10th","Married-civ-spouse","Machine-op-inspct","Husband","White","Male",0,0,40,"United-States","small"
79,"Private","7th-8th","Widowed","Priv-house-serv","Not-in-family","White","Female",2964,0,30,"United-States","small"
39,"Private","Some-college","Married-spouse-absent","Adm-clerical","Unmarried","Amer-Indian-Eskimo","Female",0,0,40,"United-States","small"
22,"Private","HS-grad","Never-married","Other-service","Own-child","White","Male",0,0,40,"United-States","small"
19,"Federal-gov","Some-college","Never-married","Handlers-cleaners","Own-child","White","Male",0,0,20,"England","small"
47,"Private","Some-college","Divorced","Exec-managerial","Unmarried","White","Female",0,0,40,"United-States","small"
44,"Private","Masters","Divorced","Sales","Not-in-family","White","Male",0,0,24,"Iran","small"
24,"Private","Some-college","Never-married","Adm-clerical","Not-in-family","White","Female",0,0,40,"United-States","small"
37,"State-gov","Some-college","Married-civ-spouse","Craft-repair","Husband","White","Male",0,0,40,"United-States","small"
64,"Private","10th","Married-civ-spouse","Transport-moving","Husband","White","Male",0,0,40,"United-States","large"
26,"Local-gov","Masters","Married-spouse-absent","Prof-specialty","Not-in-family","White","Female",0,0,40,"United-States","small"
26,"Private","12th","Married-civ-spouse","Priv-house-serv","Wife","Other","Female",0,0,40,"Dominican-Republic","small"
36,"Private","Assoc-acdm","Married-civ-spouse","Adm-clerical","Husband","White","Male",0,0,40,"United-States","large"
33,"Private","HS-grad","Divorced","Farming-fishing","Not-in-family","White","Male",0,0,40,"United-States","small"
37,"Private","HS-grad","Never-married","Tech-support","Not-in-family","White","Female",14084,0,35,"United-States","large"
21,"Private","Some-college","Never-married","Exec-managerial","Own-child","White","Female",0,0,40,"United-States","small"
39,"Private","Bachelors","Married-civ-spouse","Prof-specialty","Husband","White","Male",0,0,40,"United-States","large"
39,"Self-emp-not-inc","9th","Married-civ-spouse","Farming-fishing","Other-relative","White","Male",0,0,40,"Cuba","small"
56,"Self-emp-not-inc","HS-grad","Divorced","Other-service","Not-in-family","White","Male",0,0,50,"United-States","small"
25,"Private","Some-college","Married-civ-spouse","Sales","Husband","White","Male",0,0,25,"El-Salvador","small"
31,"Private","Some-college","Married-civ-spouse","Adm-clerical","Wife","White","Female",0,0,40,"United-States","large"
29,"Private","Assoc-voc","Never-married","Machine-op-inspct","Not-in-family","Other","Male",0,0,40,"United-States","small"
25,"Private","HS-grad","Married-civ-spouse","Craft-repair","Husband","White","Male",0,0,35,"United-States","small"
39,"Private","Bachelors","Married-civ-spouse","Prof-specialty","Husband","Asian-Pac-Islander","Male",0,0,48,"Philippines","large"
26,"Private","Some-college","Married-civ-spouse","Sales","Husband","White","Male",0,0,60,"United-States","small"
32,"Private","Bachelors","Married-civ-spouse","Sales","Husband","Black","Male",0,0,40,"United-States","large"
39,"Local-gov","Bachelors","Separated","Prof-specialty","Not-in-family","Black","Male",0,0,30,"United-States","small"
39,"Private","HS-grad","Never-married","Sales","Unmarried","Black","Female",0,0,40,"United-States","small"
40,"Self-emp-inc","Assoc-acdm","Married-civ-spouse","Sales","Husband","White","Male",15024,0,50,"United-States","large"
39,"Private","HS-grad","Married-civ-spouse","Adm-clerical","Wife","White","Female",0,0,40,"United-States","large"
41,"Private","Some-college","Married-civ-spouse","Craft-repair","Husband","White","Male",0,0,48,"United-States","large"
36,"Private","HS-grad","Married-civ-spouse","Machine-op-inspct","Husband","White","Male",0,0,40,"United-States","small"
51,"Private","Assoc-acdm","Married-civ-spouse","Craft-repair","Husband","White","Male",0,0,45,"United-States","large"
22,"Private","HS-grad","Never-married","Other-service","Not-in-family","White","Female",0,0,40,"United-States","small"
34,"Private","Some-college","Married-civ-spouse","Craft-repair","Husband","White","Male",0,0,48,"United-States","large"
28,"Private","Bachelors","Never-married","Sales","Other-relative","White","Female",0,0,45,"United-States","small"
60,"Private","HS-grad","Divorced","Other-service","Not-in-family","White","Female",0,0,40,"United-States","small"
27,"Private","Assoc-acdm","Never-married","Sales","Not-in-family","White","Male",0,0,42,"United-States","small"
32,"Private","Some-college","Married-civ-spouse","Prof-specialty","Husband","White","Male",0,0,40,"United-States","small"
21,"Private","Some-college","Never-married","Adm-clerical","Not-in-family","White","Female",0,0,20,"United-States","small"
51,"Local-gov","Doctorate","Married-civ-spouse","Prof-specialty","Husband","White","Male",0,1887,40,"United-States","large"
43,"Private","Some-college","Divorced","Adm-clerical","Unmarried","White","Female",0,0,40,"United-States","small"
70,"Self-emp-not-inc","Prof-school","Married-civ-spouse","Prof-specialty","Husband","White","Male",0,0,25,"United-States","small"
51,"Private","Some-college","Married-civ-spouse","Craft-repair","Husband","White","Male",0,0,60,"United-States","large"
35,"Private","Bachelors","Married-civ-spouse","Handlers-cleaners","Husband","White","Male",7298,0,35,"United-States","large"
35,"Private","HS-grad","Divorced","Sales","Unmarried","White","Female",0,0,40,"United-States","small"
55,"Private","HS-grad","Married-civ-spouse","Craft-repair","Husband","White","Male",0,0,40,"United-States","small"
38,"Private","Some-college","Married-civ-spouse","Machine-op-inspct","Husband","White","Male",0,0,60,"United-States","small"
38,"Private","11th","Married-civ-spouse","Craft-repair","Husband","White","Male",0,0,40,"United-States","small"
29,"Private","Masters","Married-civ-spouse","Sales","Husband","White","Male",7298,0,40,"United-States","large"
35,"Private","10th","Never-married","Other-service","Unmarried","Black","Female",0,0,38,"United-States","small"
55,"Private","HS-grad","Married-civ-spouse","Craft-repair","Husband","White","Male",0,0,40,"United-States","large"
50,"Private","HS-grad","Divorced","Sales","Unmarried","White","Female",0,0,45,"United-States","small"
45,"Local-gov","HS-grad","Divorced","Other-service","Own-child","Black","Female",0,0,40,"United-States","small"
46,"Federal-gov","11th","Widowed","Adm-clerical","Not-in-family","White","Female",0,0,40,"United-States","small"
24,"Private","HS-grad","Never-married","Adm-clerical","Own-child","White","Female",0,0,40,"United-States","small"
46,"Local-gov","Bachelors","Married-civ-spouse","Prof-specialty","Husband","White","Male",0,0,38,"United-States","large"
45,"Local-gov","Masters","Divorced","Prof-specialty","Own-child","White","Female",0,0,55,"United-States","small"
43,"Private","Some-college","Married-civ-spouse","Transport-moving","Husband","White","Male",0,0,60,"United-States","large"
43,"Private","Some-college","Married-civ-spouse","Other-service","Wife","White","Female",0,0,20,"England","large"
46,"Local-gov","Prof-school","Married-civ-spouse","Prof-specialty","Husband","Asian-Pac-Islander","Male",0,0,40,"Philippines","large"
32,"Private","Masters","Married-civ-spouse","Exec-managerial","Husband","White","Male",0,0,40,"United-States","large"
58,"Private","HS-grad","Widowed","Adm-clerical","Unmarried","White","Female",0,0,40,"United-States","small"
45,"Self-emp-inc","Some-college","Married-civ-spouse","Exec-managerial","Husband","White","Male",0,0,50,"United-States","large"
24,"Private","HS-grad","Never-married","Handlers-cleaners","Not-in-family","White","Male",0,0,40,"United-States","small"
39,"Private","Some-college","Married-civ-spouse","Other-service","Wife","White","Female",0,0,15,"United-States","small"
33,"Self-emp-inc","Assoc-acdm","Married-civ-spouse","Exec-managerial","Husband","White","Male",0,1887,60,"United-States","large"
35,"State-gov","HS-grad","Married-civ-spouse","Craft-repair","Husband","White","Male",0,1651,40,"United-States","small"
25,"Private","Bachelors","Never-married","Adm-clerical","Own-child","White","Female",0,0,40,"United-States","small"
33,"Private","Bachelors","Separated","Prof-specialty","Other-relative","Black","Female",0,0,40,"Jamaica","small"
38,"Private","HS-grad","Divorced","Adm-clerical","Not-in-family","White","Female",0,0,35,"United-States","small"
40,"Self-emp-not-inc","HS-grad","Married-civ-spouse","Craft-repair","Husband","White","Male",0,0,50,"United-States","large"
49,"Self-emp-inc","HS-grad","Divorced","Exec-managerial","Unmarried","White","Female",0,0,40,"United-States","small"
60,"Self-emp-not-inc","HS-grad","Married-civ-spouse","Craft-repair","Husband","White","Male",0,0,30,"United-States","small"
42,"Self-emp-not-inc","Assoc-voc","Married-civ-spouse","Exec-managerial","Husband","White","Male",0,0,60,"United-States","small"
25,"Self-emp-not-inc","HS-grad","Married-civ-spouse","Craft-repair","Husband","White","Male",7298,0,40,"United-States","large"
47,"Private","Masters","Divorced","Prof-specialty","Not-in-family","White","Female",0,0,40,"United-States","small"
45,"Federal-gov","Some-college","Married-civ-spouse","Prof-specialty","Husband","White","Male",0,0,40,"United-States","large"
48,"Private","10th","Divorced","Sales","Not-in-family","White","Female",0,0,38,"United-States","small"
19,"State-gov","12th","Never-married","Transport-moving","Own-child","Black","Male",0,0,20,"United-States","small"
32,"Self-emp-inc","Some-college","Never-married","Exec-managerial","Not-in-family","White","Male",0,0,70,"Cuba","small"
30,"Private","Some-college","Divorced","Tech-support","Own-child","White","Female",0,0,40,"United-States","small"
34,"Self-emp-not-inc","Bachelors","Never-married","Prof-specialty","Not-in-family","White","Female",0,0,55,"United-States","large"
37,"Private","HS-grad","Married-civ-spouse","Exec-managerial","Husband","White","Male",0,0,60,"United-States","large"
31,"Private","Some-college","Never-married","Adm-clerical","Not-in-family","White","Male",0,0,40,"United-States","small"
25,"Private","10th","Married-civ-spouse","Protective-serv","Wife","Black","Female",0,0,50,"United-States","small"
33,"Private","Bachelors","Married-spouse-absent","Other-service","Unmarried","White","Female",0,0,24,"United-States","small"
27,"Private","Some-college","Married-civ-spouse","Machine-op-inspct","Husband","White","Male",0,0,40,"United-States","small"
18,"Private","12th","Never-married","Other-service","Own-child","White","Male",0,0,25,"United-States","small"
32,"Self-emp-not-inc","HS-grad","Never-married","Craft-repair","Not-in-family","White","Male",0,0,40,"United-States","small"
30,"Private","Some-college","Never-married","Prof-specialty","Own-child","White","Male",3325,0,50,"United-States","small"
62,"Private","5th-6th","Married-civ-spouse","Farming-fishing","Husband","Asian-Pac-Islander","Male",0,0,40,"Philippines","small"
43,"Private","Masters","Never-married","Tech-support","Not-in-family","White","Female",0,0,40,"United-States","small"
29,"Private","HS-grad","Married-civ-spouse","Craft-repair","Husband","Asian-Pac-Islander","Male",0,0,40,"United-States","small"
39,"Private","12th","Never-married","Handlers-cleaners","Not-in-family","White","Male",0,0,40,"United-States","small"
41,"Private","HS-grad","Married-civ-spouse","Prof-specialty","Husband","White","Male",7688,0,43,"United-States","large"
33,"Private","Bachelors","Divorced","Prof-specialty","Unmarried","White","Female",914,0,40,"Germany","small"
52,"Local-gov","10th","Married-civ-spouse","Craft-repair","Husband","White","Male",5013,0,40,"United-States","small"
31,"Private","Some-college","Married-civ-spouse","Exec-managerial","Own-child","White","Male",0,0,50,"United-States","small"
63,"Local-gov","Bachelors","Married-civ-spouse","Transport-moving","Husband","White","Male",0,0,40,"Cuba","small"
55,"Private","HS-grad","Divorced","Transport-moving","Not-in-family","White","Male",0,0,40,"United-States","small"
59,"Private","HS-grad","Divorced","Machine-op-inspct","Not-in-family","White","Male",0,0,40,"United-States","small"
30,"Private","HS-grad","Never-married","Exec-managerial","Not-in-family","White","Male",0,1876,45,"United-States","small"
53,"Self-emp-not-inc","9th","Married-civ-spouse","Farming-fishing","Husband","White","Male",0,0,70,"United-States","small"
29,"Private","HS-grad","Married-civ-spouse","Craft-repair","Husband","White","Male",0,0,55,"United-States","small"
32,"Private","Assoc-voc","Divorced","Exec-managerial","Not-in-family","White","Female",0,0,50,"United-States","small"
26,"Private","5th-6th","Never-married","Transport-moving","Not-in-family","White","Male",0,0,40,"Columbia","small"
60,"Private","Doctorate","Never-married","Prof-specialty","Not-in-family","White","Female",0,0,65,"United-States","large"
36,"Private","HS-grad","Widowed","Other-service","Unmarried","White","Female",0,0,24,"United-States","small"
26,"Private","Bachelors","Never-married","Adm-clerical","Own-child","Asian-Pac-Islander","Female",0,0,40,"Thailand","small"
25,"Private","HS-grad","Married-civ-spouse","Other-service","Wife","White","Female",0,0,25,"Mexico","small"
43,"Private","Assoc-acdm","Divorced","Craft-repair","Not-in-family","White","Male",0,0,40,"United-States","small"
32,"Private","Bachelors","Married-civ-spouse","Sales","Husband","White","Male",0,1902,40,"United-States","large"
28,"Private","Bachelors","Married-civ-spouse","Prof-specialty","Husband","White","Male",0,0,40,"United-States","small"
36,"Private","HS-grad","Divorced","Adm-clerical","Unmarried","White","Female",0,0,40,"United-States","small"
42,"Self-emp-not-inc","HS-grad","Married-civ-spouse","Farming-fishing","Husband","White","Male",0,0,15,"United-States","small"
45,"Private","Bachelors","Married-civ-spouse","Exec-managerial","Husband","White","Male",7688,0,50,"United-States","large"
22,"Private","HS-grad","Never-married","Farming-fishing","Own-child","White","Male",0,0,40,"United-States","small"
31,"Private","Some-college","Never-married","Exec-managerial","Own-child","White","Male",0,0,40,"United-States","small"
34,"Private","HS-grad","Married-civ-spouse","Exec-managerial","Husband","White","Male",0,0,60,"United-States","large"
21,"Private","Some-college","Never-married","Other-service","Own-child","White","Male",0,0,15,"United-States","small"
34,"Private","HS-grad","Never-married","Other-service","Unmarried","Black","Female",0,0,35,"United-States","small"
73,"Private","HS-grad","Married-civ-spouse","Other-service","Husband","White","Male",0,0,30,"United-States","small"
45,"Private","Some-college","Married-civ-spouse","Other-service","Husband","White","Male",0,0,40,"United-States","small"
36,"Private","Some-college","Widowed","Prof-specialty","Own-child","White","Female",0,0,40,"United-States","small"
44,"State-gov","Some-college","Married-civ-spouse","Exec-managerial","Husband","White","Male",3411,0,40,"United-States","small"
45,"Private","Some-college","Married-civ-spouse","Transport-moving","Husband","White","Male",7298,0,50,"United-States","large"
20,"Private","Assoc-acdm","Never-married","Sales","Own-child","White","Female",0,0,40,"United-States","small"
59,"Private","HS-grad","Married-civ-spouse","Craft-repair","Husband","White","Male",0,0,40,"United-States","large"
34,"Private","Some-college","Married-civ-spouse","Sales","Husband","White","Male",0,0,55,"United-States","large"
56,"Private","HS-grad","Married-civ-spouse","Other-service","Husband","White","Male",0,0,50,"Yugoslavia","small"
47,"Private","Assoc-acdm","Married-civ-spouse","Prof-specialty","Wife","Black","Female",15024,0,40,"United-States","large"
21,"Private","Some-college","Never-married","Other-service","Own-child","White","Female",0,0,30,"United-States","small"
22,"Private","Bachelors","Never-married","Exec-managerial","Own-child","White","Female",0,0,30,"United-States","small"
56,"Private","5th-6th","Separated","Machine-op-inspct","Not-in-family","White","Male",0,0,40,"United-States","small"
52,"Self-emp-inc","HS-grad","Divorced","Exec-managerial","Unmarried","White","Male",0,0,38,"United-States","small"
55,"Private","HS-grad","Married-civ-spouse","Exec-managerial","Wife","White","Female",0,0,30,"United-States","large"
24,"Private","Some-college","Never-married","Sales","Own-child","White","Male",0,0,10,"Greece","small"
57,"Private","1st-4th","Married-civ-spouse","Other-service","Husband","Other","Male",0,0,40,"Dominican-Republic","small"
25,"Private","Assoc-acdm","Never-married","Craft-repair","Not-in-family","White","Male",0,0,45,"United-States","small"
35,"Self-emp-not-inc","Assoc-acdm","Married-civ-spouse","Craft-repair","Husband","White","Male",0,0,40,"United-States","small"
37,"Private","HS-grad","Never-married","Adm-clerical","Not-in-family","White","Male",0,0,40,"United-States","small"
62,"Self-emp-not-inc","Bachelors","Married-civ-spouse","Prof-specialty","Husband","White","Male",0,0,60,"United-States","large"
27,"Federal-gov","Bachelors","Never-married","Protective-serv","Not-in-family","White","Female",0,0,35,"United-States","small"
34,"Self-emp-not-inc","Some-college","Divorced","Adm-clerical","Unmarried","White","Female",0,0,50,"United-States","small"
20,"Private","Some-college","Never-married","Handlers-cleaners","Other-relative","White","Male",0,0,20,"United-States","small"
42,"Private","Some-college","Separated","Machine-op-inspct","Unmarried","Black","Female",0,0,40,"United-States","small"
29,"Private","Bachelors","Married-civ-spouse","Tech-support","Husband","White","Male",0,0,40,"United-States","small"
60,"Self-emp-not-inc","Some-college","Married-civ-spouse","Farming-fishing","Husband","White","Male",0,0,15,"United-States","small"
37,"Federal-gov","Masters","Never-married","Exec-managerial","Own-child","White","Female",0,0,40,"United-States","small"
22,"Private","10th","Never-married","Other-service","Own-child","White","Female",0,0,40,"United-States","small"
36,"Local-gov","Some-college","Married-civ-spouse","Craft-repair","Husband","White","Male",0,0,40,"United-States","small"
45,"Private","HS-grad","Married-civ-spouse","Transport-moving","Husband","White","Male",0,0,45,"United-States","small"
21,"Private","HS-grad","Never-married","Exec-managerial","Own-child","White","Female",0,0,40,"United-States","small"
70,"Private","HS-grad","Married-civ-spouse","Adm-clerical","Wife","White","Female",0,0,5,"United-States","small"
70,"Private","Some-college","Widowed","Sales","Not-in-family","White","Female",0,0,34,"United-States","small"
27,"Private","HS-grad","Never-married","Sales","Other-relative","Black","Female",0,0,32,"Dominican-Republic","small"
33,"Self-emp-not-inc","HS-grad","Married-civ-spouse","Transport-moving","Husband","White","Male",0,0,60,"United-States","small"
38,"Federal-gov","Masters","Married-civ-spouse","Prof-specialty","Husband","White","Male",0,0,40,"Iran","large"
29,"Private","Some-college","Married-civ-spouse","Adm-clerical","Husband","Amer-Indian-Eskimo","Male",0,0,40,"United-States","small"
22,"Federal-gov","Assoc-acdm","Never-married","Other-service","Own-child","White","Male",0,0,20,"United-States","small"
54,"Private","Some-college","Married-civ-spouse","Exec-managerial","Husband","White","Male",0,0,48,"United-States","large"
53,"Private","Bachelors","Never-married","Other-service","Not-in-family","White","Male",0,0,40,"Canada","small"
26,"Private","Some-college","Never-married","Exec-managerial","Own-child","Black","Female",0,0,40,"United-States","small"
61,"Private","HS-grad","Married-civ-spouse","Craft-repair","Husband","White","Male",0,0,40,"United-States","small"
30,"State-gov","HS-grad","Married-civ-spouse","Adm-clerical","Husband","White","Male",0,1902,40,"United-States","small"
62,"Private","HS-grad","Married-civ-spouse","Sales","Wife","White","Female",0,0,16,"United-States","small"
33,"Private","11th","Never-married","Sales","Not-in-family","White","Female",0,0,40,"United-States","small"
23,"Private","Bachelors","Never-married","Prof-specialty","Own-child","White","Male",0,0,40,"United-States","small"
58,"Local-gov","Masters","Married-civ-spouse","Prof-specialty","Husband","White","Male",0,0,40,"United-States","large"
26,"Private","Bachelors","Never-married","Exec-managerial","Not-in-family","White","Female",0,0,50,"United-States","small"
30,"Self-emp-not-inc","Assoc-acdm","Never-married","Craft-repair","Own-child","White","Male",0,0,40,"United-States","small"
38,"Private","Bachelors","Married-civ-spouse","Other-service","Husband","White","Male",0,0,35,"Mexico","small"
26,"Private","Some-college","Married-civ-spouse","Sales","Husband","White","Male",0,0,40,"United-States","small"
43,"Private","Some-college","Married-civ-spouse","Transport-moving","Husband","White","Male",0,0,60,"United-States","large"
47,"Private","Some-college","Married-civ-spouse","Exec-managerial","Husband","White","Male",0,0,45,"United-States","small"
64,"Private","HS-grad","Married-civ-spouse","Exec-managerial","Husband","White","Male",0,0,20,"United-States","small"
43,"State-gov","HS-grad","Divorced","Exec-managerial","Unmarried","White","Female",0,0,40,"United-States","small"
28,"Private","HS-grad","Married-civ-spouse","Sales","Husband","White","Male",0,0,40,"United-States","small"
23,"Self-emp-not-inc","Some-college","Divorced","Adm-clerical","Own-child","White","Male",0,0,40,"United-States","small"
32,"Private","Some-college","Separated","Tech-support","Unmarried","Black","Female",3887,0,40,"United-States","small"
48,"Private","Some-college","Widowed","Adm-clerical","Unmarried","White","Female",0,0,43,"United-States","small"
53,"State-gov","Masters","Divorced","Prof-specialty","Not-in-family","White","Female",0,0,40,"United-States","small"
56,"Private","HS-grad","Divorced","Prof-specialty","Not-in-family","White","Female",4101,0,40,"United-States","small"
31,"Private","Bachelors","Married-civ-spouse","Adm-clerical","Wife","White","Female",0,0,40,"United-States","large"
25,"Private","HS-grad","Never-married","Other-service","Not-in-family","Black","Female",0,0,40,"United-States","small"
23,"Private","Some-college","Never-married","Adm-clerical","Not-in-family","White","Female",0,0,8,"United-States","small"
51,"Private","Masters","Married-civ-spouse","Exec-managerial","Husband","White","Male",0,1977,50,"United-States","large"
26,"Self-emp-not-inc","HS-grad","Married-civ-spouse","Exec-managerial","Husband","White","Male",0,0,40,"Outlying-US(Guam-USVI-etc)","small"
32,"Local-gov","HS-grad","Married-civ-spouse","Protective-serv","Husband","White","Male",0,0,43,"United-States","small"
62,"Private","Some-college","Married-civ-spouse","Sales","Husband","White","Male",0,0,40,"United-States","large"
54,"Self-emp-not-inc","Some-college","Married-civ-spouse","Craft-repair","Husband","White","Male",0,1579,48,"United-States","small"
29,"Private","Bachelors","Never-married","Exec-managerial","Not-in-family","White","Female",0,0,40,"United-States","small"
17,"Private","10th","Never-married","Other-service","Own-child","White","Female",0,0,10,"United-States","small"
55,"Self-emp-not-inc","Some-college","Married-civ-spouse","Transport-moving","Husband","White","Male",0,0,99,"United-States","small"
71,"Private","Bachelors","Never-married","Craft-repair","Not-in-family","White","Male",11678,0,45,"United-States","large"
32,"Private","HS-grad","Never-married","Farming-fishing","Not-in-family","White","Male",0,0,35,"United-States","small"
21,"Private","Some-college","Never-married","Other-service","Other-relative","White","Female",0,0,30,"United-States","small"
40,"Self-emp-inc","Assoc-acdm","Married-civ-spouse","Exec-managerial","Wife","White","Female",0,0,40,"United-States","large"
20,"Private","HS-grad","Never-married","Sales","Other-relative","White","Male",0,0,60,"United-States","small"
36,"Local-gov","Assoc-voc","Married-civ-spouse","Protective-serv","Husband","White","Male",0,0,53,"United-States","large"
30,"Federal-gov","Some-college","Never-married","Adm-clerical","Own-child","Black","Female",0,0,40,"United-States","small"
44,"Private","7th-8th","Married-civ-spouse","Transport-moving","Husband","White","Male",0,0,80,"United-States","large"
19,"Private","Some-college","Never-married","Sales","Own-child","White","Female",0,0,20,"United-States","small"
43,"Local-gov","Assoc-voc","Never-married","Adm-clerical","Not-in-family","White","Female",0,0,35,"United-States","small"
45,"Private","10th","Divorced","Other-service","Unmarried","Black","Female",0,0,40,"United-States","small"
61,"Local-gov","Masters","Divorced","Prof-specialty","Not-in-family","White","Female",0,0,70,"United-States","small"
66,"State-gov","HS-grad","Widowed","Prof-specialty","Unmarried","Black","Female",0,0,35,"United-States","small"
47,"Private","11th","Divorced","Other-service","Unmarried","Black","Female",0,0,40,"United-States","small"
62,"Private","HS-grad","Married-civ-spouse","Transport-moving","Husband","White","Male",0,1977,60,"United-States","large"
60,"Private","HS-grad","Divorced","Other-service","Unmarried","White","Female",0,0,38,"United-States","small"
42,"Local-gov","Some-college","Never-married","Prof-specialty","Not-in-family","White","Female",0,1340,40,"United-States","small"
34,"Private","Masters","Married-civ-spouse","Exec-managerial","Husband","White","Male",0,0,40,"United-States","large"
37,"Private","Some-college","Divorced","Exec-managerial","Not-in-family","Asian-Pac-Islander","Female",0,0,40,"Japan","large"
33,"State-gov","HS-grad","Divorced","Adm-clerical","Not-in-family","White","Male",0,0,40,"United-States","small"
28,"Private","Some-college","Never-married","Adm-clerical","Unmarried","Black","Female",0,0,40,"United-States","small"
44,"Private","Bachelors","Married-civ-spouse","Tech-support","Wife","White","Female",0,0,20,"United-States","large"
39,"Private","HS-grad","Married-civ-spouse","Craft-repair","Husband","White","Male",0,0,40,"United-States","small"
40,"Self-emp-inc","Masters","Married-civ-spouse","Sales","Husband","White","Male",0,0,70,"United-States","large"
30,"State-gov","HS-grad","Never-married","Sales","Unmarried","Black","Female",0,0,40,"United-States","small"
54,"Private","HS-grad","Married-civ-spouse","Craft-repair","Husband","White","Male",0,0,48,"United-States","large"
36,"Private","Bachelors","Married-civ-spouse","Prof-specialty","Husband","White","Male",0,0,48,"United-States","large"
38,"Private","1st-4th","Married-civ-spouse","Handlers-cleaners","Husband","White","Male",0,0,40,"Mexico","small"
20,"Private","Some-college","Never-married","Handlers-cleaners","Not-in-family","White","Male",0,0,30,"United-States","small"
45,"Private","HS-grad","Divorced","Adm-clerical","Unmarried","White","Female",0,0,40,"United-States","small"
22,"Private","Some-college","Never-married","Sales","Unmarried","White","Female",0,0,32,"United-States","small"
17,"Private","HS-grad","Never-married","Farming-fishing","Own-child","Black","Male",0,0,40,"United-States","small"
42,"Private","Bachelors","Married-civ-spouse","Prof-specialty","Husband","White","Male",99999,0,40,"United-States","large"
21,"Private","HS-grad","Never-married","Machine-op-inspct","Not-in-family","White","Male",0,0,50,"United-States","small"
31,"Self-emp-inc","HS-grad","Never-married","Craft-repair","Not-in-family","White","Male",0,0,45,"United-States","small"
17,"Private","11th","Never-married","Sales","Own-child","White","Female",0,0,20,"United-States","small"
55,"Private","Bachelors","Married-civ-spouse","Prof-specialty","Husband","White","Male",0,0,60,"United-States","large"
18,"Private","11th","Never-married","Sales","Other-relative","Amer-Indian-Eskimo","Female",0,0,25,"United-States","small"
28,"Federal-gov","Bachelors","Never-married","Prof-specialty","Not-in-family","White","Male",0,0,50,"United-States","small"
38,"Private","Bachelors","Married-civ-spouse","Sales","Husband","White","Male",0,0,40,"United-States","large"
53,"Local-gov","HS-grad","Married-civ-spouse","Exec-managerial","Husband","Amer-Indian-Eskimo","Male",0,0,48,"United-States","small"
29,"Private","HS-grad","Never-married","Other-service","Not-in-family","White","Female",0,0,38,"United-States","small"
52,"Local-gov","Masters","Never-married","Prof-specialty","Not-in-family","White","Male",0,0,32,"United-States","large"
58,"Self-emp-not-inc","HS-grad","Married-civ-spouse","Exec-managerial","Husband","White","Male",0,0,40,"United-States","large"
46,"Private","HS-grad","Never-married","Sales","Not-in-family","White","Female",0,0,40,"United-States","small"
34,"Private","Some-college","Divorced","Exec-managerial","Not-in-family","White","Male",0,0,50,"United-States","small"
27,"State-gov","Masters","Never-married","Exec-managerial","Not-in-family","White","Male",0,0,40,"Scotland","small"
64,"Local-gov","Some-college","Never-married","Transport-moving","Unmarried","White","Male",0,0,40,"United-States","small"
47,"Private","Bachelors","Divorced","Sales","Unmarried","White","Female",0,0,50,"United-States","small"
22,"Private","7th-8th","Never-married","Other-service","Unmarried","White","Female",0,0,40,"Mexico","small"
54,"Local-gov","Bachelors","Married-civ-spouse","Exec-managerial","Husband","White","Male",0,0,40,"United-States","small"
38,"Private","HS-grad","Married-civ-spouse","Craft-repair","Husband","White","Male",0,0,50,"United-States","small"
